==> Coverage for workspace (excluding non-instrumented crates)
info: cargo-llvm-cov currently setting cfg(coverage) and cfg(coverage_nightly); you can opt-out it by passing --no-cfg-coverage and --no-cfg-coverage-nightly
warning: in config file .config/nextest.toml, ignoring unknown configuration key: env
    Finished `test` profile [unoptimized + debuginfo] target(s) in 1m 05s
────────────
 Nextest run ID 8e89d531-4d27-4fe0-80cd-9f64f2930088 with nextest profile: default
    Starting 4367 tests across 20 binaries
        PASS [   0.012s] (   1/4367) postcss_value_parser parse::tests::a_cut_on_a_character_boundary_takes_the_cheap_path
        PASS [   0.013s] (   2/4367) postcss_value_parser tests::parity::an_override_replaces_the_same_nodes
        PASS [   0.013s] (   3/4367) postcss_value_parser parse::tests::bounds_outside_the_buffer_clamp_instead_of_panicking
        PASS [   0.013s] (   4/4367) postcss_value_parser tests::parity::an_override_sees_a_function_before_its_arguments
        PASS [   0.013s] (   5/4367) postcss_value_parser tests::parity::an_override_is_consulted_left_to_right
        PASS [   0.013s] (   6/4367) postcss_value_parser tests::parity::serializes_every_value_into_the_same_text
        PASS [   0.015s] (   7/4367) postcss_value_parser tests::parity::splits_every_word_into_the_same_number_and_unit
        PASS [   0.016s] (   8/4367) postcss_value_parser parse::tests::a_cut_inside_a_character_is_replaced_rather_than_fatal
        PASS [   0.016s] (   9/4367) postcss_value_parser tests::parity::round_trips_every_value_byte_for_byte
        PASS [   0.018s] (  10/4367) postcss_value_parser tests::parity::parses_every_value_into_the_same_tree
        PASS [   0.010s] (  11/4367) postcss_value_parser tests::properties::a_node_list_is_restructured_outside_the_walk
        PASS [   0.011s] (  12/4367) postcss_value_parser tests::properties::a_quoted_url_body_stays_a_string
        PASS [   0.011s] (  13/4367) postcss_value_parser tests::properties::a_bubbling_walk_visits_children_first_and_ignores_the_answer
        PASS [   0.012s] (  14/4367) postcss_value_parser tests::parity::survives_values_at_the_sizes_where_scanning_stops_being_about_css
        PASS [   0.014s] (  15/4367) postcss_value_parser tests::properties::a_function_with_no_child_list_serializes_as_its_name
        PASS [   0.013s] (  16/4367) postcss_value_parser tests::properties::a_string_keeps_its_own_quote_and_its_own_bytes
        PASS [   0.010s] (  17/4367) postcss_value_parser tests::properties::a_url_body_is_one_word_however_much_css_syntax_it_contains
        PASS [   0.013s] (  18/4367) postcss_value_parser tests::properties::a_unicode_range_is_not_a_word_followed_by_a_signed_number
        PASS [   0.013s] (  19/4367) postcss_value_parser tests::properties::a_string_with_no_quote_serializes_as_its_contents
        PASS [   0.018s] (  20/4367) postcss_value_parser tests::parity::the_entry_point_parses_and_serializes_like_its_parts
        PASS [   0.011s] (  21/4367) postcss_value_parser tests::properties::a_walk_can_rewrite_the_tree_it_is_walking
        PASS [   0.010s] (  22/4367) postcss_value_parser tests::properties::a_walk_that_does_nothing_changes_nothing
        PASS [   0.011s] (  23/4367) postcss_value_parser tests::properties::a_walk_that_declines_a_function_does_not_enter_it
        PASS [   0.016s] (  24/4367) postcss_value_parser tests::properties::a_walk_visits_nested_nodes_with_sibling_indices
        PASS [   0.013s] (  25/4367) postcss_value_parser tests::properties::an_empty_value_parses_to_no_nodes
        PASS [   0.012s] (  26/4367) postcss_value_parser tests::properties::deeply_nested_functions_parse_serialize_and_walk
        PASS [   0.013s] (  27/4367) postcss_value_parser tests::properties::deeply_nested_unclosed_functions_are_all_flagged
        PASS [   0.018s] (  28/4367) postcss_value_parser tests::properties::an_override_reaches_nested_nodes_and_may_decline
        PASS [   0.012s] (  29/4367) postcss_value_parser tests::properties::every_span_runs_forward_and_ends_within_a_byte_of_the_input
        PASS [   0.012s] (  30/4367) postcss_value_parser tests::properties::offsets_count_bytes_through_multi_byte_characters
        PASS [   0.012s] (  31/4367) postcss_value_parser tests::properties::re_kinding_a_function_mid_walk_stops_the_walk_entering_it
        PASS [   0.013s] (  32/4367) postcss_value_parser tests::properties::only_an_invented_quote_and_a_trailing_backslash_reach_past_the_input
        PASS [   0.014s] (  33/4367) postcss_value_parser tests::properties::one_node_and_a_list_of_it_spell_out_the_same
        PASS [   0.028s] (  34/4367) postcss_value_parser tests::properties::a_word_that_does_not_start_with_a_number_has_no_split
        PASS [   0.030s] (  35/4367) postcss_value_parser tests::properties::every_function_starts_no_later_than_its_children
        PASS [   0.010s] (  36/4367) stylex_ast ast::tests::convertors_concat_edge_cases_test::concat_call_to_template_literal_returns_none_for_computed_prop
        PASS [   0.010s] (  37/4367) stylex_ast ast::tests::convertors_concat_edge_cases_test::concat_call_to_template_literal_returns_none_when_obj_is_non_string_lit
        PASS [   0.012s] (  38/4367) stylex_ast ast::tests::convertors_concat_edge_cases_test::concat_call_to_template_literal_returns_none_for_ident_callee
        PASS [   0.033s] (  39/4367) postcss_value_parser tests::properties::no_short_input_of_any_character_can_crash_it
        PASS [   0.021s] (  40/4367) postcss_value_parser tests::properties::what_ran_off_the_end_of_the_input_is_flagged_not_rejected
        PASS [   0.013s] (  41/4367) stylex_ast ast::tests::convertors_concat_edge_cases_test::concat_call_to_template_literal_returns_none_for_super_callee
        PASS [   0.010s] (  42/4367) stylex_ast ast::tests::convertors_concat_edge_cases_test::concat_call_to_template_literal_skips_spread_arguments
        PASS [   0.017s] (  43/4367) stylex_ast ast::tests::convertors_concat_edge_cases_test::concat_call_to_template_literal_returns_none_when_obj_is_not_lit
        PASS [   0.011s] (  44/4367) stylex_ast ast::tests::convertors_concat_edge_cases_test::convert_concat_to_tpl_expr_keeps_non_concat_calls
        PASS [   0.010s] (  45/4367) stylex_ast ast::tests::convertors_concat_edge_cases_test::convert_simple_tpl_to_str_expr_keeps_interpolated_templates
        PASS [   0.011s] (  46/4367) stylex_ast ast::tests::convertors_invalid_utf8_test::convert_atom_to_string_invalid_utf8_panics
        PASS [   0.011s] (  47/4367) stylex_ast ast::tests::convertors_invalid_utf8_test::convert_str_lit_to_string_invalid_utf8_panics
        PASS [   0.011s] (  48/4367) stylex_ast ast::tests::convertors_invalid_utf8_test::convert_str_lit_to_atom_invalid_utf8_panics
        PASS [   0.014s] (  49/4367) stylex_ast ast::tests::convertors_invalid_utf8_test::convert_atom_to_str_ref_invalid_utf8_panics
        PASS [   0.010s] (  50/4367) stylex_ast ast::tests::convertors_invalid_utf8_test::convert_wtf8_to_atom_invalid_utf8_panics
        PASS [   0.013s] (  51/4367) stylex_ast ast::tests::convertors_invalid_utf8_test::convert_tpl_to_string_lit_with_invalid_utf8_panics
        PASS [   0.038s] (  52/4367) postcss_value_parser tests::properties::very_long_values_are_scanned_whole
        PASS [   0.012s] (  53/4367) stylex_ast ast::tests::convertors_invalid_utf8_test::convert_tpl_to_string_lit_with_missing_cooked_panics
        PASS [   0.013s] (  54/4367) stylex_ast ast::tests::convertors_invalid_utf8_test::extract_tpl_cooked_value_invalid_utf8_panics
        PASS [   0.011s] (  55/4367) stylex_ast ast::tests::convertors_invalid_utf8_test::extract_tpl_cooked_value_missing_cooked_panics
        PASS [   0.011s] (  56/4367) stylex_ast ast::tests::convertors_key_value_test::empty_object_returns_empty_vec
        PASS [   0.012s] (  57/4367) stylex_ast ast::tests::convertors_key_value_test::expands_shorthand_props
        PASS [   0.014s] (  58/4367) stylex_ast ast::tests::convertors_key_value_test::extracts_key_value_props
        PASS [   0.011s] (  59/4367) stylex_ast ast::tests::convertors_key_value_test::key_computed_complex_template_panics
        PASS [   0.012s] (  60/4367) stylex_ast ast::tests::convertors_key_value_test::key_big_int_literal
        PASS [   0.012s] (  61/4367) stylex_ast ast::tests::convertors_key_value_test::key_computed_non_string_literal_panics
        PASS [   0.013s] (  62/4367) stylex_ast ast::tests::convertors_key_value_test::key_computed_non_lit_non_tpl_panics
        PASS [   0.010s] (  63/4367) stylex_ast ast::tests::convertors_key_value_test::key_computed_simple_template_literal
        PASS [   0.011s] (  64/4367) stylex_ast ast::tests::convertors_key_value_test::key_computed_string_literal
        PASS [   0.011s] (  65/4367) stylex_ast ast::tests::convertors_key_value_test::key_ident
        PASS [   0.011s] (  66/4367) stylex_ast ast::tests::convertors_key_value_test::key_number_literal
        PASS [   0.010s] (  67/4367) stylex_ast ast::tests::convertors_key_value_test::key_string_literal
        PASS [   0.016s] (  68/4367) stylex_ast ast::tests::convertors_key_value_test::key_computed_number_literal_via_to_string
        PASS [   0.010s] (  69/4367) stylex_ast ast::tests::convertors_key_value_test::spread_prop_panics
        PASS [   0.010s] (  70/4367) stylex_ast ast::tests::convertors_key_value_test::non_key_value_prop_panics
        PASS [   0.075s] (  71/4367) postcss_value_parser tests::properties::no_arrangement_of_the_characters_it_branches_on_can_crash_it
        PASS [   0.011s] (  72/4367) stylex_ast ast::tests::convertors_test::atom_utf16_length_counts_an_unpaired_surrogate
        PASS [   0.014s] (  73/4367) stylex_ast ast::tests::convertors_test::atom_utf16_length_agrees_across_both_readings
        PASS [   0.011s] (  74/4367) stylex_ast ast::tests::convertors_test::concat_call_to_template_literal_non_concat_returns_none
        PASS [   0.013s] (  75/4367) stylex_ast ast::tests::convertors_test::atom_utf16_length_counts_code_units
        PASS [   0.010s] (  76/4367) stylex_ast ast::tests::convertors_test::convert_concat_to_tpl_expr_passthrough_non_call
        PASS [   0.011s] (  77/4367) stylex_ast ast::tests::convertors_test::convert_atom_to_str_ref_valid
        PASS [   0.011s] (  78/4367) stylex_ast ast::tests::convertors_test::convert_atom_to_string_valid
        PASS [   0.012s] (  79/4367) stylex_ast ast::tests::convertors_test::convert_concat_to_tpl_expr_converts_concat_call
        PASS [   0.012s] (  80/4367) stylex_ast ast::tests::convertors_test::convert_lit_to_number_bool_false
        PASS [   0.011s] (  81/4367) stylex_ast ast::tests::convertors_test::convert_lit_to_number_null_returns_err
        PASS [   0.011s] (  82/4367) stylex_ast ast::tests::convertors_test::convert_lit_to_number_bool_true
        PASS [   0.012s] (  83/4367) stylex_ast ast::tests::convertors_test::convert_lit_to_number_names_the_literal_kind_it_refused
        PASS [   0.011s] (  84/4367) stylex_ast ast::tests::convertors_test::convert_lit_to_number_num
        PASS [   0.010s] (  85/4367) stylex_ast ast::tests::convertors_test::convert_lit_to_number_str_valid
        PASS [   0.010s] (  86/4367) stylex_ast ast::tests::convertors_test::convert_lit_to_string_null_returns_none
        PASS [   0.012s] (  87/4367) stylex_ast ast::tests::convertors_test::convert_lit_to_number_str_invalid
        PASS [   0.011s] (  88/4367) stylex_ast ast::tests::convertors_test::convert_lit_to_string_bigint
        PASS [   0.010s] (  89/4367) stylex_ast ast::tests::convertors_test::convert_lit_to_string_str
        PASS [   0.012s] (  90/4367) stylex_ast ast::tests::convertors_test::convert_lit_to_string_num
        PASS [   0.010s] (  91/4367) stylex_ast ast::tests::convertors_test::convert_member_prop_to_string_numeric_js_edge_values
        PASS [   0.012s] (  92/4367) stylex_ast ast::tests::convertors_test::convert_member_prop_to_string_ident_and_computed_str
        PASS [   0.012s] (  93/4367) stylex_ast ast::tests::convertors_test::convert_member_prop_to_string_bigint
        PASS [   0.010s] (  94/4367) stylex_ast ast::tests::convertors_test::convert_member_prop_to_string_numeric_renders_shortest_decimal
        PASS [   0.010s] (  95/4367) stylex_ast ast::tests::convertors_test::convert_member_prop_to_string_returns_none_for_non_literal_and_private
        PASS [   0.010s] (  96/4367) stylex_ast ast::tests::convertors_test::convert_member_prop_to_string_numeric_zero
        PASS [   0.011s] (  97/4367) stylex_ast ast::tests::convertors_test::convert_member_prop_to_string_unwraps_static_parens_and_templates
        PASS [   0.012s] (  98/4367) stylex_ast ast::tests::convertors_test::convert_member_prop_to_string_numeric_uses_parsed_value_not_raw
        PASS [   0.010s] (  99/4367) stylex_ast ast::tests::convertors_test::convert_simple_tpl_to_str_expr_passthrough_non_tpl
        PASS [   0.014s] ( 100/4367) stylex_ast ast::tests::convertors_test::convert_simple_tpl_to_str_expr_converts
        PASS [   0.010s] ( 101/4367) stylex_ast ast::tests::convertors_test::convert_str_lit_to_atom_valid
        PASS [   0.010s] ( 102/4367) stylex_ast ast::tests::convertors_test::convert_string_to_prop_name_simple_ident
        PASS [   0.010s] ( 103/4367) stylex_ast ast::tests::convertors_test::convert_str_lit_to_string_valid
        PASS [   0.012s] ( 104/4367) stylex_ast ast::tests::convertors_test::convert_string_to_prop_name_needs_quoting
        PASS [   0.012s] ( 105/4367) stylex_ast ast::tests::convertors_test::convert_tpl_to_string_lit_with_exprs_returns_none
        PASS [   0.010s] ( 106/4367) stylex_ast ast::tests::convertors_test::create_big_int_expr_produces_big_int_lit
        PASS [   0.011s] ( 107/4367) stylex_ast ast::tests::convertors_test::convert_wtf8_to_atom_valid
        PASS [   0.011s] ( 108/4367) stylex_ast ast::tests::convertors_test::create_bool_expr_produces_bool_lit
        PASS [   0.015s] ( 109/4367) stylex_ast ast::tests::convertors_test::convert_tpl_to_string_lit_simple
        PASS [   0.009s] ( 110/4367) stylex_ast ast::tests::convertors_test::create_number_expr_produces_num_lit
        PASS [   0.012s] ( 111/4367) stylex_ast ast::tests::convertors_test::create_ident_expr_produces_ident
        PASS [   0.012s] ( 112/4367) stylex_ast ast::tests::convertors_test::create_string_expr_produces_str_lit
        PASS [   0.013s] ( 113/4367) stylex_ast ast::tests::convertors_test::create_null_expr_produces_null
        PASS [   0.012s] ( 114/4367) stylex_ast ast::tests::convertors_test::expand_shorthand_prop_converts
        PASS [   0.010s] ( 115/4367) stylex_ast ast::tests::convertors_test::extract_str_lit_ref_num_returns_none
        PASS [   0.009s] ( 116/4367) stylex_ast ast::tests::convertors_test::extract_str_lit_ref_str
        PASS [   0.012s] ( 117/4367) stylex_ast ast::tests::convertors_test::expand_shorthand_prop_noop_for_kv
        PASS [   0.010s] ( 118/4367) stylex_ast ast::tests::convertors_test::extract_tpl_cooked_value_valid
        PASS [   0.010s] ( 119/4367) stylex_ast ast::tests::convertors_test::get_expr_from_var_decl_panics_without_initializer
        PASS [   0.012s] ( 120/4367) stylex_ast ast::tests::convertors_test::get_expr_from_var_decl_returns_initializer
        PASS [   0.011s] ( 121/4367) stylex_ast ast::tests::convertors_test::is_js_undefined_ignores_span_and_context
        PASS [   0.011s] ( 122/4367) stylex_ast ast::tests::convertors_test::normalize_expr_mut_allows_mutating_inner_expr
        PASS [   0.010s] ( 123/4367) stylex_ast ast::tests::convertors_test::normalize_expr_unwraps_nested_parens
        PASS [   0.013s] ( 124/4367) stylex_ast ast::tests::convertors_test::normalize_expr_handles_deeply_nested_parens_without_recursion
        PASS [   0.011s] ( 125/4367) stylex_ast ast::tests::convertors_test::normalize_expr_passthrough_non_paren
        PASS [   0.014s] ( 126/4367) stylex_ast ast::tests::convertors_test::is_js_undefined_recognises_only_the_exact_name
        PASS [   0.012s] ( 127/4367) stylex_ast ast::tests::factories_error_paths_test::create_boolean_prop_none_panics
        PASS [   0.011s] ( 128/4367) stylex_ast ast::tests::factories_test::create_array_expression_wraps_in_expr
        PASS [   0.013s] ( 129/4367) stylex_ast ast::tests::factories_test::create_array_and_spreaded_array
        PASS [   0.011s] ( 130/4367) stylex_ast ast::tests::factories_test::create_array_lit_empty
        PASS [   0.011s] ( 131/4367) stylex_ast ast::tests::factories_test::create_arrow_expression_works
        PASS [   0.011s] ( 132/4367) stylex_ast ast::tests::factories_test::create_binding_ident_works
        PASS [   0.011s] ( 133/4367) stylex_ast ast::tests::factories_test::create_big_int_lit_produces_bigint
        PASS [   0.010s] ( 134/4367) stylex_ast ast::tests::factories_test::create_boolean_lit_true
        PASS [   0.011s] ( 135/4367) stylex_ast ast::tests::factories_test::create_bin_expr_wraps_operands
        PASS [   0.011s] ( 136/4367) stylex_ast ast::tests::factories_test::create_boolean_lit_false
        PASS [   0.011s] ( 137/4367) stylex_ast ast::tests::factories_test::create_cond_expr_wraps_branches
        PASS [   0.011s] ( 138/4367) stylex_ast ast::tests::factories_test::create_boolean_prop_some
        PASS [   0.013s] ( 139/4367) stylex_ast ast::tests::factories_test::create_expr_or_spread_no_spread
        PASS [   0.011s] ( 140/4367) stylex_ast ast::tests::factories_test::create_ident_call_expr_works
        PASS [   0.012s] ( 141/4367) stylex_ast ast::tests::factories_test::create_ident_key_value_prop_works
        PASS [   0.011s] ( 142/4367) stylex_ast ast::tests::factories_test::create_ident_produces_ident
        PASS [   0.011s] ( 143/4367) stylex_ast ast::tests::factories_test::create_jsx_attr_or_spread_works
        PASS [   0.011s] ( 144/4367) stylex_ast ast::tests::factories_test::create_ident_name_works
        PASS [   0.011s] ( 145/4367) stylex_ast ast::tests::factories_test::create_jsx_attr_works
        PASS [   0.013s] ( 146/4367) stylex_ast ast::tests::factories_test::create_import_namespace_decl_works
        PASS [   0.011s] ( 147/4367) stylex_ast ast::tests::factories_test::create_jsx_spread_attr_works
        PASS [   0.012s] ( 148/4367) stylex_ast ast::tests::factories_test::create_key_value_prop_creates_prop
        PASS [   0.011s] ( 149/4367) stylex_ast ast::tests::factories_test::create_key_value_prop_ident_works
        PASS [   0.012s] ( 150/4367) stylex_ast ast::tests::factories_test::create_member_call_expr_works
        PASS [   0.013s] ( 151/4367) stylex_ast ast::tests::factories_test::create_nested_object_prop_works
        PASS [   0.010s] ( 152/4367) stylex_ast ast::tests::factories_test::create_null_var_declarator_works
        PASS [   0.010s] ( 153/4367) stylex_ast ast::tests::factories_test::create_number_expr_or_spread_creates
        PASS [   0.011s] ( 154/4367) stylex_ast ast::tests::factories_test::create_null_lit_produces_null
        PASS [   0.011s] ( 155/4367) stylex_ast ast::tests::factories_test::create_number_lit_produces_num
        PASS [   0.012s] ( 156/4367) stylex_ast ast::tests::factories_test::create_object_expression_wraps_in_expr
        PASS [   0.010s] ( 157/4367) stylex_ast ast::tests::factories_test::create_object_lit_empty
        PASS [   0.010s] ( 158/4367) stylex_ast ast::tests::factories_test::create_prop_from_name_works
        PASS [   0.012s] ( 159/4367) stylex_ast ast::tests::factories_test::create_spread_element_works
        PASS [   0.010s] ( 160/4367) stylex_ast ast::tests::factories_test::create_string_array_prop_creates_array
        PASS [   0.012s] ( 161/4367) stylex_ast ast::tests::factories_test::create_spread_prop_works
        PASS [   0.011s] ( 162/4367) stylex_ast ast::tests::factories_test::create_string_expr_or_spread_creates
        PASS [   0.011s] ( 163/4367) stylex_ast ast::tests::factories_test::create_string_key_value_prop_works
        PASS [   0.012s] ( 164/4367) stylex_ast ast::tests::factories_test::create_string_lit_produces_str
        PASS [   0.014s] ( 165/4367) stylex_ast ast::tests::factories_test::create_string_var_declarator_works
        PASS [   0.011s] ( 166/4367) stylex_ast ast::tests::factories_test::create_unary_expr_rebuilds_the_operator_and_its_operand
        PASS [   0.012s] ( 167/4367) stylex_ast ast::tests::factories_test::create_unary_expr_deep_clones_a_nested_operand
        PASS [   0.011s] ( 168/4367) stylex_ast ast::tests::factories_test::create_var_declarator_works
        PASS [   0.011s] ( 169/4367) stylex_ast ast::tests::factories_test::wrap_in_paren_ref_clones_and_wraps
        PASS [   0.011s] ( 170/4367) stylex_ast ast::tests::factories_test::wrap_in_paren_wraps_expression
        PASS [   0.011s] ( 171/4367) stylex_ast ast::tests::source_file_test::extract_filename_from_path_tests::returns_empty_string_for_anon
        PASS [   0.011s] ( 172/4367) stylex_ast ast::tests::source_file_test::extract_filename_from_path_tests::returns_stem_for_dotted_extension
        PASS [   0.010s] ( 173/4367) stylex_ast ast::tests::source_file_test::extract_filename_from_path_tests::returns_stem_for_no_extension
        PASS [   0.014s] ( 174/4367) stylex_ast ast::tests::source_file_test::extract_filename_from_path_tests::returns_stem_for_flat_path
        PASS [   0.011s] ( 175/4367) stylex_ast ast::tests::source_file_test::extract_filename_from_path_tests::returns_stem_for_simple_js_file
        PASS [   0.011s] ( 176/4367) stylex_ast ast::tests::source_file_test::extract_filename_with_ext_from_path_tests::returns_filename_with_ext_for_js
        PASS [   0.012s] ( 177/4367) stylex_ast ast::tests::source_file_test::extract_filename_with_ext_from_path_tests::returns_filename_with_double_ext
        PASS [   0.012s] ( 178/4367) stylex_ast ast::tests::source_file_test::extract_filename_from_path_tests::returns_stem_for_tsx_file
        PASS [   0.011s] ( 179/4367) stylex_ast ast::tests::source_file_test::extract_filename_with_ext_from_path_tests::returns_filename_without_directory
        PASS [   0.010s] ( 180/4367) stylex_ast ast::tests::source_file_test::extract_filename_with_ext_from_path_tests::returns_filename_without_extension
        PASS [   0.011s] ( 181/4367) stylex_ast ast::tests::source_file_test::extract_filename_with_ext_from_path_tests::returns_none_for_anon
        PASS [   0.011s] ( 182/4367) stylex_ast ast::tests::source_file_test::extract_path_tests::returns_full_path_for_real_file
        PASS [   0.012s] ( 183/4367) stylex_ast ast::tests::source_file_test::extract_path_tests::returns_empty_for_anon
        PASS [   0.010s] ( 184/4367) stylex_ast ast::tests::source_file_test::extract_path_tests::returns_relative_path
        PASS [   0.011s] ( 185/4367) stylex_atoms tests::transform_test::compile_dynamic_style_does_not_register_styles_without_property_hash
        PASS [   0.010s] ( 186/4367) stylex_atoms tests::transform_test::compile_dynamic_style_emits_identifier_members_for_dollar_and_underscore_properties
        PASS [   0.011s] ( 187/4367) stylex_atoms tests::transform_test::compile_dynamic_style_hoists_and_appends_property_rule
        PASS [   0.012s] ( 188/4367) stylex_atoms tests::transform_test::compile_dynamic_style_emits_computed_member_for_invalid_identifier_start
        PASS [   0.010s] ( 189/4367) stylex_atoms tests::transform_test::compile_dynamic_style_returns_none_when_not_evaluable
        PASS [   0.012s] ( 190/4367) stylex_atoms tests::transform_test::compile_dynamic_style_rejects_unsafe_computed_property_name
        PASS [   0.011s] ( 191/4367) stylex_atoms tests::transform_test::compile_dynamic_style_returns_none_without_property_hash
        PASS [   0.010s] ( 192/4367) stylex_atoms tests::transform_test::compile_dynamic_style_uses_verbatim_custom_property_name
        PASS [   0.011s] ( 193/4367) stylex_atoms tests::transform_test::compile_static_style_registers_and_returns_object
        PASS [   0.012s] ( 194/4367) stylex_atoms tests::transform_test::compile_dynamic_style_skips_marker_and_dev_class_keys
        PASS [   0.011s] ( 195/4367) stylex_atoms tests::transform_test::compile_static_style_returns_none_when_not_evaluable
        PASS [   0.010s] ( 196/4367) stylex_atoms tests::transform_test::convert_member_prop_to_string_numeric_renders_value_ignoring_raw
        PASS [   0.011s] ( 197/4367) stylex_atoms tests::transform_test::convert_member_prop_to_string_handles_ident_and_computed
        PASS [   0.011s] ( 198/4367) stylex_atoms tests::transform_test::convert_member_prop_to_string_numeric_renders_js_edge_values
        PASS [   0.010s] ( 199/4367) stylex_atoms tests::transform_test::get_dynamic_style_detects_single_arg_call
        PASS [   0.011s] ( 200/4367) stylex_atoms tests::transform_test::convert_member_prop_to_string_returns_none_for_computed_non_literal_and_private_name
        PASS [   0.013s] ( 201/4367) stylex_atoms tests::transform_test::get_dynamic_style_non_ident_non_member_object_returns_none
        PASS [   0.012s] ( 202/4367) stylex_atoms tests::transform_test::get_dynamic_style_requires_exactly_one_arg
        PASS [   0.009s] ( 203/4367) stylex_atoms tests::transform_test::get_dynamic_style_returns_none_for_super_callee
        PASS [   0.011s] ( 204/4367) stylex_atoms tests::transform_test::get_dynamic_style_returns_none_for_non_member_callee
        PASS [   0.009s] ( 205/4367) stylex_atoms tests::transform_test::get_dynamic_style_two_level_member
        PASS [   0.010s] ( 206/4367) stylex_atoms tests::transform_test::get_dynamic_style_returns_none_for_unkeyable_parent_prop
        PASS [   0.012s] ( 207/4367) stylex_atoms tests::transform_test::get_dynamic_style_returns_none_for_unkeyable_callee_prop
        PASS [   0.011s] ( 208/4367) stylex_atoms tests::transform_test::get_dynamic_style_two_level_non_atom_returns_none
        PASS [   0.011s] ( 209/4367) stylex_atoms tests::transform_test::get_static_style_computed_key_syntax
        PASS [   0.017s] ( 210/4367) stylex_atoms tests::transform_test::get_dynamic_style_returns_none_for_spread_arg
        PASS [   0.011s] ( 211/4367) stylex_atoms tests::transform_test::get_static_style_default_import_two_level
        PASS [   0.010s] ( 212/4367) stylex_atoms tests::transform_test::get_static_style_ignores_non_atom_identifier
        PASS [   0.010s] ( 213/4367) stylex_atoms tests::transform_test::get_static_style_named_import_single_level
        PASS [   0.009s] ( 214/4367) stylex_atoms tests::transform_test::get_static_style_namespace_single_level
        PASS [   0.013s] ( 215/4367) stylex_atoms tests::transform_test::get_static_style_leading_underscore_value
        PASS [   0.010s] ( 216/4367) stylex_atoms tests::transform_test::get_static_style_returns_none_for_unkeyable_parent_prop
        PASS [   0.012s] ( 217/4367) stylex_atoms tests::transform_test::get_static_style_non_member_non_ident_object_returns_none
        PASS [   0.010s] ( 218/4367) stylex_atoms tests::transform_test::get_static_style_returns_none_for_unkeyable_value_prop
        PASS [   0.011s] ( 219/4367) stylex_atoms tests::transform_test::import_lookup_uses_syntax_context
        PASS [   0.010s] ( 220/4367) stylex_atoms tests::transform_test::is_utility_styles_identifier_checks_imports
        PASS [   0.013s] ( 221/4367) stylex_atoms tests::transform_test::get_static_style_single_level_non_atom_returns_none
        PASS [   0.010s] ( 222/4367) stylex_atoms tests::transform_test::normalize_value_strips_single_leading_underscore
        PASS [   0.010s] ( 223/4367) stylex_atoms tests::transform_test::visitor_compiles_atoms_nested_in_computed_callee_keys
        PASS [   0.012s] ( 224/4367) stylex_atoms tests::transform_test::visitor_compiles_dynamic_atom_call
        PASS [   0.011s] ( 225/4367) stylex_atoms tests::transform_test::visitor_compiles_static_atom_member
        PASS [   0.010s] ( 226/4367) stylex_atoms tests::transform_test::visitor_leaves_non_atom_member_untouched
        PASS [   0.011s] ( 227/4367) stylex_atoms tests::transform_test::visitor_leaves_bad_arity_two_level_atom_callee_untouched
        PASS [   0.012s] ( 228/4367) stylex_atoms tests::transform_test::visitor_leaves_non_evaluable_atom_untouched
        PASS [   0.012s] ( 229/4367) stylex_atoms tests::transform_test::visitor_leaves_non_expression_callee_untouched
        PASS [   0.010s] ( 230/4367) stylex_constants constants::tests::common_constants_test::lazy_constant_lists_have_expected_shape
        PASS [   0.011s] ( 231/4367) stylex_atoms tests::transform_test::visitor_visits_nested_args_without_compiling_the_callee
        PASS [   0.010s] ( 232/4367) stylex_constants constants::tests::common_constants_test::property_allow_lists_stay_consistent
        PASS [   0.010s] ( 233/4367) stylex_constants constants::tests::common_constants_test::method_sets_include_expected_members
        PASS [   0.011s] ( 234/4367) stylex_constants constants::tests::common_constants_test::scalar_constants_match_expected_contracts
        PASS [   0.011s] ( 235/4367) stylex_constants constants::tests::evaluation_errors_test::test_amplification_inside_a_callback
        PASS [   0.014s] ( 236/4367) stylex_constants constants::tests::common_constants_test::runtime_jsx_call_names_include_expected_variants
        PASS [   0.012s] ( 237/4367) stylex_constants constants::tests::evaluation_errors_test::test_amplified_entries_too_large
        PASS [   0.010s] ( 238/4367) stylex_constants constants::tests::evaluation_errors_test::test_amplified_length_too_large
        PASS [   0.010s] ( 239/4367) stylex_constants constants::tests::evaluation_errors_test::test_bound_value_has_too_many_entries
        PASS [   0.010s] ( 240/4367) stylex_constants constants::tests::evaluation_errors_test::test_bound_value_too_large
        PASS [   0.011s] ( 241/4367) stylex_constants constants::tests::evaluation_errors_test::test_array_length_too_large
        PASS [   0.010s] ( 242/4367) stylex_constants constants::tests::evaluation_errors_test::test_engine_did_not_start
        PASS [   0.011s] ( 243/4367) stylex_constants constants::tests::evaluation_errors_test::test_engine_threw
        PASS [   0.010s] ( 244/4367) stylex_constants constants::tests::evaluation_errors_test::test_expression_too_deep
        PASS [   0.011s] ( 245/4367) stylex_constants constants::tests::evaluation_errors_test::test_escaping_property
        PASS [   0.012s] ( 246/4367) stylex_constants constants::tests::evaluation_errors_test::test_folded_string_too_large
        PASS [   0.009s] ( 247/4367) stylex_constants constants::tests::evaluation_errors_test::test_locale_sensitive_method
        PASS [   0.012s] ( 248/4367) stylex_constants constants::tests::evaluation_errors_test::test_global_as_a_value
        PASS [   0.012s] ( 249/4367) stylex_constants constants::tests::evaluation_errors_test::test_grown_string_too_large
        PASS [   0.011s] ( 250/4367) stylex_constants constants::tests::evaluation_errors_test::test_nesting_too_deep_to_carry
        PASS [   0.010s] ( 251/4367) stylex_constants constants::tests::evaluation_errors_test::test_object_size_too_large
        PASS [   0.012s] ( 252/4367) stylex_constants constants::tests::evaluation_errors_test::test_not_a_function
        PASS [   0.013s] ( 253/4367) stylex_constants constants::tests::evaluation_errors_test::test_numeric_literal_receiver
        PASS [   0.011s] ( 254/4367) stylex_constants constants::tests::evaluation_errors_test::test_static_constants
        PASS [   0.010s] ( 255/4367) stylex_constants constants::tests::evaluation_errors_test::test_unbounded_declared_length
        PASS [   0.012s] ( 256/4367) stylex_constants constants::tests::evaluation_errors_test::test_unbounded_amplified_length
        PASS [   0.010s] ( 257/4367) stylex_constants constants::tests::evaluation_errors_test::test_uncallable_printed_fold
        PASS [   0.009s] ( 258/4367) stylex_constants constants::tests::evaluation_errors_test::test_unfoldable_fold_result
        PASS [   0.011s] ( 259/4367) stylex_constants constants::tests::evaluation_errors_test::test_unfoldable_call
        PASS [   0.011s] ( 260/4367) stylex_constants constants::tests::evaluation_errors_test::test_unfoldable_function
        PASS [   0.013s] ( 261/4367) stylex_constants constants::tests::evaluation_errors_test::test_uncoercible_value
        PASS [   0.010s] ( 262/4367) stylex_constants constants::tests::evaluation_errors_test::test_unfoldable_static
        PASS [   0.012s] ( 263/4367) stylex_constants constants::tests::evaluation_errors_test::test_unfoldable_statement
        PASS [   0.011s] ( 264/4367) stylex_constants constants::tests::evaluation_errors_test::test_unreadable_index
        PASS [   0.010s] ( 265/4367) stylex_constants constants::tests::evaluation_errors_test::test_unsupported_expression
        PASS [   0.011s] ( 266/4367) stylex_constants constants::tests::evaluation_errors_test::test_unsupported_operator
        PASS [   0.010s] ( 267/4367) stylex_constants constants::tests::messages_test::test_cyclic_define_vars_reference
        PASS [   0.011s] ( 268/4367) stylex_constants constants::tests::messages_test::test_cannot_generate_hash
        PASS [   0.011s] ( 269/4367) stylex_constants constants::tests::messages_test::test_expected_call_expression
        PASS [   0.010s] ( 270/4367) stylex_constants constants::tests::messages_test::test_illegal_argument_length_plural
        PASS [   0.011s] ( 271/4367) stylex_constants constants::tests::messages_test::test_export_variable_not_found_nested_api
        PASS [   0.011s] ( 272/4367) stylex_constants constants::tests::messages_test::test_illegal_argument_length_singular
        PASS [   0.013s] ( 273/4367) stylex_constants constants::tests::messages_test::test_export_variable_not_found
        PASS [   0.011s] ( 274/4367) stylex_constants constants::tests::messages_test::test_missing_default_value_names_the_variable_unquoted
        PASS [   0.013s] ( 275/4367) stylex_constants constants::tests::messages_test::test_invalid_define_vars_function_value
        PASS [   0.010s] ( 276/4367) stylex_constants constants::tests::messages_test::test_non_static_value_with_empty_api_name_falls_back_to_a
        PASS [   0.012s] ( 277/4367) stylex_constants constants::tests::messages_test::test_non_export_named_declaration
        PASS [   0.011s] ( 278/4367) stylex_constants constants::tests::messages_test::test_non_static_value
        PASS [   0.010s] ( 279/4367) stylex_constants constants::tests::messages_test::test_non_static_value_with_vowel_api_name
        PASS [   0.010s] ( 280/4367) stylex_constants constants::tests::messages_test::test_unknown_define_vars_reference
        PASS [   0.012s] ( 281/4367) stylex_constants constants::tests::messages_test::test_non_style_object
        PASS [   0.011s] ( 282/4367) stylex_constants constants::tests::time_units_test::get_time_units_returns_expected_keys
        PASS [   0.012s] ( 283/4367) stylex_constants constants::tests::messages_test::test_unbound_call_value
        PASS [   0.012s] ( 284/4367) stylex_css css::normalizers::unprefixed_custom_properties::tests::a_first_argument_that_is_not_a_word_names_nothing
        PASS [   0.011s] ( 285/4367) stylex_css css::normalizers::unprefixed_custom_properties::tests::a_function_with_an_empty_argument_list_names_nothing
        PASS [   0.011s] ( 286/4367) stylex_css css::normalizers::unprefixed_custom_properties::tests::a_function_with_no_argument_list_names_nothing
        PASS [   0.012s] ( 287/4367) stylex_css css::normalizers::unprefixed_custom_properties::tests::a_nested_reference_as_the_first_argument_names_nothing
        PASS [   0.011s] ( 288/4367) stylex_css css::normalizers::unprefixed_custom_properties::tests::a_node_that_is_not_a_function_is_never_reported
        PASS [   0.016s] ( 289/4367) stylex_css css::normalizers::unprefixed_custom_properties::tests::a_function_that_is_not_a_reference_is_never_reported
        PASS [   0.011s] ( 290/4367) stylex_css css::normalizers::unprefixed_custom_properties::tests::a_reference_naming_a_prefixed_word_is_not
        PASS [   0.012s] ( 291/4367) stylex_css css::normalizers::unprefixed_custom_properties::tests::a_reference_naming_a_bare_word_is_unprefixed
        PASS [   0.011s] ( 292/4367) stylex_css css::normalizers::unprefixed_custom_properties::tests::a_single_leading_dash_is_unprefixed
        PASS [   0.012s] ( 293/4367) stylex_css css::normalizers::unprefixed_custom_properties::tests::an_empty_first_word_is_unprefixed
        PASS [   0.011s] ( 294/4367) stylex_css css::normalizers::unprefixed_custom_properties::tests::an_empty_token_list_is_accepted
        PASS [   0.011s] ( 295/4367) stylex_css css::normalizers::unprefixed_custom_properties::tests::the_pass_reads_the_top_level_only
        PASS [   0.013s] ( 296/4367) stylex_css css::normalizers::unprefixed_custom_properties::tests::the_rejection_quotes_the_offending_name
        PASS [   0.011s] ( 297/4367) stylex_css css::tests::common_test::build_nested_css_rule_extended_tests::builds_rule_with_multiple_at_rules
        PASS [   0.012s] ( 298/4367) stylex_css css::tests::common_test::build_nested_css_rule_extended_tests::builds_rule_with_at_rules_and_const_rules
        PASS [   0.010s] ( 299/4367) stylex_css css::tests::common_test::build_nested_css_rule_extended_tests::builds_rule_with_pseudo_classes_before_pseudo_element
        PASS [   0.011s] ( 300/4367) stylex_css css::tests::common_test::build_nested_css_rule_extended_tests::builds_rule_with_thumb_and_pseudo
        PASS [   0.012s] ( 301/4367) stylex_css css::tests::common_test::build_nested_css_rule_extended_tests::builds_rule_with_pseudo_and_at_rule_combined
        PASS [   0.011s] ( 302/4367) stylex_css css::tests::common_test::build_nested_css_rule_tests::builds_rule_with_at_rule
        PASS [   0.011s] ( 303/4367) stylex_css css::tests::common_test::build_nested_css_rule_tests::builds_rule_with_const_rules
        PASS [   0.016s] ( 304/4367) stylex_css css::tests::common_test::build_nested_css_rule_extended_tests::builds_rule_with_where_and_at_rule
        PASS [   0.011s] ( 305/4367) stylex_css css::tests::common_test::build_nested_css_rule_tests::builds_simple_rule
        PASS [   0.013s] ( 306/4367) stylex_css css::tests::common_test::build_nested_css_rule_tests::builds_rule_with_pseudo
        PASS [   0.013s] ( 307/4367) stylex_css css::tests::common_test::build_nested_css_rule_tests::builds_rule_with_where_pseudo
        PASS [   0.013s] ( 308/4367) stylex_css css::tests::common_test::build_nested_css_rule_tests::builds_rule_with_thumb_pseudo
        PASS [   0.010s] ( 309/4367) stylex_css css::tests::common_test::convert_css_function_camel_case_tests::no_function_returns_as_is
        PASS [   0.011s] ( 310/4367) stylex_css css::tests::common_test::convert_css_function_camel_case_tests::already_lowercase_function_is_unchanged
        PASS [   0.014s] ( 311/4367) stylex_css css::tests::common_test::colon_prefixed_property_tests::rejects_a_braced_value_under_a_pseudo_key
        PASS [   0.014s] ( 312/4367) stylex_css css::tests::common_test::convert_css_function_camel_case_tests::dashed_function_name_keeps_its_case
        PASS [   0.011s] ( 313/4367) stylex_css css::tests::common_test::convert_css_function_camel_case_tests::scalex_becomes_camel_case
        PASS [   0.012s] ( 314/4367) stylex_css css::tests::common_test::convert_css_function_camel_case_tests::rotatex_becomes_camel_case
        PASS [   0.010s] ( 315/4367) stylex_css css::tests::common_test::convert_css_function_camel_case_tests::scaley_becomes_camel_case
        PASS [   0.010s] ( 316/4367) stylex_css css::tests::common_test::convert_css_function_camel_case_tests::skewx_becomes_camel_case
        PASS [   0.012s] ( 317/4367) stylex_css css::tests::common_test::convert_css_function_camel_case_tests::skewy_becomes_camel_case
        PASS [   0.013s] ( 318/4367) stylex_css css::tests::common_test::convert_css_function_camel_case_tests::translatey_becomes_camel_case
        PASS [   0.013s] ( 319/4367) stylex_css css::tests::common_test::generate_css_rule_tests::generates_rtl_for_logical_property
        PASS [   0.012s] ( 320/4367) stylex_css css::tests::common_test::generate_css_rule_tests::generates_rule_with_multiple_values
        PASS [   0.013s] ( 321/4367) stylex_css css::tests::common_test::generate_css_rule_tests::generates_rule_with_const_rules
        PASS [   0.015s] ( 322/4367) stylex_css css::tests::common_test::generate_css_rule_tests::generates_rule_with_at_rule
        PASS [   0.013s] ( 323/4367) stylex_css css::tests::common_test::generate_css_rule_tests::generates_rule_with_pseudo
        PASS [   0.012s] ( 324/4367) stylex_css css::tests::common_test::generate_css_rule_tests::generates_rule_with_pseudo_and_at_rule
        PASS [   0.013s] ( 325/4367) stylex_css css::tests::common_test::generate_css_rule_tests::generates_rule_with_thumb_pseudo
        PASS [   0.011s] ( 326/4367) stylex_css css::tests::common_test::generate_css_rule_tests::generates_simple_ltr_rule
        PASS [   0.016s] ( 327/4367) stylex_css css::tests::common_test::generate_css_rule_tests::generates_rule_with_where_pseudo
        PASS [   0.014s] ( 328/4367) stylex_css css::tests::common_test::generate_css_rule_tests::priority_increases_with_at_rules
        PASS [   0.011s] ( 329/4367) stylex_css css::tests::common_test::get_number_suffix_tests::returns_empty_for_custom_properties
        PASS [   0.011s] ( 330/4367) stylex_css css::tests::common_test::get_number_suffix_tests::returns_empty_for_opacity
        PASS [   0.014s] ( 331/4367) stylex_css css::tests::common_test::generate_css_rule_tests::priority_increases_with_pseudos
        PASS [   0.013s] ( 332/4367) stylex_css css::tests::common_test::get_number_suffix_tests::returns_empty_for_unitless_properties
        PASS [   0.011s] ( 333/4367) stylex_css css::tests::common_test::get_number_suffix_tests::returns_ms_for_voice_duration
        PASS [   0.011s] ( 334/4367) stylex_css css::tests::common_test::get_number_suffix_tests::returns_px_for_padding
        PASS [   0.011s] ( 335/4367) stylex_css css::tests::common_test::get_number_suffix_tests::returns_px_for_standard_properties
        PASS [   0.014s] ( 336/4367) stylex_css css::tests::common_test::get_priority_extended_tests::any_sibling_selector_priority
        PASS [   0.015s] ( 337/4367) stylex_css css::tests::common_test::get_priority_extended_tests::ancestor_selector_priority
        PASS [   0.011s] ( 338/4367) stylex_css css::tests::common_test::get_priority_extended_tests::at_supports_priority
        PASS [   0.012s] ( 339/4367) stylex_css css::tests::common_test::get_priority_extended_tests::at_container_priority
        PASS [   0.013s] ( 340/4367) stylex_css css::tests::common_test::get_priority_extended_tests::at_media_priority
        PASS [   0.011s] ( 341/4367) stylex_css css::tests::common_test::get_priority_extended_tests::custom_property_priority
        PASS [   0.012s] ( 342/4367) stylex_css css::tests::common_test::get_priority_extended_tests::compound_pseudo_hover_after
        PASS [   0.013s] ( 343/4367) stylex_css css::tests::common_test::get_priority_extended_tests::descendant_selector_priority
        PASS [   0.016s] ( 344/4367) stylex_css css::tests::common_test::get_priority_extended_tests::compound_pseudo_focus_before
        PASS [   0.020s] ( 345/4367) stylex_css css::tests::common_test::get_priority_extended_tests::compound_pseudo_active_placeholder
        PASS [   0.012s] ( 346/4367) stylex_css css::tests::common_test::get_priority_extended_tests::pseudo_class_first_child
        PASS [   0.013s] ( 347/4367) stylex_css css::tests::common_test::get_priority_extended_tests::pseudo_class_active
        PASS [   0.013s] ( 348/4367) stylex_css css::tests::common_test::get_priority_extended_tests::pseudo_class_disabled
        PASS [   0.012s] ( 349/4367) stylex_css css::tests::common_test::get_priority_extended_tests::pseudo_class_with_parens_no_compound
        PASS [   0.012s] ( 350/4367) stylex_css css::tests::common_test::get_priority_extended_tests::pseudo_class_visited
        PASS [   0.015s] ( 351/4367) stylex_css css::tests::common_test::get_priority_extended_tests::pseudo_class_last_child
        PASS [   0.014s] ( 352/4367) stylex_css css::tests::common_test::get_priority_extended_tests::pseudo_element_after
        PASS [   0.012s] ( 353/4367) stylex_css css::tests::common_test::get_priority_extended_tests::pseudo_element_before
        PASS [   0.012s] ( 354/4367) stylex_css css::tests::common_test::get_priority_extended_tests::pseudo_element_placeholder
        PASS [   0.014s] ( 355/4367) stylex_css css::tests::common_test::get_priority_extended_tests::shorthand_of_longhands_gets_2000
        PASS [   0.012s] ( 356/4367) stylex_css css::tests::common_test::get_priority_extended_tests::shorthand_of_shorthands_margin_gets_1000
        PASS [   0.013s] ( 357/4367) stylex_css css::tests::common_test::get_priority_extended_tests::sibling_before_selector_priority
        PASS [   0.013s] ( 358/4367) stylex_css css::tests::common_test::get_priority_extended_tests::sibling_after_selector_priority
        PASS [   0.012s] ( 359/4367) stylex_css css::tests::common_test::get_priority_tests::at_media_rule
        PASS [   0.014s] ( 360/4367) stylex_css css::tests::common_test::get_priority_extended_tests::unknown_pseudo_class_gets_default_40
        PASS [   0.012s] ( 361/4367) stylex_css css::tests::common_test::get_priority_tests::at_supports_rule
        PASS [   0.015s] ( 362/4367) stylex_css css::tests::common_test::get_priority_tests::a_key_without_a_colon_matches_no_pseudo_part
        PASS [   0.013s] ( 363/4367) stylex_css css::tests::common_test::get_priority_tests::every_pseudo_part_the_regex_matches_carries_a_colon
        PASS [   0.016s] ( 364/4367) stylex_css css::tests::common_test::get_priority_tests::custom_property_at_rule
        PASS [   0.014s] ( 365/4367) stylex_css css::tests::common_test::get_priority_tests::longhand_logical_gets_3000
        PASS [   0.013s] ( 366/4367) stylex_css css::tests::common_test::get_priority_tests::pseudo_class_hover
        PASS [   0.014s] ( 367/4367) stylex_css css::tests::common_test::get_priority_tests::pseudo_class_focus
        PASS [   0.016s] ( 368/4367) stylex_css css::tests::common_test::get_priority_tests::longhand_physical_gets_4000
        PASS [   0.012s] ( 369/4367) stylex_css css::tests::common_test::get_priority_tests::unknown_property_gets_3000
        PASS [   0.012s] ( 370/4367) stylex_css css::tests::common_test::inline_style_to_css_string_tests::formats_multiple_pairs
        PASS [   0.014s] ( 371/4367) stylex_css css::tests::common_test::get_priority_tests::shorthand_of_shorthands_gets_1000
        PASS [   0.013s] ( 372/4367) stylex_css css::tests::common_test::inline_style_to_css_string_tests::formats_single_pair
        PASS [   0.013s] ( 373/4367) stylex_css css::tests::common_test::inline_style_to_css_string_tests::handles_custom_properties
        PASS [   0.021s] ( 374/4367) stylex_css css::tests::common_test::get_priority_tests::pseudo_element_priority
        PASS [   0.011s] ( 375/4367) stylex_css css::tests::common_test::inline_style_to_css_string_tests::handles_empty_pairs
        PASS [   0.011s] ( 376/4367) stylex_css css::tests::common_test::normalize_css_property_name_tests::converts_complex_property
        PASS [   0.012s] ( 377/4367) stylex_css css::tests::common_test::normalize_css_property_name_tests::preserves_already_lowercase
        PASS [   0.015s] ( 378/4367) stylex_css css::tests::common_test::normalize_css_property_name_tests::converts_camel_case
        PASS [   0.014s] ( 379/4367) stylex_css css::tests::common_test::normalize_css_property_name_tests::converts_webkit_prefix
        PASS [   0.014s] ( 380/4367) stylex_css css::tests::common_test::normalize_css_property_name_tests::preserves_custom_properties
        PASS [   0.013s] ( 381/4367) stylex_css css::tests::common_test::normalize_css_property_value_error_tests::css_variable_property_uses_color_for_parsing
        PASS [   0.012s] ( 382/4367) stylex_css css::tests::common_test::normalize_css_property_value_error_tests::css_variable_with_complex_value
        PASS [   0.010s] ( 383/4367) stylex_css css::tests::common_test::normalize_css_property_value_error_tests::normalizes_closed_single_quoted_string
        PASS [   0.012s] ( 384/4367) stylex_css css::tests::common_test::normalize_css_property_value_error_tests::normalizes_closed_double_quoted_string
        PASS [   0.011s] ( 385/4367) stylex_css css::tests::common_test::normalize_css_property_value_error_tests::normalizes_quote_inside_comment
        PASS [   0.014s] ( 386/4367) stylex_css css::tests::common_test::normalize_css_property_value_error_tests::normalizes_escaped_quote_in_string
        PASS [   0.011s] ( 387/4367) stylex_css css::tests::common_test::normalize_css_property_value_error_tests::normalizes_system_font_family_list
        PASS [   0.012s] ( 388/4367) stylex_css css::tests::common_test::normalize_css_property_value_error_tests::panics_on_stray_apostrophe_in_font_family_list
        PASS [   0.012s] ( 389/4367) stylex_css css::tests::common_test::normalize_css_property_value_error_tests::panics_on_unclosed_colour_function
        PASS [   0.011s] ( 390/4367) stylex_css css::tests::common_test::normalize_css_property_value_error_tests::panics_on_unclosed_function_paren
        PASS [   0.013s] ( 391/4367) stylex_css css::tests::common_test::normalize_css_property_value_error_tests::panics_on_unclosed_function_before_unclosed_string
        PASS [   0.014s] ( 392/4367) stylex_css css::tests::common_test::normalize_css_property_value_error_tests::panics_on_unclosed_double_quoted_string
        PASS [   0.012s] ( 393/4367) stylex_css css::tests::common_test::normalize_css_property_value_error_tests::panics_on_unclosed_single_quoted_string
        PASS [   0.012s] ( 394/4367) stylex_css css::tests::common_test::normalize_css_property_value_error_tests::panics_on_unclosed_string_in_multi_value_property
        PASS [   0.012s] ( 395/4367) stylex_css css::tests::common_test::normalize_css_property_value_tests::color_function_collapses_extra_whitespace
        PASS [   0.013s] ( 396/4367) stylex_css css::tests::common_test::normalize_css_property_value_tests::closed_comment_is_accepted
        PASS [   0.012s] ( 397/4367) stylex_css css::tests::common_test::normalize_css_property_value_tests::font_size_px_no_conversion_when_disabled
        PASS [   0.011s] ( 398/4367) stylex_css css::tests::common_test::normalize_css_property_value_tests::font_size_px_to_rem_32px
        PASS [   0.014s] ( 399/4367) stylex_css css::tests::common_test::normalize_css_property_value_tests::font_size_px_to_rem_when_enabled
        PASS [   0.011s] ( 400/4367) stylex_css css::tests::common_test::normalize_css_property_value_tests::keeps_leading_zero_on_negative_decimals
        PASS [   0.012s] ( 401/4367) stylex_css css::tests::common_test::normalize_css_property_value_tests::keeps_a_relative_rgb_inside_a_string_as_string_content
        PASS [   0.012s] ( 402/4367) stylex_css css::tests::common_test::normalize_css_property_value_tests::malformed_unclosed_function_panics
        PASS [   0.013s] ( 403/4367) stylex_css css::tests::common_test::normalize_css_property_value_tests::non_relative_rgb_still_parsed_by_swc
        PASS [   0.011s] ( 404/4367) stylex_css css::tests::common_test::normalize_css_property_value_tests::normalizes_a_comma_separated_color_function
        PASS [   0.011s] ( 405/4367) stylex_css css::tests::common_test::normalize_css_property_value_tests::normalizes_a_relative_rgb_color
        PASS [   0.012s] ( 406/4367) stylex_css css::tests::common_test::normalize_css_property_value_tests::normalizes_a_relative_color_function
        PASS [   0.010s] ( 407/4367) stylex_css css::tests::common_test::normalize_css_property_value_tests::normalizes_a_relative_rgb_inside_a_gradient
        PASS [   0.011s] ( 408/4367) stylex_css css::tests::common_test::normalize_css_property_value_tests::normalizes_a_space_separated_color_function
        PASS [   0.011s] ( 409/4367) stylex_css css::tests::common_test::normalize_css_property_value_tests::normalizes_a_relative_rgba_color
        PASS [   0.011s] ( 410/4367) stylex_css css::tests::common_test::normalize_css_property_value_tests::normalizes_auto_value
        PASS [   0.027s] ( 411/4367) stylex_css css::tests::common_test::normalize_css_property_value_tests::generic_css_value_is_preserved
        PASS [   0.011s] ( 412/4367) stylex_css css::tests::common_test::normalize_css_property_value_tests::normalizes_calc_expression
        PASS [   0.011s] ( 413/4367) stylex_css css::tests::common_test::normalize_css_property_value_tests::normalizes_calc_size_expressions
        PASS [   0.013s] ( 414/4367) stylex_css css::tests::common_test::normalize_css_property_value_tests::normalizes_border_shorthand
        PASS [   0.017s] ( 415/4367) stylex_css css::tests::common_test::normalize_css_property_value_tests::normalizes_an_alpha_argument
        PASS [   0.014s] ( 416/4367) stylex_css css::tests::common_test::normalize_css_property_value_tests::normalizes_clamp_function
        PASS [   0.014s] ( 417/4367) stylex_css css::tests::common_test::normalize_css_property_value_tests::normalizes_css_variable_hex
        PASS [   0.010s] ( 418/4367) stylex_css css::tests::common_test::normalize_css_property_value_tests::normalizes_css_variable_value
        PASS [   0.012s] ( 419/4367) stylex_css css::tests::common_test::normalize_css_property_value_tests::normalizes_em_value
        PASS [   0.010s] ( 420/4367) stylex_css css::tests::common_test::normalize_css_property_value_tests::normalizes_extra_whitespace_in_value
        PASS [   0.011s] ( 421/4367) stylex_css css::tests::common_test::normalize_css_property_value_tests::normalizes_grid_display
        PASS [   0.014s] ( 422/4367) stylex_css css::tests::common_test::normalize_css_property_value_tests::normalizes_flex_display
        PASS [   0.012s] ( 423/4367) stylex_css css::tests::common_test::normalize_css_property_value_tests::normalizes_hex_color
        PASS [   0.014s] ( 424/4367) stylex_css css::tests::common_test::normalize_css_property_value_tests::normalizes_hwb_color
        PASS [   0.014s] ( 425/4367) stylex_css css::tests::common_test::normalize_css_property_value_tests::normalizes_inherit_keyword
        PASS [   0.014s] ( 426/4367) stylex_css css::tests::common_test::normalize_css_property_value_tests::normalizes_lab_color
        PASS [   0.012s] ( 427/4367) stylex_css css::tests::common_test::normalize_css_property_value_tests::normalizes_margin_four_values
        PASS [   0.015s] ( 428/4367) stylex_css css::tests::common_test::normalize_css_property_value_tests::normalizes_initial_keyword
        PASS [   0.015s] ( 429/4367) stylex_css css::tests::common_test::normalize_css_property_value_tests::normalizes_lch_color
        PASS [   0.015s] ( 430/4367) stylex_css css::tests::common_test::normalize_css_property_value_tests::normalizes_nested_calc
        PASS [   0.012s] ( 431/4367) stylex_css css::tests::common_test::normalize_css_property_value_tests::normalizes_none_keyword
        PASS [   0.013s] ( 432/4367) stylex_css css::tests::common_test::normalize_css_property_value_tests::normalizes_padding_two_values
        PASS [   0.011s] ( 433/4367) stylex_css css::tests::common_test::normalize_css_property_value_tests::normalizes_pixel_value
        PASS [   0.014s] ( 434/4367) stylex_css css::tests::common_test::normalize_css_property_value_tests::normalizes_percentage_value
        PASS [   0.011s] ( 435/4367) stylex_css css::tests::common_test::normalize_css_property_value_tests::normalizes_rgba_color_value
        PASS [   0.012s] ( 436/4367) stylex_css css::tests::common_test::normalize_css_property_value_tests::normalizes_radial_gradient
        PASS [   0.012s] ( 437/4367) stylex_css css::tests::common_test::normalize_css_property_value_tests::normalizes_rgb_color_value
        PASS [   0.011s] ( 438/4367) stylex_css css::tests::common_test::normalize_css_property_value_tests::normalizes_simple_color_keyword
        PASS [   0.016s] ( 439/4367) stylex_css css::tests::common_test::normalize_css_property_value_tests::normalizes_property_agnostic_values
        PASS [   0.014s] ( 440/4367) stylex_css css::tests::common_test::normalize_css_property_value_tests::normalizes_transparent
        PASS [   0.015s] ( 441/4367) stylex_css css::tests::common_test::normalize_css_property_value_tests::normalizes_translatex_to_camel_case
        PASS [   0.012s] ( 442/4367) stylex_css css::tests::common_test::normalize_css_property_value_tests::normalizes_var_function
        PASS [   0.016s] ( 443/4367) stylex_css css::tests::common_test::normalize_css_property_value_tests::normalizes_var_with_fallback
        PASS [   0.012s] ( 444/4367) stylex_css css::tests::common_test::normalize_css_property_value_tests::numeric_custom_property_name_leaves_the_value_alone
        PASS [   0.012s] ( 445/4367) stylex_css css::tests::common_test::normalize_css_property_value_tests::relative_rgb_color_collapses_extra_whitespace
        PASS [   0.016s] ( 446/4367) stylex_css css::tests::common_test::normalize_css_property_value_tests::normalizes_zero_value
        PASS [   0.012s] ( 447/4367) stylex_css css::tests::common_test::normalize_css_property_value_tests::relative_rgb_color_collapses_whitespace_after_open_paren
        PASS [   0.014s] ( 448/4367) stylex_css css::tests::common_test::normalize_css_property_value_tests::rule_breaking_unparsable_values_are_rejected
        PASS [   0.017s] ( 449/4367) stylex_css css::tests::common_test::normalize_css_property_value_tests::rule_breaking_relative_color_values_are_rejected
        PASS [   0.012s] ( 450/4367) stylex_css css::tests::common_test::normalize_css_variable_property_tests::css_variable_uses_color_for_parsing
        PASS [   0.013s] ( 451/4367) stylex_css css::tests::common_test::normalize_css_property_value_tests::unclosed_function_in_custom_property_reports_against_color
        PASS [   0.015s] ( 452/4367) stylex_css css::tests::common_test::normalize_css_property_value_tests::unclosed_comment_is_rejected
        PASS [   0.012s] ( 453/4367) stylex_css css::tests::common_test::normalize_css_variable_property_tests::css_variable_with_keyword
        PASS [   0.012s] ( 454/4367) stylex_css css::tests::generate_ltr_test::generate_ltr_tests::background_position_end_becomes_right
        PASS [   0.013s] ( 455/4367) stylex_css css::tests::generate_ltr_test::generate_ltr_tests::background_position_inset_inline_end
        PASS [   0.013s] ( 456/4367) stylex_css css::tests::generate_ltr_test::generate_ltr_tests::background_position_inset_inline_start
        PASS [   0.011s] ( 457/4367) stylex_css css::tests::generate_ltr_test::generate_ltr_tests::background_position_start_becomes_left
        PASS [   0.013s] ( 458/4367) stylex_css css::tests::generate_ltr_test::generate_ltr_tests::background_position_no_logical_values
        PASS [   0.019s] ( 459/4367) stylex_css css::tests::common_test::normalize_css_variable_property_tests::css_variable_with_hex
        PASS [   0.011s] ( 460/4367) stylex_css css::tests::generate_ltr_test::generate_ltr_tests::clear_end_becomes_right
        PASS [   0.012s] ( 461/4367) stylex_css css::tests::generate_ltr_test::generate_ltr_tests::clear_both_unchanged
        PASS [   0.014s] ( 462/4367) stylex_css css::tests::generate_ltr_test::generate_ltr_tests::clear_start_becomes_left
        PASS [   0.013s] ( 463/4367) stylex_css css::tests::generate_ltr_test::generate_ltr_tests::float_inline_end_becomes_right
        PASS [   0.012s] ( 464/4367) stylex_css css::tests::generate_ltr_test::generate_ltr_tests::float_inline_start_becomes_left
        PASS [   0.014s] ( 465/4367) stylex_css css::tests::generate_ltr_test::generate_ltr_tests::float_end_becomes_right
        PASS [   0.015s] ( 466/4367) stylex_css css::tests::generate_ltr_test::generate_ltr_tests::float_left_stays_left
        PASS [   0.012s] ( 467/4367) stylex_css css::tests::generate_ltr_test::generate_ltr_tests::float_start_becomes_left
        PASS [   0.012s] ( 468/4367) stylex_css css::tests::generate_ltr_test::generate_ltr_tests::legacy_no_polyfill_passthrough
        PASS [   0.013s] ( 469/4367) stylex_css css::tests::generate_ltr_test::generate_ltr_tests::legacy_polyfill_inline_property_mapped
        PASS [   0.013s] ( 470/4367) stylex_css css::tests::generate_ltr_test::generate_ltr_tests::legacy_polyfill_inline_end_mapped
        PASS [   0.016s] ( 471/4367) stylex_css css::tests::generate_ltr_test::generate_ltr_tests::legacy_polyfill_unknown_falls_through_to_property_to_ltr
        PASS [   0.011s] ( 472/4367) stylex_css css::tests::generate_ltr_test::generate_ltr_tests::logical_property_margin_end
        PASS [   0.017s] ( 473/4367) stylex_css css::tests::generate_ltr_test::generate_ltr_tests::logical_property_mapped_to_ltr
        PASS [   0.011s] ( 474/4367) stylex_css css::tests::generate_rtl_test::generate_rtl_tests::background_position_end_becomes_left
        PASS [   0.012s] ( 475/4367) stylex_css css::tests::generate_ltr_test::generate_ltr_tests::unknown_property_unchanged
        PASS [   0.012s] ( 476/4367) stylex_css css::tests::generate_rtl_test::generate_rtl_tests::background_position_end_with_inset_inline_start_flips
        PASS [   0.010s] ( 477/4367) stylex_css css::tests::generate_rtl_test::generate_rtl_tests::background_position_inset_inline_start_no_rtl
        PASS [   0.017s] ( 478/4367) stylex_css css::tests::generate_ltr_test::generate_ltr_tests::padding_start_mapped_to_ltr
        PASS [   0.016s] ( 479/4367) stylex_css css::tests::generate_ltr_test::generate_ltr_tests::passthrough_regular_property
        PASS [   0.016s] ( 480/4367) stylex_css css::tests::generate_rtl_test::generate_rtl_tests::background_position_inset_inline_end_no_rtl
        PASS [   0.013s] ( 481/4367) stylex_css css::tests::generate_rtl_test::generate_rtl_tests::background_position_start_becomes_right
        PASS [   0.015s] ( 482/4367) stylex_css css::tests::generate_rtl_test::generate_rtl_tests::background_position_no_logical_no_rtl
        PASS [   0.011s] ( 483/4367) stylex_css css::tests::generate_rtl_test::generate_rtl_tests::border_end_color_to_rtl_border_left_color
        PASS [   0.011s] ( 484/4367) stylex_css css::tests::generate_rtl_test::generate_rtl_tests::border_end_to_rtl_border_left
        PASS [   0.010s] ( 485/4367) stylex_css css::tests::generate_rtl_test::generate_rtl_tests::border_start_style_to_rtl_border_right_style
        PASS [   0.014s] ( 486/4367) stylex_css css::tests::generate_rtl_test::generate_rtl_tests::background_position_start_with_inset_inline_end_flips
        PASS [   0.012s] ( 487/4367) stylex_css css::tests::generate_rtl_test::generate_rtl_tests::border_start_to_rtl_border_right
        PASS [   0.012s] ( 488/4367) stylex_css css::tests::generate_rtl_test::generate_rtl_tests::border_start_width_to_rtl_border_right_width
        PASS [   0.014s] ( 489/4367) stylex_css css::tests::generate_rtl_test::generate_rtl_tests::border_bottom_end_radius_to_rtl_border_bottom_left_radius
        PASS [   0.011s] ( 490/4367) stylex_css css::tests::generate_rtl_test::generate_rtl_tests::border_top_start_radius_to_rtl_border_top_right_radius
        PASS [   0.012s] ( 491/4367) stylex_css css::tests::generate_rtl_test::generate_rtl_tests::box_shadow_flips_with_legacy_value_flipping
        PASS [   0.013s] ( 492/4367) stylex_css css::tests::generate_rtl_test::generate_rtl_tests::box_shadow_inset_flips
        PASS [   0.011s] ( 493/4367) stylex_css css::tests::generate_rtl_test::generate_rtl_tests::box_shadow_negative_becomes_positive
        PASS [   0.012s] ( 494/4367) stylex_css css::tests::generate_rtl_test::generate_rtl_tests::box_shadow_keyword_first_part_uses_index_one
        PASS [   0.011s] ( 495/4367) stylex_css css::tests::generate_rtl_test::generate_rtl_tests::box_shadow_no_flip_without_legacy
        PASS [   0.013s] ( 496/4367) stylex_css css::tests::generate_rtl_test::generate_rtl_tests::box_shadow_multiple_shadows
        PASS [   0.012s] ( 497/4367) stylex_css css::tests::generate_rtl_test::generate_rtl_tests::box_shadow_single_color_segment_skips_flip
        PASS [   0.013s] ( 498/4367) stylex_css css::tests::generate_rtl_test::generate_rtl_tests::clear_both_no_rtl
        PASS [   0.014s] ( 499/4367) stylex_css css::tests::generate_rtl_test::generate_rtl_tests::box_shadow_zero_offset_no_flip
        PASS [   0.011s] ( 500/4367) stylex_css css::tests::generate_rtl_test::generate_rtl_tests::clear_end_becomes_left_in_rtl
        PASS [   0.012s] ( 501/4367) stylex_css css::tests::generate_rtl_test::generate_rtl_tests::clear_inline_end_becomes_left
        PASS [   0.010s] ( 502/4367) stylex_css css::tests::generate_rtl_test::generate_rtl_tests::clear_start_becomes_right_in_rtl
        PASS [   0.011s] ( 503/4367) stylex_css css::tests::generate_rtl_test::generate_rtl_tests::clear_inline_start_becomes_right
        PASS [   0.010s] ( 504/4367) stylex_css css::tests::generate_rtl_test::generate_rtl_tests::cursor_nesw_resize_flips_with_legacy
        PASS [   0.013s] ( 505/4367) stylex_css css::tests::generate_rtl_test::generate_rtl_tests::cursor_ne_resize_flips_with_legacy
        PASS [   0.012s] ( 506/4367) stylex_css css::tests::generate_rtl_test::generate_rtl_tests::cursor_no_flip_for_unknown_value
        PASS [   0.010s] ( 507/4367) stylex_css css::tests::generate_rtl_test::generate_rtl_tests::cursor_nw_resize_flips_with_legacy
        PASS [   0.011s] ( 508/4367) stylex_css css::tests::generate_rtl_test::generate_rtl_tests::cursor_no_flip_without_legacy
        PASS [   0.010s] ( 509/4367) stylex_css css::tests::generate_rtl_test::generate_rtl_tests::cursor_nwse_resize_flips_with_legacy
        PASS [   0.015s] ( 510/4367) stylex_css css::tests::generate_rtl_test::generate_rtl_tests::cursor_e_resize_flips_with_legacy
        PASS [   0.012s] ( 511/4367) stylex_css css::tests::generate_rtl_test::generate_rtl_tests::cursor_se_resize_flips_with_legacy
        PASS [   0.011s] ( 512/4367) stylex_css css::tests::generate_rtl_test::generate_rtl_tests::cursor_sw_resize_flips_with_legacy
        PASS [   0.009s] ( 513/4367) stylex_css css::tests::generate_rtl_test::generate_rtl_tests::display_returns_none
        PASS [   0.011s] ( 514/4367) stylex_css css::tests::generate_rtl_test::generate_rtl_tests::cursor_w_resize_flips_with_legacy
        PASS [   0.011s] ( 515/4367) stylex_css css::tests::generate_rtl_test::generate_rtl_tests::float_inline_end_becomes_left_in_rtl
        PASS [   0.013s] ( 516/4367) stylex_css css::tests::generate_rtl_test::generate_rtl_tests::end_key_becomes_left_key
        PASS [   0.011s] ( 517/4367) stylex_css css::tests::generate_rtl_test::generate_rtl_tests::float_left_no_rtl
        PASS [   0.014s] ( 518/4367) stylex_css css::tests::generate_rtl_test::generate_rtl_tests::float_end_becomes_left_in_rtl
        PASS [   0.013s] ( 519/4367) stylex_css css::tests::generate_rtl_test::generate_rtl_tests::float_start_becomes_right_in_rtl
        PASS [   0.014s] ( 520/4367) stylex_css css::tests::generate_rtl_test::generate_rtl_tests::float_inline_start_becomes_right_in_rtl
        PASS [   0.010s] ( 521/4367) stylex_css css::tests::generate_rtl_test::generate_rtl_tests::legacy_no_polyfill_returns_none
        PASS [   0.011s] ( 522/4367) stylex_css css::tests::generate_rtl_test::generate_rtl_tests::legacy_polyfill_border_inline_end_mapped
        PASS [   0.015s] ( 523/4367) stylex_css css::tests::generate_rtl_test::generate_rtl_tests::legacy_no_polyfill_regular_property_returns_none
        PASS [   0.014s] ( 524/4367) stylex_css css::tests::generate_rtl_test::generate_rtl_tests::legacy_polyfill_border_start_start_radius_mapped
        PASS [   0.011s] ( 525/4367) stylex_css css::tests::generate_rtl_test::generate_rtl_tests::legacy_polyfill_inline_end_mapped
        PASS [   0.011s] ( 526/4367) stylex_css css::tests::generate_rtl_test::generate_rtl_tests::legacy_polyfill_inline_start_mapped
        PASS [   0.012s] ( 527/4367) stylex_css css::tests::generate_rtl_test::generate_rtl_tests::legacy_polyfill_inset_inline_start_becomes_right
        PASS [   0.011s] ( 528/4367) stylex_css css::tests::generate_rtl_test::generate_rtl_tests::legacy_polyfill_non_inline_key_falls_through
        PASS [   0.011s] ( 529/4367) stylex_css css::tests::generate_rtl_test::generate_rtl_tests::legacy_polyfill_padding_inline_start_mapped
        PASS [   0.014s] ( 530/4367) stylex_css css::tests::generate_rtl_test::generate_rtl_tests::legacy_polyfill_inset_inline_end_becomes_left
        PASS [   0.012s] ( 531/4367) stylex_css css::tests::generate_rtl_test::generate_rtl_tests::margin_end_to_rtl_margin_left
        PASS [   0.010s] ( 532/4367) stylex_css css::tests::generate_rtl_test::generate_rtl_tests::no_rtl_for_width
        PASS [   0.014s] ( 533/4367) stylex_css css::tests::generate_rtl_test::generate_rtl_tests::margin_start_to_rtl_margin_right
        PASS [   0.010s] ( 534/4367) stylex_css css::tests::generate_rtl_test::generate_rtl_tests::non_legacy_inline_property_falls_through_to_none
        PASS [   0.010s] ( 535/4367) stylex_css css::tests::generate_rtl_test::generate_rtl_tests::non_shadow_non_logical_returns_none
        PASS [   0.013s] ( 536/4367) stylex_css css::tests::generate_rtl_test::generate_rtl_tests::no_rtl_for_regular_property
        PASS [   0.010s] ( 537/4367) stylex_css css::tests::generate_rtl_test::generate_rtl_tests::padding_end_to_rtl_padding_left
        PASS [   0.012s] ( 538/4367) stylex_css css::tests::generate_rtl_test::generate_rtl_tests::padding_start_to_rtl
        PASS [   0.012s] ( 539/4367) stylex_css css::tests::generate_rtl_test::generate_rtl_tests::text_shadow_flips_with_legacy_value_flipping
        PASS [   0.014s] ( 540/4367) stylex_css css::tests::generate_rtl_test::generate_rtl_tests::start_key_becomes_right_key
        PASS [   0.012s] ( 541/4367) stylex_css css::tests::generate_rtl_test::generate_rtl_tests::text_shadow_no_flip_without_legacy
        PASS [   0.012s] ( 542/4367) stylex_css css::tests::normalize_value_test::canonicalizes_a_zero_written_with_a_unit
        PASS [   0.011s] ( 543/4367) stylex_css css::tests::normalize_value_test::converts_milliseconds_to_seconds_from_ten_up
        PASS [   0.010s] ( 544/4367) stylex_css css::tests::normalize_value_test::converts_nothing_for_a_zero_font_size
        PASS [   0.010s] ( 545/4367) stylex_css css::tests::normalize_value_test::converts_only_an_exact_millisecond_unit_at_or_above_the_threshold
        PASS [   0.013s] ( 546/4367) stylex_css css::tests::normalize_value_test::collapses_whitespace_without_moving_it
        PASS [   0.012s] ( 547/4367) stylex_css css::tests::normalize_value_test::dashifies_a_property_name_used_as_a_value
        PASS [   0.010s] ( 548/4367) stylex_css css::tests::normalize_value_test::dashifies_by_the_rule_even_where_the_rule_is_wrong
        PASS [   0.011s] ( 549/4367) stylex_css css::tests::normalize_value_test::double_quotes_an_empty_string_and_nothing_else
        PASS [   0.012s] ( 550/4367) stylex_css css::tests::normalize_value_test::dashifies_nothing_outside_those_two_properties_top_level
        PASS [   0.011s] ( 551/4367) stylex_css css::tests::normalize_value_test::exempts_a_custom_property_from_zero_canonicalization
        PASS [   0.010s] ( 552/4367) stylex_css css::tests::normalize_value_test::keeps_a_unit_on_a_zero_inside_the_first_function_only
        PASS [   0.012s] ( 553/4367) stylex_css css::tests::normalize_value_test::keeps_a_unicode_range_whole
        PASS [   0.014s] ( 554/4367) stylex_css css::tests::normalize_value_test::keeps_a_comment_and_reproduces_the_one_shape_that_does_not_round_trip
        PASS [   0.014s] ( 555/4367) stylex_css css::tests::normalize_value_test::keeps_an_escaped_quote_inside_its_string
        PASS [   0.015s] ( 556/4367) stylex_css css::tests::normalize_value_test::keeps_an_escape_sequence_as_the_author_spelled_it
        PASS [   0.012s] ( 557/4367) stylex_css css::tests::normalize_value_test::leaves_a_custom_property_name_cased_as_written
        PASS [   0.011s] ( 558/4367) stylex_css css::tests::normalize_value_test::leaves_a_negative_decimal_and_anything_from_one_up_alone
        PASS [   0.011s] ( 559/4367) stylex_css css::tests::normalize_value_test::leaves_a_url_body_opaque
        PASS [   0.011s] ( 560/4367) stylex_css css::tests::normalize_value_test::leaves_an_annotation_with_nothing_to_remove_before_it
        PASS [   0.013s] ( 561/4367) stylex_css css::tests::normalize_value_test::leaves_spellings_no_normalizer_has_an_opinion_about_alone
        PASS [   0.010s] ( 562/4367) stylex_css css::tests::normalize_value_test::leaves_the_leading_zero_on_a_converted_font_size
        PASS [   0.010s] ( 563/4367) stylex_css css::tests::normalize_value_test::leaves_values_at_and_past_the_edge_of_a_double_alone
        PASS [   0.010s] ( 564/4367) stylex_css css::tests::normalize_value_test::names_the_declaration_in_an_unclosed_function_report
        PASS [   0.010s] ( 565/4367) stylex_css css::tests::normalize_value_test::normalizes_a_single_very_long_token
        PASS [   0.013s] ( 566/4367) stylex_css css::tests::normalize_value_test::normalizes_a_custom_property_reference_like_any_other_function
        PASS [   0.014s] ( 567/4367) stylex_css css::tests::normalize_value_test::never_folds_letter_case_in_a_unit
        PASS [   0.011s] ( 568/4367) stylex_css css::tests::normalize_value_test::normalizes_a_value_nested_as_deeply_as_the_compiler_admits
        PASS [   0.012s] ( 569/4367) stylex_css css::tests::normalize_value_test::normalizes_rather_than_rejects_a_malformed_token_sequence
        PASS [   0.013s] ( 570/4367) stylex_css css::tests::normalize_value_test::passes_non_ascii_content_through_untouched
        PASS [   0.012s] ( 571/4367) stylex_css css::tests::normalize_value_test::re_spells_a_number_the_unit_split_cannot_read
        PASS [   0.011s] ( 572/4367) stylex_css css::tests::normalize_value_test::reads_the_zero_off_the_spelling_not_the_quantity
        PASS [   0.013s] ( 573/4367) stylex_css css::tests::normalize_value_test::rejects_a_value_with_no_tokens
        PASS [   0.011s] ( 574/4367) stylex_css css::tests::normalize_value_test::rejects_an_annotation_inside_a_function_that_is_not_the_last_token
        PASS [   0.021s] ( 575/4367) stylex_css css::tests::normalize_value_test::normalizes_a_value_made_of_very_many_tokens
        PASS [   0.012s] ( 576/4367) stylex_css css::tests::normalize_value_test::rejects_an_importance_annotation_that_is_not_last
        PASS [   0.012s] ( 577/4367) stylex_css css::tests::normalize_value_test::rejects_an_unclosed_function
        PASS [   0.012s] ( 578/4367) stylex_css css::tests::normalize_value_test::rejects_an_unclosed_string
        PASS [   0.011s] ( 579/4367) stylex_css css::tests::normalize_value_test::reports_an_unclosed_function_ahead_of_an_unclosed_string
        PASS [   0.014s] ( 580/4367) stylex_css css::tests::normalize_value_test::removes_an_unrelated_node_for_an_annotation_written_inside_a_function
        PASS [   0.011s] ( 581/4367) stylex_css css::tests::normalize_value_test::restates_a_pixel_font_size_in_rem_when_asked
        PASS [   0.012s] ( 582/4367) stylex_css css::tests::normalize_value_test::removes_the_space_before_an_importance_annotation
        PASS [   0.010s] ( 583/4367) stylex_css css::tests::normalize_value_test::settles_after_one_pass
        PASS [   0.012s] ( 584/4367) stylex_css css::tests::normalize_value_test::spells_a_re_spelled_number_the_way_javascript_does
        PASS [   0.012s] ( 585/4367) stylex_css css::tests::normalize_value_test::spaces_separators_by_which_separator_it_is
        PASS [   0.012s] ( 586/4367) stylex_css css::tests::normalize_value_test::strips_padding_inside_function_parentheses
        PASS [   0.012s] ( 587/4367) stylex_css css::tests::normalize_value_test::stops_a_number_before_an_incomplete_exponent
        PASS [   0.012s] ( 588/4367) stylex_css css::tests::normalize_value_test::spells_the_reported_divergences_the_way_the_reference_compiler_does
        PASS [   0.011s] ( 589/4367) stylex_css css::tests::normalize_value_test::treats_a_non_breaking_space_as_part_of_a_word
        PASS [   0.011s] ( 590/4367) stylex_css css::tests::spacing_repair_parity_test::applies_no_spacing_rule_inside_a_string
        PASS [   0.012s] ( 591/4367) stylex_css css::tests::normalize_value_test::strips_the_leading_zero_off_a_converted_duration
        PASS [   0.010s] ( 592/4367) stylex_css css::tests::spacing_repair_parity_test::balances_nested_parens_inside_a_url_body
        PASS [   0.014s] ( 593/4367) stylex_css css::tests::normalize_value_test::strips_the_zero_in_front_of_a_decimal_point
        PASS [   0.011s] ( 594/4367) stylex_css css::tests::spacing_repair_parity_test::counts_nesting_inside_a_url_body_as_the_parser_does
        PASS [   0.012s] ( 595/4367) stylex_css css::tests::spacing_repair_parity_test::copies_url_bodies_verbatim
        PASS [   0.011s] ( 596/4367) stylex_css css::tests::spacing_repair_parity_test::does_not_restore_a_space_swallowed_before_a_closing_paren
        PASS [   0.011s] ( 597/4367) stylex_css css::tests::spacing_repair_parity_test::does_not_close_a_url_on_a_quoted_paren
        PASS [   0.012s] ( 598/4367) stylex_css css::tests::spacing_repair_parity_test::does_not_treat_a_url_suffixed_identifier_as_a_url
        PASS [   0.011s] ( 599/4367) stylex_css css::tests::spacing_repair_parity_test::keeps_a_hex_colour_flush_against_the_token_before_it
        PASS [   0.012s] ( 600/4367) stylex_css css::tests::spacing_repair_parity_test::keeps_a_negative_decimal_after_a_percentage
        PASS [   0.011s] ( 601/4367) stylex_css css::tests::spacing_repair_parity_test::keeps_a_non_ascii_word_flush_against_a_function_result
        PASS [   0.013s] ( 602/4367) stylex_css css::tests::spacing_repair_parity_test::keeps_a_non_unit_word_flush_against_a_function_result
        PASS [   0.011s] ( 603/4367) stylex_css css::tests::spacing_repair_parity_test::keeps_a_percent_glued_to_a_function_result
        PASS [   0.012s] ( 604/4367) stylex_css css::tests::spacing_repair_parity_test::keeps_a_number_flush_against_a_percentage
        PASS [   0.013s] ( 605/4367) stylex_css css::tests::spacing_repair_parity_test::keeps_a_unit_glued_to_a_function_result
        PASS [   0.012s] ( 606/4367) stylex_css css::tests::spacing_repair_parity_test::keeps_a_url_body_that_reads_as_an_unclosed_construct
        PASS [   0.012s] ( 607/4367) stylex_css css::tests::spacing_repair_parity_test::keeps_adjacent_function_calls_flush
        PASS [   0.011s] ( 608/4367) stylex_css css::tests::spacing_repair_parity_test::keeps_adjacent_quoted_strings_flush
        PASS [   0.011s] ( 609/4367) stylex_css css::tests::spacing_repair_parity_test::keeps_adjacent_single_quoted_strings_as_written
        PASS [   0.014s] ( 610/4367) stylex_css css::tests::spacing_repair_parity_test::keeps_a_value_that_is_only_a_comment
        PASS [   0.011s] ( 611/4367) stylex_css css::tests::spacing_repair_parity_test::keeps_an_escaped_quote_around_a_protected_decimal
        PASS [   0.013s] ( 612/4367) stylex_css css::tests::spacing_repair_parity_test::keeps_an_escaped_quote_inside_a_string
        PASS [   0.012s] ( 613/4367) stylex_css css::tests::spacing_repair_parity_test::keeps_an_escaped_quote_inside_a_url_body
        PASS [   0.013s] ( 614/4367) stylex_css css::tests::spacing_repair_parity_test::keeps_comments_in_the_value
        PASS [   0.012s] ( 615/4367) stylex_css css::tests::spacing_repair_parity_test::keeps_the_leading_zero_as_the_author_wrote_it
        PASS [   0.010s] ( 616/4367) stylex_css css::tests::spacing_repair_parity_test::keeps_the_quote_character_around_a_protected_decimal
        PASS [   0.011s] ( 617/4367) stylex_css css::tests::spacing_repair_parity_test::keeps_the_quote_character_around_inert_contents
        PASS [   0.010s] ( 618/4367) stylex_css css::tests::spacing_repair_parity_test::keeps_the_quote_character_around_non_ascii_content
        PASS [   0.011s] ( 619/4367) stylex_css css::tests::spacing_repair_parity_test::keeps_the_quote_character_inside_a_url_body
        PASS [   0.011s] ( 620/4367) stylex_css css::tests::spacing_repair_parity_test::keeps_the_restoration_out_of_strings
        PASS [   0.013s] ( 621/4367) stylex_css css::tests::spacing_repair_parity_test::keeps_the_space_around_a_separated_string
        PASS [   0.010s] ( 622/4367) stylex_css css::tests::spacing_repair_parity_test::keeps_the_value_after_a_url_as_written
        PASS [   0.012s] ( 623/4367) stylex_css css::tests::spacing_repair_parity_test::keeps_what_follows_a_closing_paren_flush
        PASS [   0.012s] ( 624/4367) stylex_css css::tests::spacing_repair_parity_test::leaves_an_already_spaced_value_alone
        PASS [   0.014s] ( 625/4367) stylex_css css::tests::spacing_repair_parity_test::leaves_a_number_after_a_percentage_alone_inside_a_colour_function
        PASS [   0.012s] ( 626/4367) stylex_css css::tests::spacing_repair_parity_test::leaves_subtraction_operators_alone
        PASS [   0.011s] ( 627/4367) stylex_css css::tests::spacing_repair_parity_test::matches_units_case_sensitively
        PASS [   0.010s] ( 628/4367) stylex_css css::tests::spacing_repair_parity_test::rejects_a_value_with_nothing_to_normalize
        PASS [   0.012s] ( 629/4367) stylex_css css::tests::spacing_repair_parity_test::preserves_non_ascii_content
        PASS [   0.011s] ( 630/4367) stylex_css css::tests::spacing_repair_parity_test::rejects_an_unclosed_group_after_a_closing_paren
        PASS [   0.013s] ( 631/4367) stylex_css css::tests::spacing_repair_parity_test::rejects_an_unclosed_operand_after_a_multiplication_operator
        PASS [   0.011s] ( 632/4367) stylex_css css::tests::spacing_repair_parity_test::reports_an_unterminated_url_body_as_an_unclosed_function
        PASS [   0.010s] ( 633/4367) stylex_css css::tests::spacing_repair_parity_test::spaces_a_slash_separator_after_a_url
        PASS [   0.012s] ( 634/4367) stylex_css css::tests::spacing_repair_parity_test::spaces_the_slash_operator
        PASS [   0.011s] ( 635/4367) stylex_css css::tests::totality_test::a_closed_comment_is_not_taken_for_an_unclosed_one
        PASS [   0.014s] ( 636/4367) stylex_css css::tests::spacing_repair_parity_test::spaces_the_multiplication_operator
        PASS [   0.012s] ( 637/4367) stylex_css css::tests::totality_test::an_unclosed_comment_is_rejected_by_name
        PASS [   0.017s] ( 638/4367) stylex_css css::tests::spacing_repair_parity_test::steps_over_only_the_bodies_the_parser_takes_whole
        PASS [   0.017s] ( 639/4367) stylex_css css::tests::totality_test::every_diagnostic_the_seam_can_raise_is_reached
        PASS [   0.014s] ( 640/4367) stylex_css css::tests::totality_test::no_extreme_number_spelling_can_crash_it
        PASS [   0.013s] ( 641/4367) stylex_css css::tests::totality_test::the_arrangements_that_do_not_settle_settle_on_the_second_run
        PASS [   0.011s] ( 642/4367) stylex_css css::tests::unprefixed_custom_properties_test::a_cased_reference_to_a_prefixed_property_is_accepted
        PASS [   0.023s] ( 643/4367) stylex_css css::tests::totality_test::no_multi_byte_character_placed_at_a_slicing_boundary_can_crash_it
        PASS [   0.010s] ( 644/4367) stylex_css css::tests::unprefixed_custom_properties_test::a_first_argument_that_is_a_word_but_not_a_name_is_rejected
        PASS [   0.015s] ( 645/4367) stylex_css css::tests::unprefixed_custom_properties_test::a_dashed_function_call_is_accepted
        PASS [   0.012s] ( 646/4367) stylex_css css::tests::unprefixed_custom_properties_test::a_first_argument_that_is_not_a_word_is_accepted
        PASS [   0.010s] ( 647/4367) stylex_css css::tests::unprefixed_custom_properties_test::a_long_run_of_references_is_walked_in_full
        PASS [   0.013s] ( 648/4367) stylex_css css::tests::unprefixed_custom_properties_test::a_long_run_of_good_references_is_accepted
        PASS [   0.017s] ( 649/4367) stylex_css css::tests::unprefixed_custom_properties_test::a_nested_reference_is_out_of_reach
        PASS [   0.036s] ( 650/4367) stylex_css css::tests::totality_test::only_these_arrangements_fail_to_settle_after_one_pass
        PASS [   0.017s] ( 651/4367) stylex_css css::tests::unprefixed_custom_properties_test::a_non_ascii_property_name_is_judged_by_its_prefix
        PASS [   0.013s] ( 652/4367) stylex_css css::tests::unprefixed_custom_properties_test::a_prefixed_reference_is_accepted
        PASS [   0.012s] ( 653/4367) stylex_css css::tests::unprefixed_custom_properties_test::a_prefixed_reference_with_a_fallback_is_accepted
        PASS [   0.012s] ( 654/4367) stylex_css css::tests::unprefixed_custom_properties_test::a_reference_missing_its_prefix_is_rejected
        PASS [   0.011s] ( 655/4367) stylex_css css::tests::unprefixed_custom_properties_test::a_reference_spelled_inside_a_string_is_accepted
        PASS [   0.013s] ( 656/4367) stylex_css css::tests::unprefixed_custom_properties_test::a_reference_missing_its_prefix_is_rejected_whatever_follows_it
        PASS [   0.010s] ( 657/4367) stylex_css css::tests::unprefixed_custom_properties_test::a_reference_spelled_inside_a_url_is_accepted
        PASS [   0.010s] ( 658/4367) stylex_css css::tests::unprefixed_custom_properties_test::a_single_leading_dash_is_rejected
        PASS [   0.010s] ( 659/4367) stylex_css css::tests::unprefixed_custom_properties_test::a_structurally_impossible_value_is_reported_before_this_rule
        PASS [   0.016s] ( 660/4367) stylex_css css::tests::unprefixed_custom_properties_test::a_reference_with_no_argument_is_accepted
        PASS [   0.013s] ( 661/4367) stylex_css css::tests::unprefixed_custom_properties_test::a_value_nested_too_deeply_is_reported_before_this_rule
        PASS [   0.011s] ( 662/4367) stylex_css css::tests::unprefixed_custom_properties_test::an_escaped_prefix_does_not_count_as_a_prefix
        PASS [   0.012s] ( 663/4367) stylex_css css::tests::unprefixed_custom_properties_test::a_value_with_no_reference_is_accepted
        PASS [   0.011s] ( 664/4367) stylex_css css::tests::unprefixed_custom_properties_test::an_unclosed_reference_is_reported_as_unclosed
        PASS [   0.012s] ( 665/4367) stylex_css css::tests::unprefixed_custom_properties_test::an_unclosed_string_beside_a_bad_reference_is_reported_as_unclosed
        PASS [   0.010s] ( 666/4367) stylex_css css::tests::unprefixed_custom_properties_test::another_function_taking_a_bare_word_is_accepted
        PASS [   0.011s] ( 667/4367) stylex_css css::tests::unprefixed_custom_properties_test::one_bad_reference_among_good_ones_is_enough
        PASS [   0.012s] ( 668/4367) stylex_css css::tests::unprefixed_custom_properties_test::surrounding_whitespace_does_not_hide_the_mistake
        PASS [   0.012s] ( 669/4367) stylex_css css::tests::unprefixed_custom_properties_test::the_declared_property_does_not_change_the_verdict
        PASS [   0.011s] ( 670/4367) stylex_css css::tests::unprefixed_custom_properties_test::the_reference_name_is_matched_case_sensitively
        PASS [   0.012s] ( 671/4367) stylex_css css::tests::unprefixed_custom_properties_test::the_bare_prefix_is_accepted
        PASS [   0.013s] ( 672/4367) stylex_css css::tests::value_normalization_parity_test::an_escaped_terminator_is_not_a_terminator
        PASS [   0.010s] ( 673/4367) stylex_css css::tests::value_normalization_parity_test::converts_nothing_else_when_font_size_conversion_is_enabled
        PASS [   0.010s] ( 674/4367) stylex_css css::tests::value_normalization_parity_test::exempts_custom_properties_from_value_normalization
        PASS [   0.015s] ( 675/4367) stylex_css css::tests::value_normalization_parity_test::carries_vendor_prefixes_through_unchanged
        PASS [   0.013s] ( 676/4367) stylex_css css::tests::value_normalization_parity_test::converts_font_size_pixels_to_rem_when_enabled
        PASS [   0.014s] ( 677/4367) stylex_css css::tests::value_normalization_parity_test::converts_milliseconds_to_seconds
        PASS [   0.014s] ( 678/4367) stylex_css css::tests::value_normalization_parity_test::hands_an_unclosed_comment_to_the_rejections_the_reference_makes_too
        PASS [   0.011s] ( 679/4367) stylex_css css::tests::value_normalization_parity_test::hands_over_the_complaint_the_reference_compiler_also_writes
        PASS [   0.011s] ( 680/4367) stylex_css css::tests::value_normalization_parity_test::hyphenates_camel_case_values_for_the_properties_that_take_property_names
        PASS [   0.010s] ( 681/4367) stylex_css css::tests::value_normalization_parity_test::keeps_a_trailing_semicolon
        PASS [   0.097s] ( 682/4367) stylex_css css::tests::totality_test::only_nesting_is_bounded_and_it_rejects_rather_than_aborting
        PASS [   0.013s] ( 683/4367) stylex_css css::tests::value_normalization_parity_test::keeps_a_hex_colour_inside_a_vendor_prefixed_function
        PASS [   0.012s] ( 684/4367) stylex_css css::tests::value_normalization_parity_test::keeps_an_already_tight_function_value
        PASS [   0.010s] ( 685/4367) stylex_css css::tests::value_normalization_parity_test::keeps_milliseconds_below_the_conversion_threshold
        PASS [   0.010s] ( 686/4367) stylex_css css::tests::value_normalization_parity_test::keeps_flush_references_flush
        PASS [   0.011s] ( 687/4367) stylex_css css::tests::value_normalization_parity_test::keeps_an_escape_inside_a_string_unresolved
        PASS [   0.012s] ( 688/4367) stylex_css css::tests::value_normalization_parity_test::keeps_the_authored_quote_character
        PASS [   0.011s] ( 689/4367) stylex_css css::tests::value_normalization_parity_test::keeps_the_authored_quote_character_in_grid_template_areas
        PASS [   0.013s] ( 690/4367) stylex_css css::tests::value_normalization_parity_test::keeps_the_guards_that_run_before_parsing_ahead_of_the_token
        PASS [   0.013s] ( 691/4367) stylex_css css::tests::value_normalization_parity_test::keeps_the_leading_zero_on_a_sub_rem_font_size
        PASS [   0.010s] ( 692/4367) stylex_css css::tests::value_normalization_parity_test::keeps_the_token_ahead_of_a_rejection_the_reference_compiler_does_not_make
        PASS [   0.010s] ( 693/4367) stylex_css css::tests::value_normalization_parity_test::leaves_font_size_alone_when_the_option_is_off
        PASS [   0.013s] ( 694/4367) stylex_css css::tests::value_normalization_parity_test::leaves_non_zero_dimensions_alone
        PASS [   0.011s] ( 695/4367) stylex_css css::tests::value_normalization_parity_test::leaves_ordinary_keyword_values_alone
        PASS [   0.013s] ( 696/4367) stylex_css css::tests::value_normalization_parity_test::leaves_zeros_inside_functions_alone
        PASS [   0.012s] ( 697/4367) stylex_css css::tests::value_normalization_parity_test::normalizes_adjacent_custom_property_references
        PASS [   0.010s] ( 698/4367) stylex_css css::tests::value_normalization_parity_test::normalizes_zero_dimensions_by_unit_kind
        PASS [   0.011s] ( 699/4367) stylex_css css::tests::value_normalization_parity_test::normalizes_shadow_values
        PASS [   0.010s] ( 700/4367) stylex_css css::tests::value_normalization_parity_test::passes_inert_unparsable_values_through
        PASS [   0.016s] ( 701/4367) stylex_css css::tests::value_normalization_parity_test::normalizes_every_entry_of_a_long_list
        PASS [   0.011s] ( 702/4367) stylex_css css::tests::value_normalization_parity_test::preserves_an_escape_outside_a_string
        PASS [   0.014s] ( 703/4367) stylex_css css::tests::value_normalization_parity_test::orders_the_guards_the_same_way_around_unicode_and_escapes
        PASS [   0.011s] ( 704/4367) stylex_css css::tests::value_normalization_parity_test::rejects_a_value_carrying_an_opening_brace
        PASS [   0.013s] ( 705/4367) stylex_css css::tests::value_normalization_parity_test::preserves_non_ascii_content
        PASS [   0.013s] ( 706/4367) stylex_css css::tests::value_normalization_parity_test::rejects_a_semicolon_that_starts_a_second_declaration
        PASS [   0.012s] ( 707/4367) stylex_css css::tests::value_normalization_parity_test::rejects_deep_nesting_on_a_colour_function
        PASS [   0.012s] ( 708/4367) stylex_css css::tests::value_normalization_parity_test::rewrites_a_zero_angle_inside_a_transform_function
        PASS [   0.014s] ( 709/4367) stylex_css css::tests::value_normalization_parity_test::removes_spacing_after_commas_inside_functions
        PASS [   0.018s] ( 710/4367) stylex_css css::tests::value_normalization_parity_test::rejects_function_nesting_past_the_limit
        PASS [   0.010s] ( 711/4367) stylex_css css::tests::value_normalization_parity_test::spells_multi_byte_characters_at_a_slicing_boundary_the_way_the_reference_does
        PASS [   0.010s] ( 712/4367) stylex_css css::tests::value_normalization_parity_test::still_accepts_a_token_that_cannot_escape_its_declaration
        PASS [   0.013s] ( 713/4367) stylex_css css::tests::value_normalization_parity_test::spells_the_arrangements_that_do_not_settle_the_way_the_reference_does
        PASS [   0.014s] ( 714/4367) stylex_css css::tests::value_normalization_parity_test::spells_numbers_at_the_edges_of_a_double_the_way_the_reference_does
        PASS [   0.013s] ( 715/4367) stylex_css css::tests::value_normalization_parity_test::still_refuses_a_value_whose_only_fault_is_the_token
        PASS [   0.011s] ( 716/4367) stylex_css css::tests::value_normalization_parity_test::strips_the_leading_zero_from_a_decimal
        PASS [   0.012s] ( 717/4367) stylex_css css::tests::value_normalization_parity_test::survives_function_nesting_up_to_the_limit
        PASS [   0.011s] ( 718/4367) stylex_css order::constants::application_order::coverage_tests::infallible_panics_on_unexpected_error
        PASS [   0.015s] ( 719/4367) stylex_css css::tests::value_normalization_parity_test::strips_leading_zeros_inside_colour_functions
        PASS [   0.010s] ( 720/4367) stylex_css order::constants::application_order::nested_expansion_position_tests::background_spreads_its_position_between_origin_and_repeat
        PASS [   0.012s] ( 721/4367) stylex_css order::constants::application_order::nested_expansion_position_tests::animation_spreads_its_range_before_the_timeline
        PASS [   0.013s] ( 722/4367) stylex_css order::constants::application_order::nested_expansion_position_tests::expansion_of_a_shorthand_that_refuses_reaches_the_infallible_guard
        PASS [   0.013s] ( 723/4367) stylex_css order::constants::application_order::nested_expansion_position_tests::expansion_of_refuses_a_name_that_is_not_a_shorthand
        PASS [   0.012s] ( 724/4367) stylex_css order::constants::application_order::nested_expansion_position_tests::font_spreads_its_variants_between_style_and_weight
        PASS [   0.011s] ( 725/4367) stylex_css order::constants::application_order::nested_expansion_position_tests::grid_spreads_its_template_ahead_of_the_auto_axes
        PASS [   0.011s] ( 726/4367) stylex_css order::constants::application_order::nested_expansion_position_tests::scroll_margin_spreads_block_before_inline
        PASS [   0.015s] ( 727/4367) stylex_css order::constants::application_order::nested_expansion_position_tests::scroll_padding_spreads_block_before_inline_too
        PASS [   0.015s] ( 728/4367) stylex_css order::tests::application_order_constants_test::aliases_get_block_size
        PASS [   0.013s] ( 729/4367) stylex_css order::tests::application_order_constants_test::aliases_get_border_block_end_style
        PASS [   0.014s] ( 730/4367) stylex_css order::tests::application_order_constants_test::aliases_get_border_block_end_color
        PASS [   0.014s] ( 731/4367) stylex_css order::tests::application_order_constants_test::aliases_get_border_block_end_delegates_to_border_bottom
        PASS [   0.015s] ( 732/4367) stylex_css order::tests::application_order_constants_test::aliases_get_border_block_start_color
        PASS [   0.016s] ( 733/4367) stylex_css order::tests::application_order_constants_test::aliases_get_border_block_end_width
        PASS [   0.013s] ( 734/4367) stylex_css order::tests::application_order_constants_test::aliases_get_border_block_start_delegates_to_border_top
        PASS [   0.013s] ( 735/4367) stylex_css order::tests::application_order_constants_test::aliases_get_border_block_start_style
        PASS [   0.012s] ( 736/4367) stylex_css order::tests::application_order_constants_test::aliases_get_border_bottom_end_radius
        PASS [   0.011s] ( 737/4367) stylex_css order::tests::application_order_constants_test::aliases_get_border_end_color_delegates
        PASS [   0.014s] ( 738/4367) stylex_css order::tests::application_order_constants_test::aliases_get_border_bottom_start_radius
        PASS [   0.011s] ( 739/4367) stylex_css order::tests::application_order_constants_test::aliases_get_border_end_delegates_to_border_inline_end
        PASS [   0.010s] ( 740/4367) stylex_css order::tests::application_order_constants_test::aliases_get_border_end_style_delegates_to_border_inline_end_style
        PASS [   0.020s] ( 741/4367) stylex_css order::tests::application_order_constants_test::aliases_get_border_block_start_width
        PASS [   0.013s] ( 742/4367) stylex_css order::tests::application_order_constants_test::aliases_get_border_end_width_delegates_to_border_inline_end_width
        PASS [   0.013s] ( 743/4367) stylex_css order::tests::application_order_constants_test::aliases_get_border_horizontal_color_delegates_to_border_inline_color
        PASS [   0.010s] ( 744/4367) stylex_css order::tests::application_order_constants_test::aliases_get_border_start_color_delegates
        PASS [   0.011s] ( 745/4367) stylex_css order::tests::application_order_constants_test::aliases_get_border_horizontal_delegates
        PASS [   0.011s] ( 746/4367) stylex_css order::tests::application_order_constants_test::aliases_get_border_horizontal_style_delegates_to_border_inline_style
        PASS [   0.011s] ( 747/4367) stylex_css order::tests::application_order_constants_test::aliases_get_border_horizontal_width_delegates
        PASS [   0.011s] ( 748/4367) stylex_css order::tests::application_order_constants_test::aliases_get_border_start_style_delegates_to_border_inline_start_style
        PASS [   0.014s] ( 749/4367) stylex_css order::tests::application_order_constants_test::aliases_get_border_start_delegates_to_border_inline_start
        PASS [   0.012s] ( 750/4367) stylex_css order::tests::application_order_constants_test::aliases_get_border_top_end_radius
        PASS [   0.012s] ( 751/4367) stylex_css order::tests::application_order_constants_test::aliases_get_border_start_width_delegates_to_border_inline_start_width
        PASS [   0.012s] ( 752/4367) stylex_css order::tests::application_order_constants_test::aliases_get_border_top_start_radius
        PASS [   0.012s] ( 753/4367) stylex_css order::tests::application_order_constants_test::aliases_get_border_vertical_color_delegates_to_border_block_color
        PASS [   0.012s] ( 754/4367) stylex_css order::tests::application_order_constants_test::aliases_get_border_vertical_delegates_to_border_block
        PASS [   0.010s] ( 755/4367) stylex_css order::tests::application_order_constants_test::aliases_get_border_vertical_style_delegates_to_border_block_style
        PASS [   0.011s] ( 756/4367) stylex_css order::tests::application_order_constants_test::aliases_get_border_vertical_width_delegates
        PASS [   0.011s] ( 757/4367) stylex_css order::tests::application_order_constants_test::aliases_get_contain_intrinsic_block_size
        PASS [   0.012s] ( 758/4367) stylex_css order::tests::application_order_constants_test::aliases_get_empty_returns_none
        PASS [   0.012s] ( 759/4367) stylex_css order::tests::application_order_constants_test::aliases_get_end_delegates
        PASS [   0.012s] ( 760/4367) stylex_css order::tests::application_order_constants_test::aliases_get_contain_intrinsic_inline_size
        PASS [   0.011s] ( 761/4367) stylex_css order::tests::application_order_constants_test::aliases_get_grid_gap_delegates_to_shorthands
        PASS [   0.014s] ( 762/4367) stylex_css order::tests::application_order_constants_test::aliases_get_grid_column_gap
        PASS [   0.010s] ( 763/4367) stylex_css order::tests::application_order_constants_test::aliases_get_grid_row_gap
        PASS [   0.010s] ( 764/4367) stylex_css order::tests::application_order_constants_test::aliases_get_inline_size
        PASS [   0.010s] ( 765/4367) stylex_css order::tests::application_order_constants_test::aliases_get_inset_block_start
        PASS [   0.011s] ( 766/4367) stylex_css order::tests::application_order_constants_test::aliases_get_inset_block_end
        PASS [   0.011s] ( 767/4367) stylex_css order::tests::application_order_constants_test::aliases_get_margin_block_end
        PASS [   0.010s] ( 768/4367) stylex_css order::tests::application_order_constants_test::aliases_get_margin_block_start
        PASS [   0.012s] ( 769/4367) stylex_css order::tests::application_order_constants_test::aliases_get_margin_end_delegates
        PASS [   0.011s] ( 770/4367) stylex_css order::tests::application_order_constants_test::aliases_get_margin_horizontal_delegates
        PASS [   0.012s] ( 771/4367) stylex_css order::tests::application_order_constants_test::aliases_get_margin_start_delegates
        PASS [   0.010s] ( 772/4367) stylex_css order::tests::application_order_constants_test::aliases_get_max_inline_size
        PASS [   0.011s] ( 773/4367) stylex_css order::tests::application_order_constants_test::aliases_get_max_block_size
        PASS [   0.013s] ( 774/4367) stylex_css order::tests::application_order_constants_test::aliases_get_margin_vertical_delegates
        PASS [   0.010s] ( 775/4367) stylex_css order::tests::application_order_constants_test::aliases_get_min_inline_size
        PASS [   0.014s] ( 776/4367) stylex_css order::tests::application_order_constants_test::aliases_get_min_block_size
        PASS [   0.013s] ( 777/4367) stylex_css order::tests::application_order_constants_test::aliases_get_overflow_block
        PASS [   0.010s] ( 778/4367) stylex_css order::tests::application_order_constants_test::aliases_get_padding_block_end
        PASS [   0.012s] ( 779/4367) stylex_css order::tests::application_order_constants_test::aliases_get_overflow_inline
        PASS [   0.011s] ( 780/4367) stylex_css order::tests::application_order_constants_test::aliases_get_padding_block_start
        PASS [   0.011s] ( 781/4367) stylex_css order::tests::application_order_constants_test::aliases_get_padding_end_delegates
        PASS [   0.012s] ( 782/4367) stylex_css order::tests::application_order_constants_test::aliases_get_padding_horizontal_delegates
        PASS [   0.011s] ( 783/4367) stylex_css order::tests::application_order_constants_test::aliases_get_padding_start_delegates
        PASS [   0.010s] ( 784/4367) stylex_css order::tests::application_order_constants_test::aliases_get_scroll_margin_block_end
        PASS [   0.012s] ( 785/4367) stylex_css order::tests::application_order_constants_test::aliases_get_padding_vertical_delegates
        PASS [   0.011s] ( 786/4367) stylex_css order::tests::application_order_constants_test::aliases_get_start_delegates
        PASS [   0.011s] ( 787/4367) stylex_css order::tests::application_order_constants_test::aliases_get_unknown_returns_none
        PASS [   0.014s] ( 788/4367) stylex_css order::tests::application_order_constants_test::aliases_get_scroll_margin_block_start
        PASS [   0.010s] ( 789/4367) stylex_css order::tests::application_order_constants_test::shorthands_border_color_with_value
        PASS [   0.010s] ( 790/4367) stylex_css order::tests::application_order_constants_test::shorthands_get_all_returns_err
        PASS [   0.012s] ( 791/4367) stylex_css order::tests::application_order_constants_test::shorthands_get_animation_returns_ok
        PASS [   0.012s] ( 792/4367) stylex_css order::tests::application_order_constants_test::shorthands_get_animation_range
        PASS [   0.010s] ( 793/4367) stylex_css order::tests::application_order_constants_test::shorthands_get_animation_with_value
        PASS [   0.012s] ( 794/4367) stylex_css order::tests::application_order_constants_test::shorthands_get_background_position
        PASS [   0.010s] ( 795/4367) stylex_css order::tests::application_order_constants_test::shorthands_get_background_returns_ok
        PASS [   0.010s] ( 796/4367) stylex_css order::tests::application_order_constants_test::shorthands_get_border_block_color
        PASS [   0.012s] ( 797/4367) stylex_css order::tests::application_order_constants_test::shorthands_get_border_block
        PASS [   0.011s] ( 798/4367) stylex_css order::tests::application_order_constants_test::shorthands_get_border_bottom
        PASS [   0.011s] ( 799/4367) stylex_css order::tests::application_order_constants_test::shorthands_get_border_block_width
        PASS [   0.010s] ( 800/4367) stylex_css order::tests::application_order_constants_test::shorthands_get_border_image
        PASS [   0.010s] ( 801/4367) stylex_css order::tests::application_order_constants_test::shorthands_get_border_color
        PASS [   0.011s] ( 802/4367) stylex_css order::tests::application_order_constants_test::shorthands_get_border_expands
        PASS [   0.014s] ( 803/4367) stylex_css order::tests::application_order_constants_test::shorthands_get_border_block_style
        PASS [   0.010s] ( 804/4367) stylex_css order::tests::application_order_constants_test::shorthands_get_border_inline
        PASS [   0.010s] ( 805/4367) stylex_css order::tests::application_order_constants_test::shorthands_get_border_inline_start
        PASS [   0.011s] ( 806/4367) stylex_css order::tests::application_order_constants_test::shorthands_get_border_inline_end_color
        PASS [   0.010s] ( 807/4367) stylex_css order::tests::application_order_constants_test::shorthands_get_border_inline_start_end_style
        PASS [   0.012s] ( 808/4367) stylex_css order::tests::application_order_constants_test::shorthands_get_border_inline_end
        PASS [   0.012s] ( 809/4367) stylex_css order::tests::application_order_constants_test::shorthands_get_border_inline_start_color
        PASS [   0.018s] ( 810/4367) stylex_css order::tests::application_order_constants_test::shorthands_get_border_inline_color
        PASS [   0.014s] ( 811/4367) stylex_css order::tests::application_order_constants_test::shorthands_get_border_inline_start_end_width
        PASS [   0.011s] ( 812/4367) stylex_css order::tests::application_order_constants_test::shorthands_get_border_inline_width
        PASS [   0.012s] ( 813/4367) stylex_css order::tests::application_order_constants_test::shorthands_get_border_inline_style
        PASS [   0.011s] ( 814/4367) stylex_css order::tests::application_order_constants_test::shorthands_get_border_left
        PASS [   0.011s] ( 815/4367) stylex_css order::tests::application_order_constants_test::shorthands_get_border_left_right_color
        PASS [   0.010s] ( 816/4367) stylex_css order::tests::application_order_constants_test::shorthands_get_border_left_right_style
        PASS [   0.012s] ( 817/4367) stylex_css order::tests::application_order_constants_test::shorthands_get_border_radius
        PASS [   0.015s] ( 818/4367) stylex_css order::tests::application_order_constants_test::shorthands_get_border_left_right_width
        PASS [   0.010s] ( 819/4367) stylex_css order::tests::application_order_constants_test::shorthands_get_border_style
        PASS [   0.011s] ( 820/4367) stylex_css order::tests::application_order_constants_test::shorthands_get_border_right
        PASS [   0.009s] ( 821/4367) stylex_css order::tests::application_order_constants_test::shorthands_get_border_top_left_right_radius
        PASS [   0.011s] ( 822/4367) stylex_css order::tests::application_order_constants_test::shorthands_get_border_start_end_radius
        PASS [   0.012s] ( 823/4367) stylex_css order::tests::application_order_constants_test::shorthands_get_border_width
        PASS [   0.018s] ( 824/4367) stylex_css order::tests::application_order_constants_test::shorthands_get_border_top
        PASS [   0.011s] ( 825/4367) stylex_css order::tests::application_order_constants_test::shorthands_get_column_rule
        PASS [   0.010s] ( 826/4367) stylex_css order::tests::application_order_constants_test::shorthands_get_columns
        PASS [   0.011s] ( 827/4367) stylex_css order::tests::application_order_constants_test::shorthands_get_container
        PASS [   0.012s] ( 828/4367) stylex_css order::tests::application_order_constants_test::shorthands_get_contain_intrinsic_size
        PASS [   0.012s] ( 829/4367) stylex_css order::tests::application_order_constants_test::shorthands_get_corner_shape
        PASS [   0.011s] ( 830/4367) stylex_css order::tests::application_order_constants_test::shorthands_get_empty_string_returns_none
        PASS [   0.012s] ( 831/4367) stylex_css order::tests::application_order_constants_test::shorthands_get_corner_start_end_shapes
        PASS [   0.010s] ( 832/4367) stylex_css order::tests::application_order_constants_test::shorthands_get_flex
        PASS [   0.010s] ( 833/4367) stylex_css order::tests::application_order_constants_test::shorthands_get_gap
        PASS [   0.011s] ( 834/4367) stylex_css order::tests::application_order_constants_test::shorthands_get_font
        PASS [   0.012s] ( 835/4367) stylex_css order::tests::application_order_constants_test::shorthands_get_flex_flow
        PASS [   0.011s] ( 836/4367) stylex_css order::tests::application_order_constants_test::shorthands_get_font_variant
        PASS [   0.011s] ( 837/4367) stylex_css order::tests::application_order_constants_test::shorthands_get_grid_column
        PASS [   0.012s] ( 838/4367) stylex_css order::tests::application_order_constants_test::shorthands_get_grid
        PASS [   0.010s] ( 839/4367) stylex_css order::tests::application_order_constants_test::shorthands_get_grid_template
        PASS [   0.010s] ( 840/4367) stylex_css order::tests::application_order_constants_test::shorthands_get_inset_block
        PASS [   0.011s] ( 841/4367) stylex_css order::tests::application_order_constants_test::shorthands_get_grid_row
        PASS [   0.013s] ( 842/4367) stylex_css order::tests::application_order_constants_test::shorthands_get_grid_area
        PASS [   0.012s] ( 843/4367) stylex_css order::tests::application_order_constants_test::shorthands_get_inset
        PASS [   0.010s] ( 844/4367) stylex_css order::tests::application_order_constants_test::shorthands_get_inset_inline
        PASS [   0.010s] ( 845/4367) stylex_css order::tests::application_order_constants_test::shorthands_get_inset_inline_end
        PASS [   0.010s] ( 846/4367) stylex_css order::tests::application_order_constants_test::shorthands_get_left_right
        PASS [   0.012s] ( 847/4367) stylex_css order::tests::application_order_constants_test::shorthands_get_inset_inline_start
        PASS [   0.012s] ( 848/4367) stylex_css order::tests::application_order_constants_test::shorthands_get_list_style
        PASS [   0.013s] ( 849/4367) stylex_css order::tests::application_order_constants_test::shorthands_get_margin_block
        PASS [   0.014s] ( 850/4367) stylex_css order::tests::application_order_constants_test::shorthands_get_margin
        PASS [   0.011s] ( 851/4367) stylex_css order::tests::application_order_constants_test::shorthands_get_margin_inline
        PASS [   0.012s] ( 852/4367) stylex_css order::tests::application_order_constants_test::shorthands_get_margin_inline_end
        PASS [   0.011s] ( 853/4367) stylex_css order::tests::application_order_constants_test::shorthands_get_margin_inline_start
        PASS [   0.010s] ( 854/4367) stylex_css order::tests::application_order_constants_test::shorthands_get_margin_left_right
        PASS [   0.010s] ( 855/4367) stylex_css order::tests::application_order_constants_test::shorthands_get_mask
        PASS [   0.012s] ( 856/4367) stylex_css order::tests::application_order_constants_test::shorthands_get_mask_border
        PASS [   0.017s] ( 857/4367) stylex_css order::tests::application_order_constants_test::shorthands_get_offset
        PASS [   0.011s] ( 858/4367) stylex_css order::tests::application_order_constants_test::shorthands_get_outline
        PASS [   0.010s] ( 859/4367) stylex_css order::tests::application_order_constants_test::shorthands_get_overflow
        PASS [   0.010s] ( 860/4367) stylex_css order::tests::application_order_constants_test::shorthands_get_padding_block
        PASS [   0.012s] ( 861/4367) stylex_css order::tests::application_order_constants_test::shorthands_get_padding_inline
        PASS [   0.014s] ( 862/4367) stylex_css order::tests::application_order_constants_test::shorthands_get_padding
        PASS [   0.011s] ( 863/4367) stylex_css order::tests::application_order_constants_test::shorthands_get_padding_inline_end
        PASS [   0.010s] ( 864/4367) stylex_css order::tests::application_order_constants_test::shorthands_get_place_content
        PASS [   0.011s] ( 865/4367) stylex_css order::tests::application_order_constants_test::shorthands_get_padding_left_right
        PASS [   0.011s] ( 866/4367) stylex_css order::tests::application_order_constants_test::shorthands_get_place_items
        PASS [   0.013s] ( 867/4367) stylex_css order::tests::application_order_constants_test::shorthands_get_padding_inline_start
        PASS [   0.011s] ( 868/4367) stylex_css order::tests::application_order_constants_test::shorthands_get_place_self
        PASS [   0.010s] ( 869/4367) stylex_css order::tests::application_order_constants_test::shorthands_get_scroll_margin_block
        PASS [   0.012s] ( 870/4367) stylex_css order::tests::application_order_constants_test::shorthands_get_scroll_margin
        PASS [   0.010s] ( 871/4367) stylex_css order::tests::application_order_constants_test::shorthands_get_scroll_margin_inline
        PASS [   0.009s] ( 872/4367) stylex_css order::tests::application_order_constants_test::shorthands_get_scroll_margin_left_right
        PASS [   0.010s] ( 873/4367) stylex_css order::tests::application_order_constants_test::shorthands_get_scroll_padding
        PASS [   0.012s] ( 874/4367) stylex_css order::tests::application_order_constants_test::shorthands_get_scroll_margin_inline_start_end
        PASS [   0.012s] ( 875/4367) stylex_css order::tests::application_order_constants_test::shorthands_get_scroll_padding_block
        PASS [   0.011s] ( 876/4367) stylex_css order::tests::application_order_constants_test::shorthands_get_scroll_padding_inline_start_end
        PASS [   0.011s] ( 877/4367) stylex_css order::tests::application_order_constants_test::shorthands_get_scroll_padding_inline
        PASS [   0.011s] ( 878/4367) stylex_css order::tests::application_order_constants_test::shorthands_get_scroll_padding_left_right
        PASS [   0.012s] ( 879/4367) stylex_css order::tests::application_order_constants_test::shorthands_get_scroll_snap_type
        PASS [   0.010s] ( 880/4367) stylex_css order::tests::application_order_constants_test::shorthands_get_scroll_timeline
        PASS [   0.010s] ( 881/4367) stylex_css order::tests::application_order_constants_test::shorthands_get_special_chars_returns_none
        PASS [   0.011s] ( 882/4367) stylex_css order::tests::application_order_constants_test::shorthands_get_text_decoration
        PASS [   0.010s] ( 883/4367) stylex_css order::tests::application_order_constants_test::shorthands_get_text_emphasis
        PASS [   0.009s] ( 884/4367) stylex_css order::tests::application_order_constants_test::shorthands_get_transition
        PASS [   0.010s] ( 885/4367) stylex_css order::tests::application_order_constants_test::shorthands_margin_with_value
        PASS [   0.011s] ( 886/4367) stylex_css order::tests::application_order_constants_test::shorthands_get_unknown_returns_none
        PASS [   0.012s] ( 887/4367) stylex_css order::tests::application_order_constants_test::shorthands_overflow_with_value
        PASS [   0.010s] ( 888/4367) stylex_css order::tests::application_order_structures_test::get_expansion_fn_empty_returns_none
        PASS [   0.014s] ( 889/4367) stylex_css order::tests::application_order_constants_test::shorthands_padding_with_value
        PASS [   0.011s] ( 890/4367) stylex_css order::tests::application_order_structures_test::alias_found_before_shorthand_for_border_horizontal_width
        PASS [   0.013s] ( 891/4367) stylex_css order::tests::application_order_structures_test::get_expansion_fn_for_alias_block_size
        PASS [   0.010s] ( 892/4367) stylex_css order::tests::application_order_structures_test::get_expansion_fn_for_alias_inline_size
        PASS [   0.013s] ( 893/4367) stylex_css order::tests::application_order_structures_test::get_expansion_fn_for_alias_margin_block_start
        PASS [   0.013s] ( 894/4367) stylex_css order::tests::application_order_structures_test::get_expansion_fn_for_alias_overflow_block
        PASS [   0.010s] ( 895/4367) stylex_css order::tests::application_order_structures_test::get_expansion_fn_for_margin
        PASS [   0.012s] ( 896/4367) stylex_css order::tests::application_order_structures_test::get_expansion_fn_for_animation
        PASS [   0.013s] ( 897/4367) stylex_css order::tests::application_order_structures_test::get_expansion_fn_for_border
        PASS [   0.012s] ( 898/4367) stylex_css order::tests::application_order_structures_test::get_expansion_fn_for_overflow
        PASS [   0.011s] ( 899/4367) stylex_css order::tests::application_order_structures_test::get_expansion_fn_for_padding
        PASS [   0.011s] ( 900/4367) stylex_css order::tests::application_order_structures_test::get_expansion_fn_special_chars_returns_none
        PASS [   0.010s] ( 901/4367) stylex_css order::tests::application_order_structures_test::get_expansion_fn_unknown_returns_none
        PASS [   0.010s] ( 902/4367) stylex_css order::tests::legacy_expand_shorthands_constants_test::a_lone_auto_qualifies_nothing_and_sizes_both_axes
        PASS [   0.011s] ( 903/4367) stylex_css order::tests::legacy_expand_shorthands_constants_test::a_lone_quote_is_not_a_quoted_list_style_type
        PASS [   0.012s] ( 904/4367) stylex_css order::tests::legacy_expand_shorthands_constants_test::a_trailing_auto_has_nothing_to_qualify
        PASS [   0.011s] ( 905/4367) stylex_css order::tests::legacy_expand_shorthands_constants_test::a_value_of_nothing_but_empty_parts_still_expands_to_four_sides
        PASS [   0.012s] ( 906/4367) stylex_css order::tests::legacy_expand_shorthands_constants_test::aliases_get_block_size
        PASS [   0.011s] ( 907/4367) stylex_css order::tests::legacy_expand_shorthands_constants_test::aliases_get_border_block_delegates
        PASS [   0.012s] ( 908/4367) stylex_css order::tests::legacy_expand_shorthands_constants_test::aliases_get_border_block_start_end_properties
        PASS [   0.012s] ( 909/4367) stylex_css order::tests::legacy_expand_shorthands_constants_test::aliases_get_border_inline_delegates
        PASS [   0.012s] ( 910/4367) stylex_css order::tests::legacy_expand_shorthands_constants_test::aliases_get_border_radius_aliases
        PASS [   0.011s] ( 911/4367) stylex_css order::tests::legacy_expand_shorthands_constants_test::aliases_get_clear_both_passthrough
        PASS [   0.011s] ( 912/4367) stylex_css order::tests::legacy_expand_shorthands_constants_test::aliases_get_clear_end
        PASS [   0.013s] ( 913/4367) stylex_css order::tests::legacy_expand_shorthands_constants_test::aliases_get_border_start_end
        PASS [   0.010s] ( 914/4367) stylex_css order::tests::legacy_expand_shorthands_constants_test::aliases_get_clear_none
        PASS [   0.014s] ( 915/4367) stylex_css order::tests::legacy_expand_shorthands_constants_test::aliases_get_clear_inline_end
        PASS [   0.012s] ( 916/4367) stylex_css order::tests::legacy_expand_shorthands_constants_test::aliases_get_clear_inline_start
        PASS [   0.011s] ( 917/4367) stylex_css order::tests::legacy_expand_shorthands_constants_test::aliases_get_clear_start
        PASS [   0.010s] ( 918/4367) stylex_css order::tests::legacy_expand_shorthands_constants_test::aliases_get_empty_returns_none
        PASS [   0.013s] ( 919/4367) stylex_css order::tests::legacy_expand_shorthands_constants_test::aliases_get_float_end
        PASS [   0.013s] ( 920/4367) stylex_css order::tests::legacy_expand_shorthands_constants_test::aliases_get_float_inline_end
        PASS [   0.010s] ( 921/4367) stylex_css order::tests::legacy_expand_shorthands_constants_test::aliases_get_float_inline_start
        PASS [   0.010s] ( 922/4367) stylex_css order::tests::legacy_expand_shorthands_constants_test::aliases_get_float_left_passthrough
        PASS [   0.012s] ( 923/4367) stylex_css order::tests::legacy_expand_shorthands_constants_test::aliases_get_float_none
        PASS [   0.012s] ( 924/4367) stylex_css order::tests::legacy_expand_shorthands_constants_test::aliases_get_grid_column_gap
        PASS [   0.014s] ( 925/4367) stylex_css order::tests::legacy_expand_shorthands_constants_test::aliases_get_float_start
        PASS [   0.013s] ( 926/4367) stylex_css order::tests::legacy_expand_shorthands_constants_test::aliases_get_grid_gap_delegates
        PASS [   0.013s] ( 927/4367) stylex_css order::tests::legacy_expand_shorthands_constants_test::aliases_get_grid_row_gap
        PASS [   0.012s] ( 928/4367) stylex_css order::tests::legacy_expand_shorthands_constants_test::aliases_get_inline_size
        PASS [   0.010s] ( 929/4367) stylex_css order::tests::legacy_expand_shorthands_constants_test::aliases_get_inset_block_end
        PASS [   0.014s] ( 930/4367) stylex_css order::tests::legacy_expand_shorthands_constants_test::aliases_get_inset_block_start
        PASS [   0.013s] ( 931/4367) stylex_css order::tests::legacy_expand_shorthands_constants_test::aliases_get_inset_inline_end_delegates
        PASS [   0.012s] ( 932/4367) stylex_css order::tests::legacy_expand_shorthands_constants_test::aliases_get_inset_inline_start_delegates
        PASS [   0.010s] ( 933/4367) stylex_css order::tests::legacy_expand_shorthands_constants_test::aliases_get_margin_inline_delegates
        PASS [   0.011s] ( 934/4367) stylex_css order::tests::legacy_expand_shorthands_constants_test::aliases_get_margin_inline_start_end
        PASS [   0.012s] ( 935/4367) stylex_css order::tests::legacy_expand_shorthands_constants_test::aliases_get_margin_block_delegates
        PASS [   0.013s] ( 936/4367) stylex_css order::tests::legacy_expand_shorthands_constants_test::aliases_get_margin_block_start_end
        PASS [   0.010s] ( 937/4367) stylex_css order::tests::legacy_expand_shorthands_constants_test::aliases_get_min_max_block_inline_size
        PASS [   0.011s] ( 938/4367) stylex_css order::tests::legacy_expand_shorthands_constants_test::aliases_get_padding_block_delegates
        PASS [   0.012s] ( 939/4367) stylex_css order::tests::legacy_expand_shorthands_constants_test::aliases_get_overflow_block_inline
        PASS [   0.013s] ( 940/4367) stylex_css order::tests::legacy_expand_shorthands_constants_test::aliases_get_padding_block_start_end
        PASS [   0.012s] ( 941/4367) stylex_css order::tests::legacy_expand_shorthands_constants_test::aliases_get_padding_inline_delegates
        PASS [   0.012s] ( 942/4367) stylex_css order::tests::legacy_expand_shorthands_constants_test::aliases_get_scroll_margin_block_start_end
        PASS [   0.015s] ( 943/4367) stylex_css order::tests::legacy_expand_shorthands_constants_test::aliases_get_padding_inline_start_end
        PASS [   0.012s] ( 944/4367) stylex_css order::tests::legacy_expand_shorthands_constants_test::aliases_get_unknown_returns_none
        PASS [   0.013s] ( 945/4367) stylex_css order::tests::legacy_expand_shorthands_constants_test::an_empty_first_part_does_not_slide_the_remaining_sides_up
        PASS [   0.010s] ( 946/4367) stylex_css order::tests::legacy_expand_shorthands_constants_test::auto_joins_the_size_after_it_into_one_part
        PASS [   0.014s] ( 947/4367) stylex_css order::tests::legacy_expand_shorthands_constants_test::auto_joins_an_empty_part_too
        PASS [   0.013s] ( 948/4367) stylex_css order::tests::legacy_expand_shorthands_constants_test::list_style_lets_an_empty_part_take_the_slot_it_landed_in
        PASS [   0.011s] ( 949/4367) stylex_css order::tests::legacy_expand_shorthands_constants_test::list_style_refuses_an_image_beside_an_empty_part
        PASS [   0.013s] ( 950/4367) stylex_css order::tests::legacy_expand_shorthands_constants_test::more_parts_than_sides_still_reads_the_first_four
        PASS [   0.013s] ( 951/4367) stylex_css order::tests::legacy_expand_shorthands_constants_test::one_size_sizes_both_axes
        PASS [   0.011s] ( 952/4367) stylex_css order::tests::legacy_expand_shorthands_constants_test::shorthands_get_border_expands
        PASS [   0.013s] ( 953/4367) stylex_css order::tests::legacy_expand_shorthands_constants_test::shorthands_get_border_color
        PASS [   0.011s] ( 954/4367) stylex_css order::tests::legacy_expand_shorthands_constants_test::shorthands_get_border_horizontal
        PASS [   0.012s] ( 955/4367) stylex_css order::tests::legacy_expand_shorthands_constants_test::shorthands_get_border_horizontal_color
        PASS [   0.013s] ( 956/4367) stylex_css order::tests::legacy_expand_shorthands_constants_test::shorthands_get_border_horizontal_style
        PASS [   0.011s] ( 957/4367) stylex_css order::tests::legacy_expand_shorthands_constants_test::shorthands_get_border_horizontal_width
        PASS [   0.012s] ( 958/4367) stylex_css order::tests::legacy_expand_shorthands_constants_test::shorthands_get_border_inline_style
        PASS [   0.012s] ( 959/4367) stylex_css order::tests::legacy_expand_shorthands_constants_test::shorthands_get_border_inline_width
        PASS [   0.017s] ( 960/4367) stylex_css order::tests::legacy_expand_shorthands_constants_test::shorthands_get_border_inline_color
        PASS [   0.013s] ( 961/4367) stylex_css order::tests::legacy_expand_shorthands_constants_test::shorthands_get_border_radius
        PASS [   0.011s] ( 962/4367) stylex_css order::tests::legacy_expand_shorthands_constants_test::shorthands_get_border_style
        PASS [   0.011s] ( 963/4367) stylex_css order::tests::legacy_expand_shorthands_constants_test::shorthands_get_border_vertical
        PASS [   0.012s] ( 964/4367) stylex_css order::tests::legacy_expand_shorthands_constants_test::shorthands_get_border_vertical_color
        PASS [   0.013s] ( 965/4367) stylex_css order::tests::legacy_expand_shorthands_constants_test::shorthands_get_border_vertical_style
        PASS [   0.011s] ( 966/4367) stylex_css order::tests::legacy_expand_shorthands_constants_test::shorthands_get_border_width
        PASS [   0.012s] ( 967/4367) stylex_css order::tests::legacy_expand_shorthands_constants_test::shorthands_get_border_with_value
        PASS [   0.011s] ( 968/4367) stylex_css order::tests::legacy_expand_shorthands_constants_test::shorthands_get_contain_intrinsic_size
        PASS [   0.014s] ( 969/4367) stylex_css order::tests::legacy_expand_shorthands_constants_test::shorthands_get_border_vertical_width
        PASS [   0.016s] ( 970/4367) stylex_css order::tests::legacy_expand_shorthands_constants_test::shorthands_get_contain_intrinsic_size_auto
        PASS [   0.014s] ( 971/4367) stylex_css order::tests::legacy_expand_shorthands_constants_test::shorthands_get_empty_returns_none
        PASS [   0.010s] ( 972/4367) stylex_css order::tests::legacy_expand_shorthands_constants_test::shorthands_get_inset_inline
        PASS [   0.012s] ( 973/4367) stylex_css order::tests::legacy_expand_shorthands_constants_test::shorthands_get_end
        PASS [   0.011s] ( 974/4367) stylex_css order::tests::legacy_expand_shorthands_constants_test::shorthands_get_gap
        PASS [   0.014s] ( 975/4367) stylex_css order::tests::legacy_expand_shorthands_constants_test::shorthands_get_inset
        PASS [   0.014s] ( 976/4367) stylex_css order::tests::legacy_expand_shorthands_constants_test::shorthands_get_inset_block
        PASS [   0.012s] ( 977/4367) stylex_css order::tests::legacy_expand_shorthands_constants_test::shorthands_get_left
        PASS [   0.014s] ( 978/4367) stylex_css order::tests::legacy_expand_shorthands_constants_test::shorthands_get_list_style_global_inherit
        PASS [   0.011s] ( 979/4367) stylex_css order::tests::legacy_expand_shorthands_constants_test::shorthands_get_list_style_none
        PASS [   0.011s] ( 980/4367) stylex_css order::tests::legacy_expand_shorthands_constants_test::shorthands_get_list_style_none_value
        PASS [   0.011s] ( 981/4367) stylex_css order::tests::legacy_expand_shorthands_constants_test::shorthands_get_list_style_position
        PASS [   0.012s] ( 982/4367) stylex_css order::tests::legacy_expand_shorthands_constants_test::shorthands_get_list_style_quoted_type_single_quote
        PASS [   0.014s] ( 983/4367) stylex_css order::tests::legacy_expand_shorthands_constants_test::shorthands_get_list_style_quoted_type
        PASS [   0.013s] ( 984/4367) stylex_css order::tests::legacy_expand_shorthands_constants_test::shorthands_get_list_style_single_type
        PASS [   0.011s] ( 985/4367) stylex_css order::tests::legacy_expand_shorthands_constants_test::shorthands_get_list_style_type_and_position
        PASS [   0.010s] ( 986/4367) stylex_css order::tests::legacy_expand_shorthands_constants_test::shorthands_get_margin_horizontal
        PASS [   0.013s] ( 987/4367) stylex_css order::tests::legacy_expand_shorthands_constants_test::shorthands_get_margin_end
        PASS [   0.013s] ( 988/4367) stylex_css order::tests::legacy_expand_shorthands_constants_test::shorthands_get_margin
        PASS [   0.012s] ( 989/4367) stylex_css order::tests::legacy_expand_shorthands_constants_test::shorthands_get_margin_right
        PASS [   0.013s] ( 990/4367) stylex_css order::tests::legacy_expand_shorthands_constants_test::shorthands_get_margin_left
        PASS [   0.011s] ( 991/4367) stylex_css order::tests::legacy_expand_shorthands_constants_test::shorthands_get_margin_vertical
        PASS [   0.011s] ( 992/4367) stylex_css order::tests::legacy_expand_shorthands_constants_test::shorthands_get_overflow
        PASS [   0.014s] ( 993/4367) stylex_css order::tests::legacy_expand_shorthands_constants_test::shorthands_get_margin_start
        PASS [   0.012s] ( 994/4367) stylex_css order::tests::legacy_expand_shorthands_constants_test::shorthands_get_padding
        PASS [   0.013s] ( 995/4367) stylex_css order::tests::legacy_expand_shorthands_constants_test::shorthands_get_padding_end
        PASS [   0.010s] ( 996/4367) stylex_css order::tests::legacy_expand_shorthands_constants_test::shorthands_get_padding_start
        PASS [   0.012s] ( 997/4367) stylex_css order::tests::legacy_expand_shorthands_constants_test::shorthands_get_padding_horizontal
        PASS [   0.012s] ( 998/4367) stylex_css order::tests::legacy_expand_shorthands_constants_test::shorthands_get_padding_right
        PASS [   0.013s] ( 999/4367) stylex_css order::tests::legacy_expand_shorthands_constants_test::shorthands_get_padding_left
        PASS [   0.012s] (1000/4367) stylex_css order::tests::legacy_expand_shorthands_constants_test::shorthands_get_padding_vertical
        PASS [   0.011s] (1001/4367) stylex_css order::tests::legacy_expand_shorthands_constants_test::shorthands_get_right
        PASS [   0.010s] (1002/4367) stylex_css order::tests::legacy_expand_shorthands_constants_test::shorthands_get_special_chars_returns_none
        PASS [   0.011s] (1003/4367) stylex_css order::tests::legacy_expand_shorthands_constants_test::shorthands_list_style_duplicate_position
        PASS [   0.012s] (1004/4367) stylex_css order::tests::legacy_expand_shorthands_constants_test::shorthands_get_start
        PASS [   0.012s] (1005/4367) stylex_css order::tests::legacy_expand_shorthands_constants_test::shorthands_get_unknown_returns_none
        PASS [   0.012s] (1006/4367) stylex_css order::tests::legacy_expand_shorthands_constants_test::shorthands_list_style_duplicate_position_wins_over_a_later_global
        PASS [   0.013s] (1007/4367) stylex_css order::tests::legacy_expand_shorthands_constants_test::shorthands_list_style_duplicate_quoted_type
        PASS [   0.011s] (1008/4367) stylex_css order::tests::legacy_expand_shorthands_constants_test::shorthands_list_style_every_global_keyword_is_refused_when_mixed
        PASS [   0.011s] (1009/4367) stylex_css order::tests::legacy_expand_shorthands_constants_test::shorthands_list_style_duplicate_type
        PASS [   0.011s] (1010/4367) stylex_css order::tests::legacy_expand_shorthands_constants_test::shorthands_list_style_global_first_reads_the_same
        PASS [   0.010s] (1011/4367) stylex_css order::tests::legacy_expand_shorthands_constants_test::shorthands_list_style_rejection_escapes_the_value_as_json_does
        PASS [   0.013s] (1012/4367) stylex_css order::tests::legacy_expand_shorthands_constants_test::shorthands_list_style_global_mixed
        PASS [   0.010s] (1013/4367) stylex_css order::tests::legacy_expand_shorthands_constants_test::shorthands_list_style_rejection_writes_non_ascii_through_raw
        PASS [   0.015s] (1014/4367) stylex_css order::tests::legacy_expand_shorthands_constants_test::shorthands_list_style_rejection_escapes_a_c0_control_in_the_value
        PASS [   0.012s] (1015/4367) stylex_css order::tests::legacy_expand_shorthands_constants_test::shorthands_list_style_rejection_quotes_a_long_value_whole
        PASS [   0.012s] (1016/4367) stylex_css order::tests::legacy_expand_shorthands_constants_test::shorthands_list_style_too_many_nones
        PASS [   0.010s] (1017/4367) stylex_css order::tests::legacy_expand_shorthands_constants_test::shorthands_list_style_var_mixed_with_other
        PASS [   0.014s] (1018/4367) stylex_css order::tests::legacy_expand_shorthands_constants_test::shorthands_list_style_uppercase_ident_falls_through
        PASS [   0.010s] (1019/4367) stylex_css order::tests::legacy_expand_shorthands_constants_test::the_intrinsic_size_fold_counts_an_empty_part_toward_the_arity
        PASS [   0.012s] (1020/4367) stylex_css order::tests::legacy_expand_shorthands_constants_test::the_four_sided_view_gives_an_empty_part_the_side_it_landed_on
        PASS [   0.011s] (1021/4367) stylex_css order::tests::legacy_expand_shorthands_constants_test::the_intrinsic_size_fold_joins_an_empty_part_from_a_terminated_comment_too
        PASS [   0.012s] (1022/4367) stylex_css order::tests::legacy_expand_shorthands_constants_test::two_sizes_take_one_axis_each
        PASS [   0.015s] (1023/4367) stylex_css order::tests::legacy_expand_shorthands_constants_test::two_autos_join_each_other
        PASS [   0.012s] (1024/4367) stylex_css order::tests::legacy_expand_shorthands_structures_test::get_expansion_fn_empty_returns_none
        PASS [   0.011s] (1025/4367) stylex_css order::tests::legacy_expand_shorthands_structures_test::get_expansion_fn_for_alias_block_size
        PASS [   0.010s] (1026/4367) stylex_css order::tests::legacy_expand_shorthands_structures_test::get_expansion_fn_for_alias_clear
        PASS [   0.011s] (1027/4367) stylex_css order::tests::legacy_expand_shorthands_structures_test::get_expansion_fn_for_alias_float
        PASS [   0.010s] (1028/4367) stylex_css order::tests::legacy_expand_shorthands_structures_test::get_expansion_fn_for_border
        PASS [   0.012s] (1029/4367) stylex_css order::tests::legacy_expand_shorthands_structures_test::get_expansion_fn_for_alias_overflow_block
        PASS [   0.009s] (1030/4367) stylex_css order::tests::legacy_expand_shorthands_structures_test::get_expansion_fn_for_gap
        PASS [   0.011s] (1031/4367) stylex_css order::tests::legacy_expand_shorthands_structures_test::get_expansion_fn_for_margin
        PASS [   0.012s] (1032/4367) stylex_css order::tests::legacy_expand_shorthands_structures_test::get_expansion_fn_for_overflow
        PASS [   0.010s] (1033/4367) stylex_css order::tests::legacy_expand_shorthands_structures_test::get_expansion_fn_special_chars_returns_none
        PASS [   0.012s] (1034/4367) stylex_css order::tests::legacy_expand_shorthands_structures_test::get_expansion_fn_for_padding
        PASS [   0.010s] (1035/4367) stylex_css order::tests::property_specificity_constants_test::aliases_all_called_with_some_value
        PASS [   0.010s] (1036/4367) stylex_css order::tests::legacy_expand_shorthands_structures_test::get_expansion_fn_unknown_returns_none
        PASS [   0.013s] (1037/4367) stylex_css order::tests::property_specificity_constants_test::aliases_deprecated_delegate_to_the_shorthand_they_alias
        PASS [   0.011s] (1038/4367) stylex_css order::tests::property_specificity_constants_test::aliases_get_block_size
        PASS [   0.010s] (1039/4367) stylex_css order::tests::property_specificity_constants_test::aliases_get_border_bottom_end_radius
        PASS [   0.012s] (1040/4367) stylex_css order::tests::property_specificity_constants_test::aliases_get_border_block_start_color
        PASS [   0.013s] (1041/4367) stylex_css order::tests::property_specificity_constants_test::aliases_get_border_block_end_style
        PASS [   0.012s] (1042/4367) stylex_css order::tests::property_specificity_constants_test::aliases_get_border_end_width
        PASS [   0.013s] (1043/4367) stylex_css order::tests::property_specificity_constants_test::aliases_get_border_horizontal_color
        PASS [   0.012s] (1044/4367) stylex_css order::tests::property_specificity_constants_test::aliases_get_border_horizontal_style
        PASS [   0.010s] (1045/4367) stylex_css order::tests::property_specificity_constants_test::aliases_get_border_horizontal_width
        PASS [   0.011s] (1046/4367) stylex_css order::tests::property_specificity_constants_test::aliases_get_border_start_color
        PASS [   0.010s] (1047/4367) stylex_css order::tests::property_specificity_constants_test::aliases_get_border_vertical_style
        PASS [   0.013s] (1048/4367) stylex_css order::tests::property_specificity_constants_test::aliases_get_border_top_start_radius
        PASS [   0.012s] (1049/4367) stylex_css order::tests::property_specificity_constants_test::aliases_get_border_vertical_color
        PASS [   0.011s] (1050/4367) stylex_css order::tests::property_specificity_constants_test::aliases_get_contain_intrinsic_block_size
        PASS [   0.014s] (1051/4367) stylex_css order::tests::property_specificity_constants_test::aliases_get_border_vertical_width
        PASS [   0.010s] (1052/4367) stylex_css order::tests::property_specificity_constants_test::aliases_get_empty_returns_none
        PASS [   0.015s] (1053/4367) stylex_css order::tests::property_specificity_constants_test::aliases_get_contain_intrinsic_inline_size
        PASS [   0.010s] (1054/4367) stylex_css order::tests::property_specificity_constants_test::aliases_get_end
        PASS [   0.010s] (1055/4367) stylex_css order::tests::property_specificity_constants_test::aliases_get_inline_size
        PASS [   0.012s] (1056/4367) stylex_css order::tests::property_specificity_constants_test::aliases_get_inset_block_end
        PASS [   0.011s] (1057/4367) stylex_css order::tests::property_specificity_constants_test::aliases_get_inset_block_start
        PASS [   0.012s] (1058/4367) stylex_css order::tests::property_specificity_constants_test::aliases_get_margin_block_end
        PASS [   0.010s] (1059/4367) stylex_css order::tests::property_specificity_constants_test::aliases_get_margin_end
        PASS [   0.014s] (1060/4367) stylex_css order::tests::property_specificity_constants_test::aliases_get_margin_block_start
        PASS [   0.011s] (1061/4367) stylex_css order::tests::property_specificity_constants_test::aliases_get_margin_start
        PASS [   0.011s] (1062/4367) stylex_css order::tests::property_specificity_constants_test::aliases_get_margin_vertical
        PASS [   0.014s] (1063/4367) stylex_css order::tests::property_specificity_constants_test::aliases_get_margin_horizontal
        PASS [   0.012s] (1064/4367) stylex_css order::tests::property_specificity_constants_test::aliases_get_max_inline_size
        PASS [   0.010s] (1065/4367) stylex_css order::tests::property_specificity_constants_test::aliases_get_min_block_size
        PASS [   0.011s] (1066/4367) stylex_css order::tests::property_specificity_constants_test::aliases_get_overflow_block
        PASS [   0.010s] (1067/4367) stylex_css order::tests::property_specificity_constants_test::aliases_get_overflow_inline
        PASS [   0.011s] (1068/4367) stylex_css order::tests::property_specificity_constants_test::aliases_get_padding_block_end
        PASS [   0.011s] (1069/4367) stylex_css order::tests::property_specificity_constants_test::aliases_get_padding_end
        PASS [   0.012s] (1070/4367) stylex_css order::tests::property_specificity_constants_test::aliases_get_padding_block_start
        PASS [   0.010s] (1071/4367) stylex_css order::tests::property_specificity_constants_test::aliases_get_padding_vertical
        PASS [   0.012s] (1072/4367) stylex_css order::tests::property_specificity_constants_test::aliases_get_padding_horizontal
        PASS [   0.011s] (1073/4367) stylex_css order::tests::property_specificity_constants_test::aliases_get_padding_start
        PASS [   0.012s] (1074/4367) stylex_css order::tests::property_specificity_constants_test::aliases_get_scroll_margin_block_end
        PASS [   0.011s] (1075/4367) stylex_css order::tests::property_specificity_constants_test::aliases_get_start
        PASS [   0.013s] (1076/4367) stylex_css order::tests::property_specificity_constants_test::aliases_get_scroll_margin_block_start
        PASS [   0.014s] (1077/4367) stylex_css order::tests::property_specificity_constants_test::aliases_get_unknown_returns_none
        PASS [   0.010s] (1078/4367) stylex_css order::tests::property_specificity_constants_test::shorthands_get_empty_returns_none
        PASS [   0.011s] (1079/4367) stylex_css order::tests::property_specificity_constants_test::every_rejection_message_matches_upstream_exactly
        PASS [   0.010s] (1080/4367) stylex_css order::tests::property_specificity_constants_test::shorthands_get_rejects_every_name_it_registers
        PASS [   0.014s] (1081/4367) stylex_css order::tests::property_specificity_constants_test::shorthands_get_special_chars_returns_none
        PASS [   0.011s] (1082/4367) stylex_css order::tests::property_specificity_constants_test::shorthands_get_unknown_returns_none
        PASS [   0.013s] (1083/4367) stylex_css order::tests::property_specificity_structures_test::a_snake_case_spelling_is_not_a_property_name
        PASS [   0.010s] (1084/4367) stylex_css order::tests::property_specificity_structures_test::get_expansion_fn_empty_returns_none
        PASS [   0.010s] (1085/4367) stylex_css order::tests::property_specificity_structures_test::every_rejecting_shorthand_is_reachable_by_its_authored_name
        PASS [   0.011s] (1086/4367) stylex_css order::tests::property_specificity_structures_test::alias_has_priority_for_inset_block_start
        PASS [   0.011s] (1087/4367) stylex_css order::tests::property_specificity_structures_test::get_expansion_fn_for_alias_block_size
        PASS [   0.011s] (1088/4367) stylex_css order::tests::property_specificity_structures_test::get_expansion_fn_for_alias_margin_block_start
        PASS [   0.014s] (1089/4367) stylex_css order::tests::property_specificity_structures_test::get_expansion_fn_for_alias_inline_size
        PASS [   0.011s] (1090/4367) stylex_css utils::tests::condition_test::a_prefix_only_counts_when_it_leads_the_key
        PASS [   0.011s] (1091/4367) stylex_css order::tests::property_specificity_structures_test::get_expansion_fn_special_chars_returns_none
        PASS [   0.011s] (1092/4367) stylex_css order::tests::property_specificity_structures_test::get_expansion_fn_unknown_returns_none
        PASS [   0.012s] (1093/4367) stylex_css order::tests::property_specificity_structures_test::get_expansion_fn_for_alias_overflow_block
        PASS [   0.020s] (1094/4367) stylex_css utils::tests::condition_test::all_three_nesting_prefixes_are_conditional_keys
        PASS [   0.013s] (1095/4367) stylex_css utils::tests::condition_test::property_names_are_not_conditional_keys
        PASS [   0.012s] (1096/4367) stylex_css utils::tests::pre_rule_test::a_character_can_weigh_as_several
        PASS [   0.013s] (1097/4367) stylex_css utils::tests::pre_rule_test::a_completely_ignorable_character_carries_no_weight
        PASS [   0.015s] (1098/4367) stylex_css utils::tests::pre_rule_test::a_control_character_does_not_take_the_ascii_fast_path
        PASS [   0.015s] (1099/4367) stylex_css utils::tests::pre_rule_test::a_control_character_carries_no_weight_and_the_sort_keeps_the_authored_order
        PASS [   0.016s] (1100/4367) stylex_css utils::tests::pre_rule_test::a_digit_outranks_nothing_a_letter_outranks
        PASS [   0.015s] (1101/4367) stylex_css utils::tests::pre_rule_test::a_key_of_nothing_but_combining_marks_sorts_below_every_letter
        PASS [   0.015s] (1102/4367) stylex_css utils::tests::pre_rule_test::a_key_of_nothing_but_ignorables_weighs_as_the_empty_key
        PASS [   0.016s] (1103/4367) stylex_css utils::tests::pre_rule_test::a_letter_outranks_its_case
        PASS [   0.015s] (1104/4367) stylex_css utils::tests::pre_rule_test::a_letter_shares_its_rank_with_the_other_case
        PASS [   0.013s] (1105/4367) stylex_css utils::tests::pre_rule_test::a_lone_combining_mark_sorts_below_every_letter
        PASS [   0.013s] (1106/4367) stylex_css utils::tests::pre_rule_test::a_malformed_key_sorts_where_its_characters_put_it
        PASS [   0.015s] (1107/4367) stylex_css utils::tests::pre_rule_test::a_lone_surrogate_cannot_reach_the_comparator
        PASS [   0.010s] (1108/4367) stylex_css utils::tests::pre_rule_test::a_non_ascii_at_rule_sorts_by_its_code_points
        PASS [   0.013s] (1109/4367) stylex_css utils::tests::pre_rule_test::a_mixed_run_sorts_into_an_order_the_comparator_agrees_with
        PASS [   0.011s] (1110/4367) stylex_css utils::tests::pre_rule_test::a_non_ascii_letter_sorts_beside_its_base_letter
        PASS [   0.011s] (1111/4367) stylex_css utils::tests::pre_rule_test::a_precomposed_key_and_its_decomposition_weigh_the_same
        PASS [   0.012s] (1112/4367) stylex_css utils::tests::pre_rule_test::a_non_ascii_letter_ties_on_the_letter_and_parts_on_the_case
        PASS [   0.016s] (1113/4367) stylex_css utils::tests::pre_rule_test::a_pseudo_element_still_pins_its_position_under_the_new_comparator
        PASS [   0.011s] (1114/4367) stylex_css utils::tests::pre_rule_test::a_run_of_a_thousand_keys_sorts_whole
        PASS [   0.019s] (1115/4367) stylex_css utils::tests::pre_rule_test::a_random_mixed_run_sorts_into_an_order_the_comparator_agrees_with
        PASS [   0.015s] (1116/4367) stylex_css utils::tests::pre_rule_test::a_run_of_a_thousand_non_ascii_keys_sorts_whole
        PASS [   0.012s] (1117/4367) stylex_css utils::tests::pre_rule_test::a_sort_over_the_whole_ordering_is_the_ordering
        PASS [   0.013s] (1118/4367) stylex_css utils::tests::pre_rule_test::a_symbol_outside_ascii_sorts_below_every_letter
        PASS [   0.015s] (1119/4367) stylex_css utils::tests::pre_rule_test::a_run_of_case_differing_keys_sorts_whole
        PASS [   0.013s] (1120/4367) stylex_css utils::tests::pre_rule_test::a_very_long_key_compares_on_its_first_difference
        PASS [   0.011s] (1121/4367) stylex_css utils::tests::pre_rule_test::a_very_long_non_ascii_key_compares_on_its_first_difference
        PASS [   0.010s] (1122/4367) stylex_css utils::tests::pre_rule_test::an_empty_key_precedes_every_other
        PASS [   0.011s] (1123/4367) stylex_css utils::tests::pre_rule_test::an_empty_key_compares_against_a_non_ascii_one
        PASS [   0.014s] (1124/4367) stylex_css utils::tests::pre_rule_test::an_astral_character_sorts_by_its_scalar_and_not_by_its_surrogates
        PASS [   0.014s] (1125/4367) stylex_css utils::tests::pre_rule_test::an_unnamed_byte_keeps_a_weight_of_its_own
        PASS [   0.012s] (1126/4367) stylex_css utils::tests::pre_rule_test::at_rules_sort_by_their_bytes_rather_than_by_their_letters
        PASS [   0.012s] (1127/4367) stylex_css utils::tests::pre_rule_test::at_rule_comparator_is_a_total_order
        PASS [   0.019s] (1128/4367) stylex_css utils::tests::pre_rule_test::ascii_and_root_collation_agree_on_every_printable_pair
        PASS [   0.011s] (1129/4367) stylex_css utils::tests::pre_rule_test::case_decides_only_when_the_letters_tie
        PASS [   0.010s] (1130/4367) stylex_css utils::tests::pre_rule_test::equal_keys_compare_equal
        PASS [   0.011s] (1131/4367) stylex_css utils::tests::pre_rule_test::default_leads_the_at_rules_from_either_side
        PASS [   0.013s] (1132/4367) stylex_css utils::tests::pre_rule_test::every_named_character_ranks_at_its_one_based_position
        PASS [   0.010s] (1133/4367) stylex_css utils::tests::pre_rule_test::every_unnamed_byte_stays_unranked
        PASS [   0.011s] (1134/4367) stylex_css utils::tests::pre_rule_test::every_symbol_outranks_every_letter_whatever_its_byte
        PASS [   0.012s] (1135/4367) stylex_css utils::tests::pre_rule_test::keys_from_different_scripts_sort_by_script_rather_than_by_code_point
        PASS [   0.011s] (1136/4367) stylex_css utils::tests::pre_rule_test::length_settles_a_tie_before_case_does
        PASS [   0.012s] (1137/4367) stylex_css utils::tests::pre_rule_test::sort_at_rules_already_sorted
        PASS [   0.013s] (1138/4367) stylex_css utils::tests::pre_rule_test::sort_at_rules_alphabetical_without_default
        PASS [   0.011s] (1139/4367) stylex_css utils::tests::pre_rule_test::sort_at_rules_default_first
        PASS [   0.010s] (1140/4367) stylex_css utils::tests::pre_rule_test::sort_at_rules_multiple_media
        PASS [   0.014s] (1141/4367) stylex_css utils::tests::pre_rule_test::sort_at_rules_empty
        PASS [   0.011s] (1142/4367) stylex_css utils::tests::pre_rule_test::sort_at_rules_single
        PASS [   0.011s] (1143/4367) stylex_css utils::tests::pre_rule_test::sort_pseudos_a_long_run_sorts_whole
        PASS [   0.010s] (1144/4367) stylex_css utils::tests::pre_rule_test::sort_pseudos_an_attribute_selector_joins_the_run
        PASS [   0.010s] (1145/4367) stylex_css utils::tests::pre_rule_test::sort_pseudos_empty
        PASS [   0.899s] (1146/4367) stylex_css css::tests::totality_test::no_arrangement_placed_inside_a_construct_can_crash_it
        PASS [   0.015s] (1147/4367) stylex_css utils::tests::pre_rule_test::sort_pseudos_an_element_splits_a_run_in_two
        PASS [   0.012s] (1148/4367) stylex_css utils::tests::pre_rule_test::sort_pseudos_classes_then_element
        PASS [   0.011s] (1149/4367) stylex_css utils::tests::pre_rule_test::sort_pseudos_multiple_pseudo_elements
        PASS [   0.012s] (1150/4367) stylex_css utils::tests::pre_rule_test::sort_pseudos_interleaved
        PASS [   0.010s] (1151/4367) stylex_css utils::tests::pre_rule_test::sort_pseudos_pseudo_element_starts_new_group
        PASS [   0.012s] (1152/4367) stylex_css utils::tests::pre_rule_test::sort_pseudos_pseudo_element_followed_by_two_classes
        PASS [   0.010s] (1153/4367) stylex_css utils::tests::pre_rule_test::sort_pseudos_single_pseudo_element
        PASS [   0.012s] (1154/4367) stylex_css utils::tests::pre_rule_test::sort_pseudos_single_element
        PASS [   0.013s] (1155/4367) stylex_css utils::tests::pre_rule_test::sort_pseudos_three_pseudo_classes_agree_in_every_nesting_order
        PASS [   0.012s] (1156/4367) stylex_css utils::tests::pre_rule_test::sort_pseudos_three_pseudo_classes_sort_as_one_run
        PASS [   0.010s] (1157/4367) stylex_css utils::tests::pre_rule_test::the_baked_table_matches_a_freshly_built_one
        PASS [   0.010s] (1158/4367) stylex_css utils::tests::pre_rule_test::the_case_tiebreak_reads_the_first_differing_position
        PASS [   0.011s] (1159/4367) stylex_css utils::tests::pre_rule_test::sort_pseudos_two_pseudo_classes_sorted
        PASS [   0.012s] (1160/4367) stylex_css utils::tests::pre_rule_test::the_collator_path_is_transitive_over_a_hostile_run
        PASS [   0.011s] (1161/4367) stylex_css utils::tests::pre_rule_test::the_order_names_each_character_once
        PASS [   0.011s] (1162/4367) stylex_css utils::tests::pre_rule_test::the_ordering_is_transitive_across_the_cases_and_the_block
        PASS [   0.011s] (1163/4367) stylex_css utils::tests::pre_rule_test::the_symbols_are_not_in_byte_order_among_themselves
        PASS [   0.011s] (1164/4367) stylex_css utils::tests::pre_rule_test::the_two_comparators_answer_the_same_pair_differently
        PASS [   0.012s] (1165/4367) stylex_css utils::tests::pseudo_test::a_bare_colon_reads_as_a_pseudo_class
        PASS [   0.012s] (1166/4367) stylex_css utils::tests::pseudo_test::a_bare_double_colon_reads_as_a_pseudo_element
        PASS [   0.012s] (1167/4367) stylex_css utils::tests::pseudo_test::a_colon_only_counts_when_it_leads_the_key
        PASS [   0.010s] (1168/4367) stylex_css utils::tests::pseudo_test::keys_without_a_colon_prefix_are_no_pseudo_at_all
        PASS [   0.012s] (1169/4367) stylex_css utils::tests::pseudo_test::a_single_colon_prefix_is_a_pseudo_class
        PASS [   0.014s] (1170/4367) stylex_css utils::tests::pseudo_test::a_double_colon_prefix_is_a_pseudo_element
        PASS [   0.013s] (1171/4367) stylex_css utils::tests::pseudo_test::legacy_single_colon_elements_read_as_pseudo_classes
        PASS [   0.012s] (1172/4367) stylex_css utils::tests::vector_test::intersection_full_overlap
        PASS [   0.024s] (1173/4367) stylex_css utils::tests::pre_rule_test::the_two_paths_agree_over_random_printable_ascii_keys
        PASS [   0.014s] (1174/4367) stylex_css utils::tests::vector_test::intersection_first_empty
        PASS [   0.011s] (1175/4367) stylex_css utils::tests::vector_test::intersection_partial_overlap
        PASS [   0.011s] (1176/4367) stylex_css utils::tests::vector_test::intersection_of_empty_vectors
        PASS [   0.011s] (1177/4367) stylex_css utils::tests::vector_test::intersection_preserves_order_from_first
        PASS [   0.015s] (1178/4367) stylex_css utils::tests::vector_test::intersection_no_overlap
        PASS [   0.011s] (1179/4367) stylex_css utils::tests::vector_test::intersection_single_element_match
        PASS [   0.015s] (1180/4367) stylex_css utils::tests::vector_test::intersection_second_empty
        PASS [   0.015s] (1181/4367) stylex_css utils::tests::vector_test::intersection_single_element_no_match
        PASS [   0.014s] (1182/4367) stylex_css utils::tests::vector_test::intersection_with_strings
        PASS [   0.012s] (1183/4367) stylex_css utils::when::tests::ancestor_invalid_pseudo_no_colon
        PASS [   0.012s] (1184/4367) stylex_css utils::when::tests::ancestor_invalid_pseudo_double_colon
        PASS [   0.012s] (1185/4367) stylex_css utils::when::tests::ancestor_with_attribute_selector
        PASS [   0.013s] (1186/4367) stylex_css utils::when::tests::ancestor_with_attribute_value_selector
        PASS [   0.011s] (1187/4367) stylex_css utils::when::tests::ancestor_with_focus_visible
        PASS [   0.011s] (1188/4367) stylex_css utils::when::tests::ancestor_with_functional_pseudo
        PASS [   0.013s] (1189/4367) stylex_css utils::when::tests::ancestor_with_proxy_marker
        PASS [   0.014s] (1190/4367) stylex_css utils::when::tests::ancestor_with_invalid_attribute_missing_bracket
        PASS [   0.011s] (1191/4367) stylex_css utils::when::tests::ancestor_with_string_marker
        PASS [   0.011s] (1192/4367) stylex_css utils::when::tests::ancestor_with_stylex_style_marker
        PASS [   0.011s] (1193/4367) stylex_css utils::when::tests::any_sibling_invalid_pseudo_double_colon
        PASS [   0.011s] (1194/4367) stylex_css utils::when::tests::ancestor_with_unresolvable_marker_falls_back_unprefixed
        PASS [   0.011s] (1195/4367) stylex_css utils::when::tests::any_sibling_invalid_pseudo_no_colon
        PASS [   0.011s] (1196/4367) stylex_css utils::when::tests::any_sibling_with_attribute_selector
        PASS [   0.010s] (1197/4367) stylex_css utils::when::tests::any_sibling_with_custom_options
        PASS [   0.010s] (1198/4367) stylex_css utils::when::tests::any_sibling_with_empty_prefix
        PASS [   0.010s] (1199/4367) stylex_css utils::when::tests::any_sibling_with_hover
        PASS [   0.011s] (1200/4367) stylex_css utils::when::tests::any_sibling_with_last_child
        PASS [   0.011s] (1201/4367) stylex_css utils::when::tests::any_sibling_with_string_marker
        PASS [   0.012s] (1202/4367) stylex_css utils::when::tests::default_marker_none_options_uses_fallback
        PASS [   0.010s] (1203/4367) stylex_css utils::when::tests::default_marker_with_prefix_x
        PASS [   0.012s] (1204/4367) stylex_css utils::when::tests::descendant_invalid_pseudo_double_colon
        PASS [   0.011s] (1205/4367) stylex_css utils::when::tests::descendant_invalid_pseudo_no_colon
        PASS [   0.011s] (1206/4367) stylex_css utils::when::tests::descendant_with_attribute_contains_selector
        PASS [   0.011s] (1207/4367) stylex_css utils::when::tests::descendant_with_attribute_selector
        PASS [   0.010s] (1208/4367) stylex_css utils::when::tests::descendant_with_empty_prefix
        PASS [   0.012s] (1209/4367) stylex_css utils::when::tests::descendant_with_custom_options
        PASS [   0.011s] (1210/4367) stylex_css utils::when::tests::descendant_with_invalid_attribute_mismatched_quotes
        PASS [   0.012s] (1211/4367) stylex_css utils::when::tests::descendant_with_focus_visible
        PASS [   0.013s] (1212/4367) stylex_css utils::when::tests::descendant_with_string_marker
        PASS [   0.010s] (1213/4367) stylex_css utils::when::tests::from_proxy_with_custom_options_returns_none
        PASS [   0.012s] (1214/4367) stylex_css utils::when::tests::from_proxy_returns_none
        PASS [   0.011s] (1215/4367) stylex_css utils::when::tests::from_stylex_style_returns_none
        PASS [   0.011s] (1216/4367) stylex_css utils::when::tests::is_valid_attribute_selector_bracket_in_double_quotes
        PASS [   0.013s] (1217/4367) stylex_css utils::when::tests::from_stylex_style_with_custom_options_returns_none
        PASS [   0.011s] (1218/4367) stylex_css utils::when::tests::is_valid_attribute_selector_bracket_in_single_quotes
        PASS [   0.016s] (1219/4367) stylex_css utils::when::tests::is_valid_attribute_selector_close_bracket_mid_string
        PASS [   0.012s] (1220/4367) stylex_css utils::when::tests::is_valid_attribute_selector_empty
        PASS [   0.012s] (1221/4367) stylex_css utils::when::tests::is_valid_attribute_selector_no_close_bracket
        PASS [   0.010s] (1222/4367) stylex_css utils::when::tests::is_valid_attribute_selector_simple_valid
        PASS [   0.011s] (1223/4367) stylex_css utils::when::tests::is_valid_attribute_selector_no_open_bracket
        PASS [   0.011s] (1224/4367) stylex_css utils::when::tests::is_valid_attribute_selector_with_escaped_quotes
        PASS [   0.011s] (1225/4367) stylex_css utils::when::tests::proxy_marker_takes_precedence_over_stylex_style
        PASS [   0.011s] (1226/4367) stylex_css utils::when::tests::sibling_after_invalid_pseudo_double_colon
        PASS [   0.010s] (1227/4367) stylex_css utils::when::tests::sibling_after_with_active
        PASS [   0.010s] (1228/4367) stylex_css utils::when::tests::sibling_after_with_empty_prefix
        PASS [   0.012s] (1229/4367) stylex_css utils::when::tests::sibling_after_invalid_pseudo_no_colon
        PASS [   0.012s] (1230/4367) stylex_css utils::when::tests::sibling_after_with_attribute_selector
        PASS [   0.012s] (1231/4367) stylex_css utils::when::tests::sibling_after_with_custom_options
        PASS [   0.013s] (1232/4367) stylex_css utils::when::tests::sibling_after_with_first_child
        PASS [   0.012s] (1233/4367) stylex_css utils::when::tests::sibling_after_with_string_marker
        PASS [   0.011s] (1234/4367) stylex_css utils::when::tests::sibling_before_invalid_pseudo_double_colon
        PASS [   0.010s] (1235/4367) stylex_css utils::when::tests::sibling_before_invalid_pseudo_no_colon
        PASS [   0.012s] (1236/4367) stylex_css utils::when::tests::sibling_before_with_attribute_selector
        PASS [   0.011s] (1237/4367) stylex_css utils::when::tests::sibling_before_with_custom_options
        PASS [   0.011s] (1238/4367) stylex_css utils::when::tests::sibling_before_with_empty_prefix
        PASS [   0.012s] (1239/4367) stylex_css utils::when::tests::sibling_before_with_focus
        PASS [   0.012s] (1240/4367) stylex_css utils::when::tests::sibling_before_with_nth_child
        PASS [   0.011s] (1241/4367) stylex_css utils::when::tests::sibling_before_with_string_marker
        PASS [   0.013s] (1242/4367) stylex_css utils::when::tests::string_marker_takes_precedence_over_other_shapes
        PASS [   0.010s] (1243/4367) stylex_css utils::when::tests::test_ancestor_with_default_options
        PASS [   0.011s] (1244/4367) stylex_css utils::when::tests::test_any_sibling_with_default_options
        PASS [   0.011s] (1245/4367) stylex_css utils::when::tests::test_descendant_with_default_options
        PASS [   0.011s] (1246/4367) stylex_css utils::when::tests::test_sibling_after_with_default_options
        PASS [   0.011s] (1247/4367) stylex_css utils::when::tests::test_sibling_before_with_default_options
        PASS [   0.013s] (1248/4367) stylex_css utils::when::tests::test_validate_pseudo_selector_invalid_attribute_mismatched_quotes
        PASS [   0.013s] (1249/4367) stylex_css utils::when::tests::test_validate_pseudo_selector_invalid_attribute_missing_bracket
        PASS [   0.011s] (1250/4367) stylex_css utils::when::tests::test_validate_pseudo_selector_invalid_attribute_nested_bracket
        PASS [   0.009s] (1251/4367) stylex_css utils::when::tests::test_validate_pseudo_selector_invalid_attribute_unclosed_quotes
        PASS [   0.012s] (1252/4367) stylex_css utils::when::tests::test_validate_pseudo_selector_invalid_double_colon
        PASS [   0.011s] (1253/4367) stylex_css utils::when::tests::test_validate_pseudo_selector_sequential_attribute_selectors
        PASS [   0.013s] (1254/4367) stylex_css utils::when::tests::test_validate_pseudo_selector_invalid_no_colon
        PASS [   0.013s] (1255/4367) stylex_css utils::when::tests::test_validate_pseudo_selector_valid
        PASS [   0.010s] (1256/4367) stylex_css utils::when::tests::test_validate_pseudo_selector_valid_attribute
        PASS [   0.011s] (1257/4367) stylex_css utils::when::tests::test_with_empty_prefix
        PASS [   0.012s] (1258/4367) stylex_css utils::when::tests::test_with_custom_options
        PASS [   0.012s] (1259/4367) stylex_css utils::when::tests::validate_pseudo_selector_starts_with_bracket
        PASS [   0.011s] (1260/4367) stylex_css values::parser::tests::a_comment_contributes_the_text_between_its_delimiters
        PASS [   0.011s] (1261/4367) stylex_css values::parser::tests::a_comma_inside_a_function_loses_the_space_around_it
        PASS [   0.011s] (1262/4367) stylex_css values::parser::tests::a_curly_block_is_cut_by_the_colon_inside_it
        PASS [   0.012s] (1263/4367) stylex_css values::parser::tests::a_keyword_is_a_single_part
        PASS [   0.010s] (1264/4367) stylex_css values::parser::tests::a_non_ascii_word_survives_byte_for_byte
        PASS [   0.014s] (1265/4367) stylex_css values::parser::tests::a_hex_colour_keeps_its_spelling
        PASS [   0.014s] (1266/4367) stylex_css values::parser::tests::a_nested_function_is_still_one_part
        PASS [   0.013s] (1267/4367) stylex_css values::parser::tests::a_number_at_the_edges_of_double_precision_is_still_only_echoed
        PASS [   0.011s] (1268/4367) stylex_css values::parser::tests::a_number_keeps_the_digits_it_was_typed_with
        PASS [   0.011s] (1269/4367) stylex_css values::parser::tests::a_number_that_is_not_one_is_a_word_like_any_other
        PASS [   0.010s] (1270/4367) stylex_css values::parser::tests::a_semicolon_is_not_a_separator
        PASS [   0.010s] (1271/4367) stylex_css values::parser::tests::a_separator_standing_alone_is_a_part_and_not_an_empty_one
        PASS [   0.010s] (1272/4367) stylex_css values::parser::tests::a_space_after_the_bang_is_not_an_annotation
        PASS [   0.012s] (1273/4367) stylex_css values::parser::tests::a_slash_inside_a_function_is_not_a_separator
        PASS [   0.011s] (1274/4367) stylex_css values::parser::tests::a_string_keeps_the_quote_character_it_was_written_with
        PASS [   0.012s] (1275/4367) stylex_css values::parser::tests::a_terminated_comment_with_nothing_in_it_contributes_an_empty_part
        PASS [   0.011s] (1276/4367) stylex_css values::parser::tests::a_top_level_separator_ends_a_part_and_is_not_one
        PASS [   0.014s] (1277/4367) stylex_css values::parser::tests::a_trailing_importance_annotation_lands_on_an_empty_part_too
        PASS [   0.015s] (1278/4367) stylex_css values::parser::tests::a_trailing_backslash_escapes_nothing_and_is_kept
        PASS [   0.012s] (1279/4367) stylex_css values::parser::tests::a_trailing_importance_annotation_moves_onto_every_part
        PASS [   0.012s] (1280/4367) stylex_css values::parser::tests::a_unicode_range_is_one_part
        PASS [   0.010s] (1281/4367) stylex_css values::parser::tests::a_value_nested_past_the_budget_is_handed_on_whole
        PASS [   0.012s] (1282/4367) stylex_css values::parser::tests::a_value_nested_up_to_the_budget_is_still_split
        PASS [   0.011s] (1283/4367) stylex_css values::parser::tests::a_value_with_nothing_in_it_has_no_parts
        PASS [   0.010s] (1284/4367) stylex_css values::parser::tests::an_annotation_touching_its_value_is_already_one_part
        PASS [   0.011s] (1285/4367) stylex_css values::parser::tests::adjacent_functions_are_separate_parts_without_a_separator
        PASS [   0.010s] (1286/4367) stylex_css values::parser::tests::an_at_keyword_is_a_word
        PASS [   0.012s] (1287/4367) stylex_css values::parser::tests::an_annotation_with_nothing_to_qualify_stays_as_it_is
        PASS [   0.012s] (1288/4367) stylex_css values::parser::tests::an_empty_part_holds_its_position_rather_than_collapsing
        PASS [   0.025s] (1289/4367) stylex_css values::parser::tests::a_value_nested_far_past_the_budget_still_returns_rather_than_aborting
        PASS [   0.010s] (1290/4367) stylex_css values::parser::tests::an_empty_part_is_not_reached_by_a_quoted_empty_string
        PASS [   0.013s] (1291/4367) stylex_css values::parser::tests::an_escape_stays_an_escape
        PASS [   0.011s] (1292/4367) stylex_css values::parser::tests::an_escaped_unit_stays_escaped
        PASS [   0.011s] (1293/4367) stylex_css values::parser::tests::an_importance_annotation_alone_after_an_empty_part_still_qualifies_it
        PASS [   0.010s] (1294/4367) stylex_css values::parser::tests::an_operator_does_not_end_a_part
        PASS [   0.012s] (1295/4367) stylex_css values::parser::tests::an_operator_pair_from_selector_syntax_is_a_word
        PASS [   0.012s] (1296/4367) stylex_css values::parser::tests::an_unclosed_function_is_closed_in_the_output
        PASS [   0.013s] (1297/4367) stylex_css values::parser::tests::an_unclosed_string_is_closed_in_the_output
        PASS [   0.014s] (1298/4367) stylex_css values::parser::tests::an_unbalanced_bracket_or_paren_is_a_word
        PASS [   0.012s] (1299/4367) stylex_css values::parser::tests::any_run_of_whitespace_separates_one_pair_of_parts
        PASS [   0.015s] (1300/4367) stylex_css values::parser::tests::an_unquoted_url_is_a_part_like_any_other
        PASS [   0.015s] (1301/4367) stylex_css values::parser::tests::an_unterminated_comment_contributes_an_empty_part
        PASS [   0.014s] (1302/4367) stylex_css values::parser::tests::an_unterminated_comment_swallows_the_rest_and_is_still_one_empty_part
        PASS [   0.011s] (1303/4367) stylex_css values::parser::tests::authored_spacing_inside_a_function_is_echoed
        PASS [   0.013s] (1304/4367) stylex_css values::parser::tests::padding_just_inside_a_function_is_dropped
        PASS [   0.013s] (1305/4367) stylex_css values::parser::tests::the_annotation_is_recognised_whatever_its_case
        PASS [   0.014s] (1306/4367) stylex_css values::parser::tests::the_reference_compilers_own_split_cases
        PASS [   0.010s] (1307/4367) stylex_css values::parser::tests::whitespace_separates_parts
        PASS [   0.011s] (1308/4367) stylex_css values::tests::common_test::split_value_empty_string
        PASS [   0.013s] (1309/4367) stylex_css values::parser::tests::the_trim_is_javascripts_and_not_rusts
        PASS [   0.012s] (1310/4367) stylex_css values::tests::common_test::split_value_none_input
        PASS [   0.017s] (1311/4367) stylex_css values::tests::common_test::split_value_four_values
        PASS [   0.010s] (1312/4367) stylex_css values::tests::common_test::split_value_required_none
        PASS [   0.013s] (1313/4367) stylex_css values::tests::common_test::split_value_required_four
        PASS [   0.013s] (1314/4367) stylex_css values::tests::common_test::split_value_required_repeats_a_number_across_every_side
        PASS [   0.011s] (1315/4367) stylex_css values::tests::common_test::split_value_required_single
        PASS [   0.010s] (1316/4367) stylex_css values::tests::common_test::split_value_required_two
        PASS [   0.011s] (1317/4367) stylex_css values::tests::common_test::split_value_required_three
        PASS [   0.010s] (1318/4367) stylex_css values::tests::common_test::split_value_returns_a_number_unchanged
        PASS [   0.013s] (1319/4367) stylex_css values::tests::common_test::split_value_single_value
        PASS [   0.011s] (1320/4367) stylex_css values::tests::common_test::split_value_two_values
        PASS [   0.013s] (1321/4367) stylex_css values::tests::common_test::split_value_three_values
        PASS [   0.010s] (1322/4367) stylex_css values::tests::common_test::split_value_with_mixed_units
        PASS [   0.011s] (1323/4367) stylex_css values::tests::common_test::split_value_with_zero_values
        PASS [   0.012s] (1324/4367) stylex_css_parser at_queries::media_query::media_query_coverage_test::a_backslash_inside_a_string_escapes_the_quote_after_it
        PASS [   0.013s] (1325/4367) stylex_css_parser at_queries::media_query::media_query_coverage_test::a_double_inequality_takes_each_key_from_its_own_operator
        PASS [   0.015s] (1326/4367) stylex_css_parser at_queries::media_query::media_query_coverage_test::a_fraction_is_spelled_the_way_javascript_spells_a_number
        PASS [   0.012s] (1327/4367) stylex_css_parser at_queries::media_query::media_query_coverage_test::a_ladder_of_negated_disjoint_ranges_keeps_its_dead_branch
        PASS [   0.012s] (1328/4367) stylex_css_parser at_queries::media_query::media_query_coverage_test::a_negated_media_type_after_an_and_is_not_a_bare_negation
        PASS [   0.012s] (1329/4367) stylex_css_parser at_queries::media_query::media_query_coverage_test::a_non_numeric_rule_keeps_a_numerically_dead_branch_alive
        PASS [   0.013s] (1330/4367) stylex_css_parser at_queries::media_query::media_query_coverage_test::a_nested_and_inside_a_negation_costs_a_further_level
        PASS [   0.011s] (1331/4367) stylex_css_parser at_queries::media_query::media_query_coverage_test::a_query_ending_in_a_backslash_is_unbalanced
        PASS [   0.013s] (1332/4367) stylex_css_parser at_queries::media_query::media_query_coverage_test::a_reversed_strict_inequality_nudges_in_double_precision
        PASS [   0.018s] (1333/4367) stylex_css_parser at_queries::media_query::media_query_coverage_test::a_query_past_the_bound_prints_as_it_was_written
        PASS [   0.014s] (1334/4367) stylex_css_parser at_queries::media_query::media_query_coverage_test::a_strict_range_nudges_in_double_precision
        PASS [   0.012s] (1335/4367) stylex_css_parser at_queries::media_query::media_query_coverage_test::a_string_ending_in_a_backslash_is_unbalanced
        PASS [   0.012s] (1336/4367) stylex_css_parser at_queries::media_query::media_query_coverage_test::adjust_dimension_max_end_adjusts_down
        PASS [   0.012s] (1337/4367) stylex_css_parser at_queries::media_query::media_query_coverage_test::adjust_dimension_max_non_length_is_noop
        PASS [   0.015s] (1338/4367) stylex_css_parser at_queries::media_query::media_query_coverage_test::a_single_ended_strict_range_nudges_in_double_precision
        PASS [   0.010s] (1339/4367) stylex_css_parser at_queries::media_query::media_query_coverage_test::adjust_dimension_max_subtracts_epsilon
        PASS [   0.013s] (1340/4367) stylex_css_parser at_queries::media_query::media_query_coverage_test::adjust_dimension_min_adds_epsilon
        PASS [   0.010s] (1341/4367) stylex_css_parser at_queries::media_query::media_query_coverage_test::an_authored_bound_is_emitted_with_the_digits_it_was_written_with
        PASS [   0.011s] (1342/4367) stylex_css_parser at_queries::media_query::media_query_coverage_test::adjust_dimension_min_end_adjusts_up
        PASS [   0.014s] (1343/4367) stylex_css_parser at_queries::media_query::media_query_coverage_test::adjust_dimension_min_non_length_is_noop
        PASS [   0.014s] (1344/4367) stylex_css_parser at_queries::media_query::media_query_coverage_test::adjust_dimension_non_length_is_noop
        PASS [   0.016s] (1345/4367) stylex_css_parser at_queries::media_query::media_query_coverage_test::an_intersected_bound_keeps_the_digits_of_the_constraint_that_won
        PASS [   0.013s] (1346/4367) stylex_css_parser at_queries::media_query::media_query_coverage_test::an_overflowed_bound_is_kept_beside_another_dimension
        PASS [   0.012s] (1347/4367) stylex_css_parser at_queries::media_query::media_query_coverage_test::and_combinator_no_ident_after_whitespace_stops
        PASS [   0.013s] (1348/4367) stylex_css_parser at_queries::media_query::media_query_coverage_test::and_combinator_with_non_and_keyword_stops_parsing
        PASS [   0.013s] (1349/4367) stylex_css_parser at_queries::media_query::media_query_coverage_test::and_combinator_non_and_keyword_after_whitespace_stops
        PASS [   0.051s] (1350/4367) stylex_css_parser at_queries::media_query::media_query_coverage_test::a_long_ladder_of_negated_disjoint_ranges_expands_rather_than_collapsing
        PASS [   0.013s] (1351/4367) stylex_css_parser at_queries::media_query::media_query_coverage_test::complex_not_and_query
        PASS [   0.013s] (1352/4367) stylex_css_parser at_queries::media_query::media_query_coverage_test::complex_or_in_and_query
        PASS [   0.014s] (1353/4367) stylex_css_parser at_queries::media_query::media_query_coverage_test::demorgan_not_and_two_rules_yields_or
        PASS [   0.016s] (1354/4367) stylex_css_parser at_queries::media_query::media_query_coverage_test::demorgan_not_and_rule_expands_to_or
        PASS [   0.014s] (1355/4367) stylex_css_parser at_queries::media_query::media_query_coverage_test::dimension_to_media_rule_value_else_returns_number_zero
        PASS [   0.013s] (1356/4367) stylex_css_parser at_queries::media_query::media_query_coverage_test::dimension_to_media_rule_value_happy_path
        PASS [   0.015s] (1357/4367) stylex_css_parser at_queries::media_query::media_query_coverage_test::distribution_depth_counts_one_level_per_negated_pair
        PASS [   0.014s] (1358/4367) stylex_css_parser at_queries::media_query::media_query_coverage_test::double_inequality_bad_first_operator_errors
        PASS [   0.014s] (1359/4367) stylex_css_parser at_queries::media_query::media_query_coverage_test::double_inequality_bad_property_name_errors
        PASS [   0.016s] (1360/4367) stylex_css_parser at_queries::media_query::media_query_coverage_test::double_inequality_bad_lower_bound_errors
        PASS [   0.013s] (1361/4367) stylex_css_parser at_queries::media_query::media_query_coverage_test::double_inequality_bad_second_operator_errors
        PASS [   0.015s] (1362/4367) stylex_css_parser at_queries::media_query::media_query_coverage_test::double_inequality_bad_upper_bound_errors
        PASS [   0.011s] (1363/4367) stylex_css_parser at_queries::media_query::media_query_coverage_test::double_inequality_eof_at_first_operator
        PASS [   0.012s] (1364/4367) stylex_css_parser at_queries::media_query::media_query_coverage_test::double_inequality_eof_at_lower_bound
        PASS [   0.011s] (1365/4367) stylex_css_parser at_queries::media_query::media_query_coverage_test::double_inequality_eof_at_property_name
        PASS [   0.018s] (1366/4367) stylex_css_parser at_queries::media_query::media_query_coverage_test::double_inequality_eof_at_close_paren
        PASS [   0.010s] (1367/4367) stylex_css_parser at_queries::media_query::media_query_coverage_test::double_inequality_eof_at_upper_bound
        PASS [   0.012s] (1368/4367) stylex_css_parser at_queries::media_query::media_query_coverage_test::double_inequality_eof_at_second_operator
        PASS [   0.011s] (1369/4367) stylex_css_parser at_queries::media_query::media_query_coverage_test::double_inequality_fallback_branch
        PASS [   0.011s] (1370/4367) stylex_css_parser at_queries::media_query::media_query_coverage_test::double_inequality_forward_inclusive_greater_succeeds
        PASS [   0.019s] (1371/4367) stylex_css_parser at_queries::media_query::media_query_coverage_test::double_inequality_forward_inclusive_succeeds
        PASS [   0.014s] (1372/4367) stylex_css_parser at_queries::media_query::media_query_coverage_test::double_inequality_lt_inclusive_op1_strict_op2
        PASS [   0.017s] (1373/4367) stylex_css_parser at_queries::media_query::media_query_coverage_test::double_inequality_forward_lt_strict_both
        PASS [   0.014s] (1374/4367) stylex_css_parser at_queries::media_query::media_query_coverage_test::double_inequality_gt_strict_op1_inclusive_op2
        PASS [   0.016s] (1375/4367) stylex_css_parser at_queries::media_query::media_query_coverage_test::double_inequality_gt_inclusive_op1_strict_op2
        PASS [   0.011s] (1376/4367) stylex_css_parser at_queries::media_query::media_query_coverage_test::double_inequality_lt_strict_op1_inclusive_op2
        PASS [   0.014s] (1377/4367) stylex_css_parser at_queries::media_query::media_query_coverage_test::double_inequality_height_succeeds
        PASS [   0.012s] (1378/4367) stylex_css_parser at_queries::media_query::media_query_coverage_test::double_inequality_mixed_inclusive_op1_strict_op2_succeeds
        PASS [   0.014s] (1379/4367) stylex_css_parser at_queries::media_query::media_query_coverage_test::double_inequality_no_closing_paren_characterization
        PASS [   0.014s] (1380/4367) stylex_css_parser at_queries::media_query::media_query_coverage_test::double_inequality_strict_greater_both_succeeds
        PASS [   1.259s] (1381/4367) stylex_css css::tests::totality_test::no_short_arrangement_of_the_characters_the_seam_branches_on_can_crash_it
        PASS [   0.014s] (1382/4367) stylex_css_parser at_queries::media_query::media_query_coverage_test::double_inequality_mixed_strict_op1_inclusive_op2_succeeds
        PASS [   0.014s] (1383/4367) stylex_css_parser at_queries::media_query::media_query_coverage_test::double_inequality_reverse_gt_strict_both
        PASS [   0.015s] (1384/4367) stylex_css_parser at_queries::media_query::media_query_coverage_test::double_inequality_strict_less_both_succeeds
        PASS [   0.012s] (1385/4367) stylex_css_parser at_queries::media_query::media_query_coverage_test::double_inequality_whitespace_before_close_paren_covered
        PASS [   0.016s] (1386/4367) stylex_css_parser at_queries::media_query::media_query_coverage_test::double_inequality_non_delim_first_operator
        PASS [   0.019s] (1387/4367) stylex_css_parser at_queries::media_query::media_query_coverage_test::double_inequality_non_ident_property_name
        PASS [   0.011s] (1388/4367) stylex_css_parser at_queries::media_query::media_query_coverage_test::extract_ident_as_word_rule_else_returns_color
        PASS [   0.013s] (1389/4367) stylex_css_parser at_queries::media_query::media_query_coverage_test::extract_ident_as_media_type_else_returns_all
        PASS [   0.015s] (1390/4367) stylex_css_parser at_queries::media_query::media_query_coverage_test::double_not_in_parenthesized_expression_cancels
        PASS [   0.015s] (1391/4367) stylex_css_parser at_queries::media_query::media_query_coverage_test::extract_ident_as_media_type_unreachable_else_panics
        PASS [   0.016s] (1392/4367) stylex_css_parser at_queries::media_query::media_query_coverage_test::double_inequality_wrong_close_token
        PASS [   0.015s] (1393/4367) stylex_css_parser at_queries::media_query::media_query_coverage_test::extract_ident_as_word_rule_happy_path
        PASS [   0.017s] (1394/4367) stylex_css_parser at_queries::media_query::media_query_coverage_test::exceeding_the_bound_is_not_a_parse_failure
        PASS [   0.012s] (1395/4367) stylex_css_parser at_queries::media_query::media_query_coverage_test::format_queries_keyword_without_prefix_not_at_top_level_gets_parens
        PASS [   0.020s] (1396/4367) stylex_css_parser at_queries::media_query::media_query_coverage_test::extract_ident_as_media_type_happy_path
        PASS [   0.013s] (1397/4367) stylex_css_parser at_queries::media_query::media_query_coverage_test::format_queries_not_wrapping_and_gets_parenthesized
        PASS [   0.012s] (1398/4367) stylex_css_parser at_queries::media_query::media_query_coverage_test::format_queries_not_wrapping_or_gets_parenthesized
        PASS [   0.011s] (1399/4367) stylex_css_parser at_queries::media_query::media_query_coverage_test::format_queries_or_not_top_level_and_member_gets_parens
        PASS [   0.012s] (1400/4367) stylex_css_parser at_queries::media_query::media_query_coverage_test::format_queries_or_member_that_is_or_not_top_level
        PASS [   0.013s] (1401/4367) stylex_css_parser at_queries::media_query::media_query_coverage_test::format_queries_or_single_valid_rule_returns_unwrapped
        PASS [   0.013s] (1402/4367) stylex_css_parser at_queries::media_query::media_query_coverage_test::format_queries_or_with_and_nested_is_top_level_uses_comma
        PASS [   0.014s] (1403/4367) stylex_css_parser at_queries::media_query::media_query_coverage_test::forward_inequality_bad_operator_char_errors
        PASS [   0.017s] (1404/4367) stylex_css_parser at_queries::media_query::media_query_coverage_test::format_queries_pair_all_value_types
        PASS [   0.015s] (1405/4367) stylex_css_parser at_queries::media_query::media_query_coverage_test::forward_inequality_bad_property_name_errors
        PASS [   0.012s] (1406/4367) stylex_css_parser at_queries::media_query::media_query_coverage_test::forward_inequality_eof_at_close_paren
        PASS [   0.011s] (1407/4367) stylex_css_parser at_queries::media_query::media_query_coverage_test::forward_inequality_eof_at_dimension
        PASS [   0.010s] (1408/4367) stylex_css_parser at_queries::media_query::media_query_coverage_test::forward_inequality_eof_at_operator
        PASS [   0.014s] (1409/4367) stylex_css_parser at_queries::media_query::media_query_coverage_test::forward_inequality_eof_at_property_name
        PASS [   0.012s] (1410/4367) stylex_css_parser at_queries::media_query::media_query_coverage_test::forward_inequality_greater_equal_succeeds
        PASS [   0.010s] (1411/4367) stylex_css_parser at_queries::media_query::media_query_coverage_test::forward_inequality_missing_operator_errors
        PASS [   0.013s] (1412/4367) stylex_css_parser at_queries::media_query::media_query_coverage_test::forward_inequality_height_less_equal_succeeds
        PASS [   0.013s] (1413/4367) stylex_css_parser at_queries::media_query::media_query_coverage_test::forward_inequality_no_closing_paren_characterization
        PASS [   0.011s] (1414/4367) stylex_css_parser at_queries::media_query::media_query_coverage_test::forward_inequality_not_a_dimension_errors
        PASS [   0.011s] (1415/4367) stylex_css_parser at_queries::media_query::media_query_coverage_test::forward_inequality_whitespace_before_close_paren_covered
        PASS [   0.012s] (1416/4367) stylex_css_parser at_queries::media_query::media_query_coverage_test::forward_inequality_strict_greater_than_succeeds
        PASS [   0.012s] (1417/4367) stylex_css_parser at_queries::media_query::media_query_coverage_test::forward_inequality_strict_less_than_succeeds
        PASS [   0.012s] (1418/4367) stylex_css_parser at_queries::media_query::media_query_coverage_test::forward_inequality_wrong_closing_token_errors
        PASS [   0.011s] (1419/4367) stylex_css_parser at_queries::media_query::media_query_coverage_test::fraction_parser_missing_second_number
        PASS [   0.013s] (1420/4367) stylex_css_parser at_queries::media_query::media_query_coverage_test::fraction_display
        PASS [   0.011s] (1421/4367) stylex_css_parser at_queries::media_query::media_query_coverage_test::fraction_wrong_delimiter_errors
        PASS [   0.015s] (1422/4367) stylex_css_parser at_queries::media_query::media_query_coverage_test::fraction_with_non_slash_delimiter_fails
        PASS [   0.010s] (1423/4367) stylex_css_parser at_queries::media_query::media_query_coverage_test::ident_to_media_rule_value_happy_path
        PASS [   0.011s] (1424/4367) stylex_css_parser at_queries::media_query::media_query_coverage_test::ident_to_media_rule_value_else_returns_empty_string
        PASS [   0.015s] (1425/4367) stylex_css_parser at_queries::media_query::media_query_coverage_test::has_balanced_parens_accepts_a_closed_query_and_refuses_an_open_one
        PASS [   0.014s] (1426/4367) stylex_css_parser at_queries::media_query::media_query_coverage_test::leading_not_keyword_no_whitespace_fails
        PASS [   0.011s] (1427/4367) stylex_css_parser at_queries::media_query::media_query_coverage_test::leading_not_parser_non_whitespace_after_not
        PASS [   0.013s] (1428/4367) stylex_css_parser at_queries::media_query::media_query_coverage_test::leading_not_parser_eof_after_not_keyword
        PASS [   0.013s] (1429/4367) stylex_css_parser at_queries::media_query::media_query_coverage_test::leading_not_parser_non_not_ident_errors
        PASS [   0.012s] (1430/4367) stylex_css_parser at_queries::media_query::media_query_coverage_test::media_and_rules_new_sets_type_correctly
        PASS [   0.012s] (1431/4367) stylex_css_parser at_queries::media_query::media_query_coverage_test::leading_not_parser_with_non_only_keyword_after_not
        PASS [   0.014s] (1432/4367) stylex_css_parser at_queries::media_query::media_query_coverage_test::leading_not_parser_not_ident_keyword_fails
        PASS [   0.013s] (1433/4367) stylex_css_parser at_queries::media_query::media_query_coverage_test::media_and_rules_display
        PASS [   0.011s] (1434/4367) stylex_css_parser at_queries::media_query::media_query_coverage_test::media_keyword_new_sets_type_correctly
        PASS [   0.012s] (1435/4367) stylex_css_parser at_queries::media_query::media_query_coverage_test::media_keyword_display_all_variants
        PASS [   0.011s] (1436/4367) stylex_css_parser at_queries::media_query::media_query_coverage_test::media_not_rule_display_with_pair
        PASS [   0.011s] (1437/4367) stylex_css_parser at_queries::media_query::media_query_coverage_test::media_not_rule_display_with_or
        PASS [   0.014s] (1438/4367) stylex_css_parser at_queries::media_query::media_query_coverage_test::media_not_rule_display_with_and
        PASS [   0.011s] (1439/4367) stylex_css_parser at_queries::media_query::media_query_coverage_test::media_or_rules_new_sets_type_correctly
        PASS [   0.012s] (1440/4367) stylex_css_parser at_queries::media_query::media_query_coverage_test::media_not_rule_new_sets_type_correctly
        PASS [   0.012s] (1441/4367) stylex_css_parser at_queries::media_query::media_query_coverage_test::media_query_clone_and_eq
        PASS [   0.014s] (1442/4367) stylex_css_parser at_queries::media_query::media_query_coverage_test::media_or_rules_display
        PASS [   0.012s] (1443/4367) stylex_css_parser at_queries::media_query::media_query_coverage_test::media_query_rule_display_all_variants
        PASS [   0.012s] (1444/4367) stylex_css_parser at_queries::media_query::media_query_coverage_test::media_rule_pair_display
        PASS [   0.012s] (1445/4367) stylex_css_parser at_queries::media_query::media_query_coverage_test::media_rule_pair_new_sets_type_correctly
        PASS [   0.016s] (1446/4367) stylex_css_parser at_queries::media_query::media_query_coverage_test::media_query_rule_parser_passes_through_or_combinator
        PASS [   0.014s] (1447/4367) stylex_css_parser at_queries::media_query::media_query_coverage_test::media_rule_value_display_all_variants
        PASS [   0.012s] (1448/4367) stylex_css_parser at_queries::media_query::media_query_coverage_test::media_word_rule_display
        PASS [   0.012s] (1449/4367) stylex_css_parser at_queries::media_query::media_query_coverage_test::media_word_rule_new_sets_type_correctly
        PASS [   0.011s] (1450/4367) stylex_css_parser at_queries::media_query::media_query_coverage_test::merge_intervals_min_and_max_width_no_conflict
        PASS [   0.013s] (1451/4367) stylex_css_parser at_queries::media_query::media_query_coverage_test::merge_intervals_both_width_and_height
        PASS [   0.013s] (1452/4367) stylex_css_parser at_queries::media_query::media_query_coverage_test::merge_intervals_max_height_only
        PASS [   0.011s] (1453/4367) stylex_css_parser at_queries::media_query::media_query_coverage_test::merge_intervals_non_width_height_pair_returns_original
        PASS [   0.011s] (1454/4367) stylex_css_parser at_queries::media_query::media_query_coverage_test::merge_intervals_not_max_height_pair
        PASS [   0.011s] (1455/4367) stylex_css_parser at_queries::media_query::media_query_coverage_test::merge_intervals_not_min_width_adjusts_to_max
        PASS [   0.015s] (1456/4367) stylex_css_parser at_queries::media_query::media_query_coverage_test::merge_intervals_not_max_width_pair
        PASS [   0.014s] (1457/4367) stylex_css_parser at_queries::media_query::media_query_coverage_test::merge_intervals_not_min_height_pair
        PASS [   0.013s] (1458/4367) stylex_css_parser at_queries::media_query::media_query_coverage_test::merge_intervals_not_rule_non_width_height_pair_returns_original
        PASS [   0.013s] (1459/4367) stylex_css_parser at_queries::media_query::media_query_coverage_test::merge_intervals_with_conflicting_units_returns_original
        PASS [   0.014s] (1460/4367) stylex_css_parser at_queries::media_query::media_query_coverage_test::merge_intervals_only_max_width_results_in_max_width
        PASS [   0.015s] (1461/4367) stylex_css_parser at_queries::media_query::media_query_coverage_test::merge_intervals_only_min_width_results_in_min_width
        PASS [   0.012s] (1462/4367) stylex_css_parser at_queries::media_query::media_query_coverage_test::negated_bound_at_a_width_f32_cannot_nudge_is_still_a_contradiction
        PASS [   0.014s] (1463/4367) stylex_css_parser at_queries::media_query::media_query_coverage_test::new_normalizes_the_rule_it_is_given
        PASS [   0.011s] (1464/4367) stylex_css_parser at_queries::media_query::media_query_coverage_test::normalize_and_with_empty_result_after_merge_returns_not_all_keyword
        PASS [   0.012s] (1465/4367) stylex_css_parser at_queries::media_query::media_query_coverage_test::normalize_and_with_only_and_children_flattens_and_returns_and
        PASS [   0.011s] (1466/4367) stylex_css_parser at_queries::media_query::media_query_coverage_test::normalize_and_with_single_non_and_child_stays_as_and
        PASS [   0.015s] (1467/4367) stylex_css_parser at_queries::media_query::media_query_coverage_test::normalize_empty_and_returns_not_all_keyword
        PASS [   0.013s] (1468/4367) stylex_css_parser at_queries::media_query::media_query_coverage_test::normalize_not_not_screen_gives_screen
        PASS [   0.014s] (1469/4367) stylex_css_parser at_queries::media_query::media_query_coverage_test::normalize_not_of_and_single_keyword_not_not_all_stays_as_not
        PASS [   0.012s] (1470/4367) stylex_css_parser at_queries::media_query::media_query_coverage_test::normalize_not_of_contradictory_and_returns_all
        PASS [   0.012s] (1471/4367) stylex_css_parser at_queries::media_query::media_query_coverage_test::normalize_not_of_keyword_not_all_stays_as_not
        PASS [   0.012s] (1472/4367) stylex_css_parser at_queries::media_query::media_query_coverage_test::normalize_not_of_pair_stays_as_not_pair
        PASS [   0.014s] (1473/4367) stylex_css_parser at_queries::media_query::media_query_coverage_test::normalize_not_of_not_all_returns_all
        PASS [   0.012s] (1474/4367) stylex_css_parser at_queries::media_query::media_query_coverage_test::normalize_or_normalizes_children
        PASS [   0.012s] (1475/4367) stylex_css_parser at_queries::media_query::media_query_coverage_test::not_of_a_contradictory_range_normalizes_to_all
        PASS [   0.011s] (1476/4367) stylex_css_parser at_queries::media_query::media_query_coverage_test::not_only_combined_in_keyword_parser_drops_the_only
        PASS [   0.013s] (1477/4367) stylex_css_parser at_queries::media_query::media_query_coverage_test::nudged_bounds_keep_their_authored_precision
        PASS [   0.012s] (1478/4367) stylex_css_parser at_queries::media_query::media_query_coverage_test::number_to_media_rule_value_else_returns_zero
        PASS [   0.013s] (1479/4367) stylex_css_parser at_queries::media_query::media_query_coverage_test::numeric_width_height_pair_recognition
        PASS [   0.013s] (1480/4367) stylex_css_parser at_queries::media_query::media_query_coverage_test::number_to_media_rule_value_happy_path
        PASS [   0.011s] (1481/4367) stylex_css_parser at_queries::media_query::media_query_coverage_test::or_combinator_three_rules_with_commas
        PASS [   0.013s] (1482/4367) stylex_css_parser at_queries::media_query::media_query_coverage_test::only_modifier_alone_parses_successfully
        PASS [   0.013s] (1483/4367) stylex_css_parser at_queries::media_query::media_query_coverage_test::or_combinator_three_rules_with_or_keyword
        PASS [   0.014s] (1484/4367) stylex_css_parser at_queries::media_query::media_query_coverage_test::or_combinator_trailing_comma_fails
        PASS [   0.012s] (1485/4367) stylex_css_parser at_queries::media_query::media_query_coverage_test::or_combinator_with_comma_succeeds
        PASS [   0.012s] (1486/4367) stylex_css_parser at_queries::media_query::media_query_coverage_test::or_combinator_with_or_keyword_succeeds
        PASS [   0.013s] (1487/4367) stylex_css_parser at_queries::media_query::media_query_coverage_test::or_combinator_with_or_keyword_no_whitespace
        PASS [   0.012s] (1488/4367) stylex_css_parser at_queries::media_query::media_query_coverage_test::or_rule_format_queries_one_valid_one_empty_or
        PASS [   0.012s] (1489/4367) stylex_css_parser at_queries::media_query::media_query_coverage_test::or_rule_format_queries_empty_nested_or_filters_out
        PASS [   0.011s] (1490/4367) stylex_css_parser at_queries::media_query::media_query_coverage_test::pair_display_fraction
        PASS [   0.012s] (1491/4367) stylex_css_parser at_queries::media_query::media_query_coverage_test::pair_display_number
        PASS [   0.014s] (1492/4367) stylex_css_parser at_queries::media_query::media_query_coverage_test::pair_display_string
        PASS [   0.012s] (1493/4367) stylex_css_parser at_queries::media_query::media_query_coverage_test::pair_with_number_value_succeeds
        PASS [   0.015s] (1494/4367) stylex_css_parser at_queries::media_query::media_query_coverage_test::pair_with_fraction_no_spaces_succeeds
        PASS [   0.010s] (1495/4367) stylex_css_parser at_queries::media_query::media_query_coverage_test::parenthesized_expression_main_branch_missing_close_paren
        PASS [   0.012s] (1496/4367) stylex_css_parser at_queries::media_query::media_query_coverage_test::parenthesized_expression_inner_and_rule_succeeds
        PASS [   0.013s] (1497/4367) stylex_css_parser at_queries::media_query::media_query_coverage_test::pair_with_resolution_value
        PASS [   0.014s] (1498/4367) stylex_css_parser at_queries::media_query::media_query_coverage_test::parenthesized_expression_main_branch_whitespace_before_close_paren
        PASS [   0.013s] (1499/4367) stylex_css_parser at_queries::media_query::media_query_coverage_test::parenthesized_expression_no_closing_paren_characterization
        PASS [   0.011s] (1500/4367) stylex_css_parser at_queries::media_query::media_query_coverage_test::parenthesized_expression_no_paren_errors
        PASS [   0.012s] (1501/4367) stylex_css_parser at_queries::media_query::media_query_coverage_test::parenthesized_expression_not_branch_leading_not_fails
        PASS [   0.012s] (1502/4367) stylex_css_parser at_queries::media_query::media_query_coverage_test::parenthesized_expression_not_branch_missing_close_paren
        PASS [   0.011s] (1503/4367) stylex_css_parser at_queries::media_query::media_query_coverage_test::parenthesized_expression_not_branch_with_close_paren
        PASS [   0.011s] (1504/4367) stylex_css_parser at_queries::media_query::media_query_coverage_test::parenthesized_expression_not_path_with_no_not_keyword
        PASS [   0.013s] (1505/4367) stylex_css_parser at_queries::media_query::media_query_coverage_test::parenthesized_expression_not_branch_no_whitespace_after_not
        PASS [   0.011s] (1506/4367) stylex_css_parser at_queries::media_query::media_query_coverage_test::parenthesized_expression_with_not_inside_succeeds
        PASS [   0.016s] (1507/4367) stylex_css_parser at_queries::media_query::media_query_coverage_test::parenthesized_expression_not_branch_whitespace_before_close_paren
        PASS [   0.013s] (1508/4367) stylex_css_parser at_queries::media_query::media_query_coverage_test::parenthesized_not_no_closing_paren_characterization
        PASS [   0.011s] (1509/4367) stylex_css_parser at_queries::media_query::media_query_coverage_test::parenthesized_not_only_combo_errors
        PASS [   0.011s] (1510/4367) stylex_css_parser at_queries::media_query::media_query_coverage_test::parenthesized_not_parser_missing_close_paren
        PASS [   0.013s] (1511/4367) stylex_css_parser at_queries::media_query::media_query_coverage_test::parenthesized_not_parser_inner_rule_fails
        PASS [   0.018s] (1512/4367) stylex_css_parser at_queries::media_query::media_query_coverage_test::parenthesized_not_no_whitespace_after_not_errors
        PASS [   0.012s] (1513/4367) stylex_css_parser at_queries::media_query::media_query_coverage_test::parenthesized_not_parser_no_whitespace_after_not_direct
        PASS [   0.012s] (1514/4367) stylex_css_parser at_queries::media_query::media_query_coverage_test::parenthesized_not_parser_whitespace_before_close_paren
        PASS [   0.012s] (1515/4367) stylex_css_parser at_queries::media_query::media_query_coverage_test::parenthesized_not_succeeds
        PASS [   0.011s] (1516/4367) stylex_css_parser at_queries::media_query::media_query_coverage_test::parse_only_print_and_grid
        PASS [   0.013s] (1517/4367) stylex_css_parser at_queries::media_query::media_query_coverage_test::parser_error_at_keyword_not_media
        PASS [   0.011s] (1518/4367) stylex_css_parser at_queries::media_query::media_query_coverage_test::parser_no_at_prefix_parses_just_query
        PASS [   0.017s] (1519/4367) stylex_css_parser at_queries::media_query::media_query_coverage_test::parser_at_keyword_wrong_then_falls_back
        PASS [   0.013s] (1520/4367) stylex_css_parser at_queries::media_query::media_query_coverage_test::parser_error_media_without_whitespace
        PASS [   0.011s] (1521/4367) stylex_css_parser at_queries::media_query::media_query_coverage_test::reversed_inequality_bad_property_errors
        PASS [   0.012s] (1522/4367) stylex_css_parser at_queries::media_query::media_query_coverage_test::reversed_inequality_bad_operator_errors
        PASS [   0.011s] (1523/4367) stylex_css_parser at_queries::media_query::media_query_coverage_test::reversed_inequality_eof_at_close_paren
        PASS [   0.012s] (1524/4367) stylex_css_parser at_queries::media_query::media_query_coverage_test::reversed_inequality_eof_at_dimension
        PASS [   0.014s] (1525/4367) stylex_css_parser at_queries::media_query::media_query_coverage_test::reversed_inequality_eof_at_operator
        PASS [   0.012s] (1526/4367) stylex_css_parser at_queries::media_query::media_query_coverage_test::reversed_inequality_height_succeeds
        PASS [   0.011s] (1527/4367) stylex_css_parser at_queries::media_query::media_query_coverage_test::reversed_inequality_non_ident_property_name
        PASS [   0.012s] (1528/4367) stylex_css_parser at_queries::media_query::media_query_coverage_test::reversed_inequality_less_equal_succeeds
        PASS [   0.012s] (1529/4367) stylex_css_parser at_queries::media_query::media_query_coverage_test::reversed_inequality_strict_greater_than_succeeds
        PASS [   0.012s] (1530/4367) stylex_css_parser at_queries::media_query::media_query_coverage_test::reversed_inequality_not_a_dimension_errors
        PASS [   0.017s] (1531/4367) stylex_css_parser at_queries::media_query::media_query_coverage_test::reversed_inequality_eof_at_property_name
        PASS [   0.013s] (1532/4367) stylex_css_parser at_queries::media_query::media_query_coverage_test::reversed_inequality_non_delim_operator
        PASS [   0.013s] (1533/4367) stylex_css_parser at_queries::media_query::media_query_coverage_test::reversed_inequality_succeeds
        PASS [   0.016s] (1534/4367) stylex_css_parser at_queries::media_query::media_query_coverage_test::reversed_inequality_strict_less_than_succeeds
        PASS [   1.479s] (1535/4367) stylex_css css::tests::totality_test::no_longer_arrangement_of_the_nesting_characters_can_crash_it
        PASS [   0.013s] (1536/4367) stylex_css_parser at_queries::media_query::media_query_coverage_test::reversed_inequality_wrong_close_token
        PASS [   0.011s] (1537/4367) stylex_css_parser at_queries::media_query::media_query_coverage_test::simple_pair_parser_no_opening_paren_errors
        PASS [   0.011s] (1538/4367) stylex_css_parser at_queries::media_query::media_query_coverage_test::simple_pair_parser_no_ident_errors
        PASS [   0.011s] (1539/4367) stylex_css_parser at_queries::media_query::media_query_coverage_test::word_rule_parser_inside_and_combinator
        PASS [   0.013s] (1540/4367) stylex_css_parser at_queries::media_query::media_query_coverage_test::simple_pair_parser_no_closing_paren_characterization
        PASS [   0.012s] (1541/4367) stylex_css_parser at_queries::media_query::media_query_coverage_test::simple_pair_parser_no_colon_errors
        PASS [   0.012s] (1542/4367) stylex_css_parser at_queries::media_query::media_query_coverage_test::validate_media_query_syntax_error_path
        PASS [   0.013s] (1543/4367) stylex_css_parser at_queries::media_query::media_query_coverage_test::word_rules_all_variants
        PASS [   0.013s] (1544/4367) stylex_css_parser at_queries::media_query::parse_media_query_test::style_value_parser_at_queries::additional_media_query_features::media_color_gamut_p3
        PASS [   0.014s] (1545/4367) stylex_css_parser at_queries::media_query::parse_media_query_test::style_value_parser_at_queries::additional_media_query_features::media_color_gamut_rec2020
        PASS [   0.012s] (1546/4367) stylex_css_parser at_queries::media_query::parse_media_query_test::style_value_parser_at_queries::additional_media_query_features::media_color_index_256
        PASS [   0.012s] (1547/4367) stylex_css_parser at_queries::media_query::parse_media_query_test::style_value_parser_at_queries::additional_media_query_features::media_min_color_index_256
        PASS [   0.012s] (1548/4367) stylex_css_parser at_queries::media_query::parse_media_query_test::style_value_parser_at_queries::additional_media_query_features::media_color_gamut_srgb
        PASS [   0.012s] (1549/4367) stylex_css_parser at_queries::media_query::parse_media_query_test::style_value_parser_at_queries::additional_media_query_features::media_resolution_1_5dpcm
        PASS [   0.012s] (1550/4367) stylex_css_parser at_queries::media_query::parse_media_query_test::style_value_parser_at_queries::additional_media_query_features::media_resolution_2dppx
        PASS [   0.012s] (1551/4367) stylex_css_parser at_queries::media_query::parse_media_query_test::style_value_parser_at_queries::additional_media_query_features::media_resolution_300dpi
        PASS [   0.014s] (1552/4367) stylex_css_parser at_queries::media_query::parse_media_query_test::style_value_parser_at_queries::additional_media_query_features::media_max_color_index_65536
        PASS [   0.012s] (1553/4367) stylex_css_parser at_queries::media_query::parse_media_query_test::style_value_parser_at_queries::additional_media_query_features::media_video_color_gamut_p3
        PASS [   0.011s] (1554/4367) stylex_css_parser at_queries::media_query::parse_media_query_test::style_value_parser_at_queries::additional_media_query_features::media_webkit_min_device_pixel_ratio_2
        PASS [   0.016s] (1555/4367) stylex_css_parser at_queries::media_query::parse_media_query_test::style_value_parser_at_queries::additional_media_query_features::media_video_color_gamut_rec2020
        PASS [   0.011s] (1556/4367) stylex_css_parser at_queries::media_query::parse_media_query_test::style_value_parser_at_queries::at_media_prefix_handling::media_prefix_with_screen_keyword
        PASS [   0.013s] (1557/4367) stylex_css_parser at_queries::media_query::parse_media_query_test::style_value_parser_at_queries::additional_media_query_features::media_video_color_gamut_srgb
        PASS [   0.012s] (1558/4367) stylex_css_parser at_queries::media_query::parse_media_query_test::style_value_parser_at_queries::at_media_prefix_handling::media_prefix_with_complex_and_query
        PASS [   0.012s] (1559/4367) stylex_css_parser at_queries::media_query::parse_media_query_test::style_value_parser_at_queries::at_media_prefix_handling::media_prefix_with_comma_separated_queries
        PASS [   0.012s] (1560/4367) stylex_css_parser at_queries::media_query::parse_media_query_test::style_value_parser_at_queries::at_media_prefix_handling::media_prefix_with_feature
        PASS [   0.014s] (1561/4367) stylex_css_parser at_queries::media_query::parse_media_query_test::style_value_parser_at_queries::additional_media_query_features::media_webkit_max_device_pixel_ratio_1_5
        PASS [   0.014s] (1562/4367) stylex_css_parser at_queries::media_query::parse_media_query_test::style_value_parser_at_queries::logical_operators::media_min_width_and_max_width
        PASS [   0.011s] (1563/4367) stylex_css_parser at_queries::media_query::parse_media_query_test::style_value_parser_at_queries::logical_operators::media_screen_and_min_width_768px
        PASS [   0.011s] (1564/4367) stylex_css_parser at_queries::media_query::parse_media_query_test::style_value_parser_at_queries::media_features::media_min_width_768px
        PASS [   0.012s] (1565/4367) stylex_css_parser at_queries::media_query::parse_media_query_test::style_value_parser_at_queries::media_features::media_boolean_color_feature
        PASS [   0.013s] (1566/4367) stylex_css_parser at_queries::media_query::parse_media_query_test::style_value_parser_at_queries::media_types::media_all_type
        PASS [   0.013s] (1567/4367) stylex_css_parser at_queries::media_query::parse_media_query_test::style_value_parser_at_queries::media_types::media_print_type
        PASS [   0.012s] (1568/4367) stylex_css_parser at_queries::media_query::parse_media_query_test::style_value_parser_at_queries::media_types::media_screen_type
        PASS [   0.012s] (1569/4367) stylex_css_parser at_queries::media_query::parse_media_query_test::style_value_parser_at_queries::normalize::flatten_and_combinator_logic::media_flattens_complex_nested_and_rules
        PASS [   0.017s] (1570/4367) stylex_css_parser at_queries::media_query::parse_media_query_test::style_value_parser_at_queries::media_features::media_max_width_1024px
        PASS [   0.016s] (1571/4367) stylex_css_parser at_queries::media_query::parse_media_query_test::style_value_parser_at_queries::normalize::flatten_and_combinator_logic::media_flattens_deeply_nested_and_chains
        PASS [   0.012s] (1572/4367) stylex_css_parser at_queries::media_query::parse_media_query_test::style_value_parser_at_queries::normalize::flatten_and_combinator_logic::media_handles_top_level_and_and_nested_and
        PASS [   0.014s] (1573/4367) stylex_css_parser at_queries::media_query::parse_media_query_test::style_value_parser_at_queries::normalize::flatten_and_combinator_logic::media_flattens_nested_and_rules
        PASS [   0.012s] (1574/4367) stylex_css_parser at_queries::media_query::parse_media_query_test::style_value_parser_at_queries::normalize::simplify_not_combinator_logic::media_normalizes_not_with_compound_expression
        PASS [   0.011s] (1575/4367) stylex_css_parser at_queries::media_query::parse_media_query_test::style_value_parser_at_queries::normalize::simplify_not_combinator_logic::media_removes_triple_negation
        PASS [   0.013s] (1576/4367) stylex_css_parser at_queries::media_query::parse_media_query_test::style_value_parser_at_queries::normalize::simplify_not_combinator_logic::media_preserves_single_not_over_group
        PASS [   0.012s] (1577/4367) stylex_css_parser at_queries::media_query::parse_media_query_test::style_value_parser_at_queries::normalize::simplify_not_combinator_logic::media_removes_duplicate_nots
        PASS [   0.012s] (1578/4367) stylex_css_parser at_queries::media_query::parse_media_query_test::style_value_parser_at_queries::normalize::simplify_not_combinator_logic::media_removes_even_number_of_nots
        PASS [   0.012s] (1579/4367) stylex_css_parser at_queries::media_query::parse_media_query_test::style_value_parser_at_queries::not_operator::media_not_screen
        PASS [   0.011s] (1580/4367) stylex_css_parser at_queries::media_query::parse_media_query_test::style_value_parser_at_queries::parse_media_queries::and_combinator::media_min_aspect_ratio_3_slash_2_and_max_aspect_ratio_16_slash_9
        PASS [   0.013s] (1581/4367) stylex_css_parser at_queries::media_query::parse_media_query_test::style_value_parser_at_queries::parse_media_queries::and_combinator::media_min_aspect_ratio_3_2_and_max_aspect_ratio_16_9
        PASS [   0.017s] (1582/4367) stylex_css_parser at_queries::media_query::parse_media_query_test::style_value_parser_at_queries::not_operator::media_not_print
        PASS [   0.013s] (1583/4367) stylex_css_parser at_queries::media_query::parse_media_query_test::style_value_parser_at_queries::parse_media_queries::and_combinator::media_min_height_600px_and_orientation_landscape
        PASS [   0.011s] (1584/4367) stylex_css_parser at_queries::media_query::parse_media_query_test::style_value_parser_at_queries::parse_media_queries::and_combinator::media_min_width_576px_and_max_width_767px_and_hover_none
        PASS [   0.013s] (1585/4367) stylex_css_parser at_queries::media_query::parse_media_query_test::style_value_parser_at_queries::parse_media_queries::and_combinator::media_min_resolution_300dpi_and_max_resolution_600dpi
        PASS [   0.012s] (1586/4367) stylex_css_parser at_queries::media_query::parse_media_query_test::style_value_parser_at_queries::parse_media_queries::and_combinator::media_min_width_768px_and_max_width_991px
        PASS [   0.013s] (1587/4367) stylex_css_parser at_queries::media_query::parse_media_query_test::style_value_parser_at_queries::parse_media_queries::and_combinator::media_min_width_1200px_and_orientation_landscape
        PASS [   0.014s] (1588/4367) stylex_css_parser at_queries::media_query::parse_media_query_test::style_value_parser_at_queries::parse_media_queries::and_combinator::media_min_width_992px_and_max_width_1199px_and_pointer_fine
        PASS [   0.012s] (1589/4367) stylex_css_parser at_queries::media_query::parse_media_query_test::style_value_parser_at_queries::parse_media_queries::and_combinator::media_not_all_and_monochrome
        PASS [   0.012s] (1590/4367) stylex_css_parser at_queries::media_query::parse_media_query_test::style_value_parser_at_queries::parse_media_queries::and_combinator::media_orientation_landscape_and_update_fast
        PASS [   0.012s] (1591/4367) stylex_css_parser at_queries::media_query::parse_media_query_test::style_value_parser_at_queries::parse_media_queries::and_combinator::media_orientation_landscape_and_pointer_fine
        PASS [   0.012s] (1592/4367) stylex_css_parser at_queries::media_query::parse_media_query_test::style_value_parser_at_queries::parse_media_queries::and_combinator::media_prefers_reduced_motion_reduce_and_update_slow
        PASS [   0.013s] (1593/4367) stylex_css_parser at_queries::media_query::parse_media_query_test::style_value_parser_at_queries::parse_media_queries::and_combinator::media_screen_and_device_aspect_ratio_16_9
        PASS [   0.012s] (1594/4367) stylex_css_parser at_queries::media_query::parse_media_query_test::style_value_parser_at_queries::parse_media_queries::and_combinator::media_screen_and_device_aspect_ratio_16_slash_9
        PASS [   0.012s] (1595/4367) stylex_css_parser at_queries::media_query::parse_media_query_test::style_value_parser_at_queries::parse_media_queries::inequality_rule_tests::media_max_width_200px_and_not_max_width_300px
        PASS [   0.012s] (1596/4367) stylex_css_parser at_queries::media_query::parse_media_query_test::style_value_parser_at_queries::parse_media_queries::inequality_rule_tests::media_min_aspect_ratio_3_2_and_max_aspect_ratio_16_9
        PASS [   0.014s] (1597/4367) stylex_css_parser at_queries::media_query::parse_media_query_test::style_value_parser_at_queries::parse_media_queries::and_combinator::media_screen_and_min_width_400px
        PASS [   0.012s] (1598/4367) stylex_css_parser at_queries::media_query::parse_media_query_test::style_value_parser_at_queries::parse_media_queries::inequality_rule_tests::media_min_width_100px_and_max_width_500px_and_not_max_width_200px
        PASS [   0.011s] (1599/4367) stylex_css_parser at_queries::media_query::parse_media_query_test::style_value_parser_at_queries::parse_media_queries::inequality_rule_tests::media_min_width_100px_and_not_max_width_100px
        PASS [   0.014s] (1600/4367) stylex_css_parser at_queries::media_query::parse_media_query_test::style_value_parser_at_queries::parse_media_queries::inequality_rule_tests::media_min_resolution_300dpi_and_max_resolution_600dpi
        PASS [   0.013s] (1601/4367) stylex_css_parser at_queries::media_query::parse_media_query_test::style_value_parser_at_queries::parse_media_queries::inequality_rule_tests::media_min_width_100px_and_max_width_500px_and_not_min_width_600px
        PASS [   0.012s] (1602/4367) stylex_css_parser at_queries::media_query::parse_media_query_test::style_value_parser_at_queries::parse_media_queries::inequality_rule_tests::media_min_width_100px_and_not_max_width_50px
        PASS [   0.015s] (1603/4367) stylex_css_parser at_queries::media_query::parse_media_query_test::style_value_parser_at_queries::parse_media_queries::inequality_rule_tests::media_min_width_100px_and_not_max_width_99_99px
        PASS [   0.013s] (1604/4367) stylex_css_parser at_queries::media_query::parse_media_query_test::style_value_parser_at_queries::parse_media_queries::inequality_rule_tests::media_min_width_100px_and_orientation_landscape
        PASS [   0.012s] (1605/4367) stylex_css_parser at_queries::media_query::parse_media_query_test::style_value_parser_at_queries::parse_media_queries::inequality_rule_tests::media_min_width_1200px_and_orientation_landscape
        PASS [   0.011s] (1606/4367) stylex_css_parser at_queries::media_query::parse_media_query_test::style_value_parser_at_queries::parse_media_queries::inequality_rule_tests::media_min_width_768px_and_max_width_991px
        PASS [   0.012s] (1607/4367) stylex_css_parser at_queries::media_query::parse_media_query_test::style_value_parser_at_queries::parse_media_queries::inequality_rule_tests::media_min_width_576px_and_max_width_767px_and_hover_none
        PASS [   0.013s] (1608/4367) stylex_css_parser at_queries::media_query::parse_media_query_test::style_value_parser_at_queries::parse_media_queries::inequality_rule_tests::media_min_width_992px_and_max_width_1199px_and_pointer_fine
        PASS [   0.012s] (1609/4367) stylex_css_parser at_queries::media_query::parse_media_query_test::style_value_parser_at_queries::parse_media_queries::inequality_rule_tests::media_orientation_landscape_and_pointer_fine
        PASS [   0.013s] (1610/4367) stylex_css_parser at_queries::media_query::parse_media_query_test::style_value_parser_at_queries::parse_media_queries::inequality_rule_tests::media_min_width_calc_100px_plus_2em_and_max_width_500px
        PASS [   0.011s] (1611/4367) stylex_css_parser at_queries::media_query::parse_media_query_test::style_value_parser_at_queries::parse_media_queries::inequality_rule_tests::media_prefers_reduced_motion_reduce_and_update_slow
        PASS [   0.013s] (1612/4367) stylex_css_parser at_queries::media_query::parse_media_query_test::style_value_parser_at_queries::parse_media_queries::inequality_rule_tests::media_orientation_landscape_and_update_fast
        PASS [   0.012s] (1613/4367) stylex_css_parser at_queries::media_query::parse_media_query_test::style_value_parser_at_queries::parse_media_queries::inequality_rule_tests::media_px_1000_greater_than_or_equal_width
        PASS [   0.013s] (1614/4367) stylex_css_parser at_queries::media_query::parse_media_query_test::style_value_parser_at_queries::parse_media_queries::inequality_rule_tests::media_px_1000_greater_than_or_equal_width_greater_than_700px
        PASS [   0.013s] (1615/4367) stylex_css_parser at_queries::media_query::parse_media_query_test::style_value_parser_at_queries::parse_media_queries::inequality_rule_tests::media_px_1000_greater_than_or_equal_width_greater_than_or_equal_700px
        PASS [   0.013s] (1616/4367) stylex_css_parser at_queries::media_query::parse_media_query_test::style_value_parser_at_queries::parse_media_queries::inequality_rule_tests::media_px_1000_greater_than_width
        PASS [   0.013s] (1617/4367) stylex_css_parser at_queries::media_query::parse_media_query_test::style_value_parser_at_queries::parse_media_queries::inequality_rule_tests::media_px_1000_greater_than_width_greater_than_700px
        PASS [   0.011s] (1618/4367) stylex_css_parser at_queries::media_query::parse_media_query_test::style_value_parser_at_queries::parse_media_queries::inequality_rule_tests::media_px_1000_less_than_width
        PASS [   0.012s] (1619/4367) stylex_css_parser at_queries::media_query::parse_media_query_test::style_value_parser_at_queries::parse_media_queries::inequality_rule_tests::media_px_1000_greater_than_width_greater_than_or_equal_700px
        PASS [   0.012s] (1620/4367) stylex_css_parser at_queries::media_query::parse_media_query_test::style_value_parser_at_queries::parse_media_queries::inequality_rule_tests::media_px_1000_to_700_range
        PASS [   0.014s] (1621/4367) stylex_css_parser at_queries::media_query::parse_media_query_test::style_value_parser_at_queries::parse_media_queries::inequality_rule_tests::media_px_1000_less_than_or_equal_width
        PASS [   0.012s] (1622/4367) stylex_css_parser at_queries::media_query::parse_media_query_test::style_value_parser_at_queries::parse_media_queries::inequality_rule_tests::media_px_400_greater_than_or_equal_width
        PASS [   0.013s] (1623/4367) stylex_css_parser at_queries::media_query::parse_media_query_test::style_value_parser_at_queries::parse_media_queries::inequality_rule_tests::media_px_400_less_than_or_equal_width
        PASS [   0.013s] (1624/4367) stylex_css_parser at_queries::media_query::parse_media_query_test::style_value_parser_at_queries::parse_media_queries::inequality_rule_tests::media_px_400_greater_than_width
        PASS [   0.013s] (1625/4367) stylex_css_parser at_queries::media_query::parse_media_query_test::style_value_parser_at_queries::parse_media_queries::inequality_rule_tests::media_px_400_less_than_width_less_than_700px
        PASS [   0.013s] (1626/4367) stylex_css_parser at_queries::media_query::parse_media_query_test::style_value_parser_at_queries::parse_media_queries::inequality_rule_tests::media_px_400_to_700_range
        PASS [   0.011s] (1627/4367) stylex_css_parser at_queries::media_query::parse_media_query_test::style_value_parser_at_queries::parse_media_queries::inequality_rule_tests::media_width_greater_than_400px
        PASS [   0.015s] (1628/4367) stylex_css_parser at_queries::media_query::parse_media_query_test::style_value_parser_at_queries::parse_media_queries::inequality_rule_tests::media_px_400_less_than_width
        PASS [   0.012s] (1629/4367) stylex_css_parser at_queries::media_query::parse_media_query_test::style_value_parser_at_queries::parse_media_queries::inequality_rule_tests::media_width_greater_than_or_equal_400px
        PASS [   0.011s] (1630/4367) stylex_css_parser at_queries::media_query::parse_media_query_test::style_value_parser_at_queries::parse_media_queries::keywords::media_accepts_not_only_and_drops_the_only
        PASS [   0.011s] (1631/4367) stylex_css_parser at_queries::media_query::parse_media_query_test::style_value_parser_at_queries::parse_media_queries::inequality_rule_tests::media_width_less_than_or_equal_400px
        PASS [   0.013s] (1632/4367) stylex_css_parser at_queries::media_query::parse_media_query_test::style_value_parser_at_queries::parse_media_queries::inequality_rule_tests::media_width_less_than_400px
        PASS [   0.012s] (1633/4367) stylex_css_parser at_queries::media_query::parse_media_query_test::style_value_parser_at_queries::parse_media_queries::keywords::media_all
        PASS [   0.011s] (1634/4367) stylex_css_parser at_queries::media_query::parse_media_query_test::style_value_parser_at_queries::parse_media_queries::keywords::media_not_screen
        PASS [   0.011s] (1635/4367) stylex_css_parser at_queries::media_query::parse_media_query_test::style_value_parser_at_queries::parse_media_queries::keywords::media_only_print_and_color
        PASS [   0.013s] (1636/4367) stylex_css_parser at_queries::media_query::parse_media_query_test::style_value_parser_at_queries::parse_media_queries::keywords::media_not_all_and_monochrome
        PASS [   0.012s] (1637/4367) stylex_css_parser at_queries::media_query::parse_media_query_test::style_value_parser_at_queries::parse_media_queries::keywords::media_only_screen
        PASS [   0.011s] (1638/4367) stylex_css_parser at_queries::media_query::parse_media_query_test::style_value_parser_at_queries::parse_media_queries::keywords::media_rejects_the_modifier_spellings_upstream_rejects
        PASS [   0.011s] (1639/4367) stylex_css_parser at_queries::media_query::parse_media_query_test::style_value_parser_at_queries::parse_media_queries::not_combinator::media_max_width_1440px_and_not_max_width_1024px_and_not_max_width_768px_and_not_max_width_458px
        PASS [   0.013s] (1640/4367) stylex_css_parser at_queries::media_query::parse_media_query_test::style_value_parser_at_queries::parse_media_queries::keywords::media_screen
        PASS [   0.015s] (1641/4367) stylex_css_parser at_queries::media_query::parse_media_query_test::style_value_parser_at_queries::parse_media_queries::keywords::media_only_screen_and_max_width_38em
        PASS [   0.014s] (1642/4367) stylex_css_parser at_queries::media_query::parse_media_query_test::style_value_parser_at_queries::parse_media_queries::keywords::media_print
        PASS [   0.012s] (1643/4367) stylex_css_parser at_queries::media_query::parse_media_query_test::style_value_parser_at_queries::parse_media_queries::not_combinator::media_not_not_not_min_width_400px
        PASS [   0.013s] (1644/4367) stylex_css_parser at_queries::media_query::parse_media_query_test::style_value_parser_at_queries::parse_media_queries::not_combinator::media_not_all_and_monochrome_and_min_width_600px
        PASS [   0.012s] (1645/4367) stylex_css_parser at_queries::media_query::parse_media_query_test::style_value_parser_at_queries::parse_media_queries::or_combinator::media_color_and_min_width_400px_or_screen_and_max_width_700px
        PASS [   0.014s] (1646/4367) stylex_css_parser at_queries::media_query::parse_media_query_test::style_value_parser_at_queries::parse_media_queries::not_combinator::media_not_complex_nested_expression
        PASS [   0.013s] (1647/4367) stylex_css_parser at_queries::media_query::parse_media_query_test::style_value_parser_at_queries::parse_media_queries::or_combinator::media_min_width_500px_or_max_width_600px
        PASS [   0.011s] (1648/4367) stylex_css_parser at_queries::media_query::parse_media_query_test::style_value_parser_at_queries::parse_media_queries::or_combinator::media_min_width_576px_or_orientation_portrait_and_max_width_767px
        PASS [   0.013s] (1649/4367) stylex_css_parser at_queries::media_query::parse_media_query_test::style_value_parser_at_queries::parse_media_queries::or_combinator::media_min_width_576px_and_max_width_767px_or_hover_none_and_any_pointer_coarse
        PASS [   0.012s] (1650/4367) stylex_css_parser at_queries::media_query::parse_media_query_test::style_value_parser_at_queries::parse_media_queries::or_combinator::media_min_width_576px_or_orientation_portrait_and_max_width_767px_or_prefers_color_scheme_dark
        PASS [   0.012s] (1651/4367) stylex_css_parser at_queries::media_query::parse_media_query_test::style_value_parser_at_queries::parse_media_queries::or_combinator::media_min_width_768px_and_max_width_991px_or_orientation_landscape
        PASS [   0.013s] (1652/4367) stylex_css_parser at_queries::media_query::parse_media_query_test::style_value_parser_at_queries::parse_media_queries::or_combinator::media_min_width_576px_and_max_width_767px_or_hover_none_and_any_pointer_coarse_or_prefers_reduced_transparency_reduce_and_forced_colors_active
        PASS [   0.012s] (1653/4367) stylex_css_parser at_queries::media_query::parse_media_query_test::style_value_parser_at_queries::parse_media_queries::or_combinator::media_min_width_992px_and_max_width_1199px_or_pointer_fine_and_hover_hover_or_any_pointer_coarse_and_any_hover_none
        PASS [   0.014s] (1654/4367) stylex_css_parser at_queries::media_query::parse_media_query_test::style_value_parser_at_queries::parse_media_queries::or_combinator::media_min_width_992px_and_max_width_1199px_or_pointer_fine_and_hover_hover
        PASS [   0.012s] (1655/4367) stylex_css_parser at_queries::media_query::parse_media_query_test::style_value_parser_at_queries::parse_media_queries::or_combinator::media_width_500px_or_height_400px
        PASS [   0.011s] (1656/4367) stylex_css_parser at_queries::media_query::parse_media_query_test::style_value_parser_at_queries::parse_media_queries::pair_rule::media_any_hover_hover
        PASS [   0.015s] (1657/4367) stylex_css_parser at_queries::media_query::parse_media_query_test::style_value_parser_at_queries::parse_media_queries::or_combinator::media_min_width_768px_and_max_width_991px_or_orientation_landscape_and_update_fast_or_prefers_reduced_motion_reduce
        PASS [   0.013s] (1658/4367) stylex_css_parser at_queries::media_query::parse_media_query_test::style_value_parser_at_queries::parse_media_queries::or_combinator::media_orientation_portrait_or_landscape
        PASS [   0.012s] (1659/4367) stylex_css_parser at_queries::media_query::parse_media_query_test::style_value_parser_at_queries::parse_media_queries::pair_rule::media_aspect_ratio_16_slash_9
        PASS [   0.012s] (1660/4367) stylex_css_parser at_queries::media_query::parse_media_query_test::style_value_parser_at_queries::parse_media_queries::pair_rule::media_any_pointer_fine
        PASS [   0.012s] (1661/4367) stylex_css_parser at_queries::media_query::parse_media_query_test::style_value_parser_at_queries::parse_media_queries::pair_rule::media_any_pointer_none
        PASS [   0.014s] (1662/4367) stylex_css_parser at_queries::media_query::parse_media_query_test::style_value_parser_at_queries::parse_media_queries::pair_rule::media_any_hover_none
        PASS [   0.012s] (1663/4367) stylex_css_parser at_queries::media_query::parse_media_query_test::style_value_parser_at_queries::parse_media_queries::pair_rule::media_color_gamut_srgb
        PASS [   0.011s] (1664/4367) stylex_css_parser at_queries::media_query::parse_media_query_test::style_value_parser_at_queries::parse_media_queries::pair_rule::media_display_mode_minimal_ui
        PASS [   0.012s] (1665/4367) stylex_css_parser at_queries::media_query::parse_media_query_test::style_value_parser_at_queries::parse_media_queries::pair_rule::media_device_aspect_ratio_16_slash_9
        PASS [   0.012s] (1666/4367) stylex_css_parser at_queries::media_query::parse_media_query_test::style_value_parser_at_queries::parse_media_queries::pair_rule::media_display_mode_standalone
        PASS [   0.012s] (1667/4367) stylex_css_parser at_queries::media_query::parse_media_query_test::style_value_parser_at_queries::parse_media_queries::pair_rule::media_display_mode_fullscreen
        PASS [   0.013s] (1668/4367) stylex_css_parser at_queries::media_query::parse_media_query_test::style_value_parser_at_queries::parse_media_queries::pair_rule::media_forced_colors_active
        PASS [   0.013s] (1669/4367) stylex_css_parser at_queries::media_query::parse_media_query_test::style_value_parser_at_queries::parse_media_queries::pair_rule::media_forced_colors_none
        PASS [   0.013s] (1670/4367) stylex_css_parser at_queries::media_query::parse_media_query_test::style_value_parser_at_queries::parse_media_queries::pair_rule::media_hover_hover
        PASS [   0.013s] (1671/4367) stylex_css_parser at_queries::media_query::parse_media_query_test::style_value_parser_at_queries::parse_media_queries::pair_rule::media_inverted_colors_inverted
        PASS [   0.014s] (1672/4367) stylex_css_parser at_queries::media_query::parse_media_query_test::style_value_parser_at_queries::parse_media_queries::pair_rule::media_hover_none
        PASS [   0.011s] (1673/4367) stylex_css_parser at_queries::media_query::parse_media_query_test::style_value_parser_at_queries::parse_media_queries::pair_rule::media_light_level_washed
        PASS [   0.012s] (1674/4367) stylex_css_parser at_queries::media_query::parse_media_query_test::style_value_parser_at_queries::parse_media_queries::pair_rule::media_light_level_dim
        PASS [   0.012s] (1675/4367) stylex_css_parser at_queries::media_query::parse_media_query_test::style_value_parser_at_queries::parse_media_queries::pair_rule::media_max_height_calc100vh_50px
        PASS [   0.013s] (1676/4367) stylex_css_parser at_queries::media_query::parse_media_query_test::style_value_parser_at_queries::parse_media_queries::pair_rule::media_inverted_colors_none
        PASS [   0.012s] (1677/4367) stylex_css_parser at_queries::media_query::parse_media_query_test::style_value_parser_at_queries::parse_media_queries::pair_rule::media_max_height_calc_100vh_minus_50px
        PASS [   0.011s] (1678/4367) stylex_css_parser at_queries::media_query::parse_media_query_test::style_value_parser_at_queries::parse_media_queries::pair_rule::media_min_width_calc_300px_plus_5em
        PASS [   0.014s] (1679/4367) stylex_css_parser at_queries::media_query::parse_media_query_test::style_value_parser_at_queries::parse_media_queries::pair_rule::media_max_resolution_600dppx
        PASS [   0.013s] (1680/4367) stylex_css_parser at_queries::media_query::parse_media_query_test::style_value_parser_at_queries::parse_media_queries::pair_rule::media_min_resolution_150dpi
        PASS [   0.013s] (1681/4367) stylex_css_parser at_queries::media_query::parse_media_query_test::style_value_parser_at_queries::parse_media_queries::pair_rule::media_min_width_calc300px_5em
        PASS [   0.015s] (1682/4367) stylex_css_parser at_queries::media_query::parse_media_query_test::style_value_parser_at_queries::parse_media_queries::pair_rule::media_max_width_50em
        PASS [   0.012s] (1683/4367) stylex_css_parser at_queries::media_query::parse_media_query_test::style_value_parser_at_queries::parse_media_queries::pair_rule::media_orientation_landscape
        PASS [   0.011s] (1684/4367) stylex_css_parser at_queries::media_query::parse_media_query_test::style_value_parser_at_queries::parse_media_queries::pair_rule::media_pointer_none
        PASS [   0.011s] (1685/4367) stylex_css_parser at_queries::media_query::parse_media_query_test::style_value_parser_at_queries::parse_media_queries::pair_rule::media_overflow_inline_none
        PASS [   0.012s] (1686/4367) stylex_css_parser at_queries::media_query::parse_media_query_test::style_value_parser_at_queries::parse_media_queries::pair_rule::media_overflow_block_scroll
        PASS [   0.013s] (1687/4367) stylex_css_parser at_queries::media_query::parse_media_query_test::style_value_parser_at_queries::parse_media_queries::pair_rule::media_pointer_coarse
        PASS [   0.012s] (1688/4367) stylex_css_parser at_queries::media_query::parse_media_query_test::style_value_parser_at_queries::parse_media_queries::pair_rule::media_prefers_contrast_more
        PASS [   0.011s] (1689/4367) stylex_css_parser at_queries::media_query::parse_media_query_test::style_value_parser_at_queries::parse_media_queries::pair_rule::media_prefers_reduced_motion_no_preference
        PASS [   0.013s] (1690/4367) stylex_css_parser at_queries::media_query::parse_media_query_test::style_value_parser_at_queries::parse_media_queries::pair_rule::media_prefers_color_scheme_dark
        PASS [   0.014s] (1691/4367) stylex_css_parser at_queries::media_query::parse_media_query_test::style_value_parser_at_queries::parse_media_queries::pair_rule::media_prefers_reduced_motion_reduce
        PASS [   0.011s] (1692/4367) stylex_css_parser at_queries::media_query::parse_media_query_test::style_value_parser_at_queries::parse_media_queries::pair_rule::media_prefers_reduced_transparency_reduce
        PASS [   0.011s] (1693/4367) stylex_css_parser at_queries::media_query::parse_media_query_test::style_value_parser_at_queries::parse_media_queries::pair_rule::media_scripting_none
        PASS [   0.012s] (1694/4367) stylex_css_parser at_queries::media_query::parse_media_query_test::style_value_parser_at_queries::parse_media_queries::pair_rule::media_prefers_reduced_transparency_no_preference
        PASS [   0.012s] (1695/4367) stylex_css_parser at_queries::media_query::parse_media_query_test::style_value_parser_at_queries::parse_media_queries::pair_rule::media_scripting_enabled
        PASS [   0.018s] (1696/4367) stylex_css_parser at_queries::media_query::parse_media_query_test::style_value_parser_at_queries::parse_media_queries::pair_rule::media_prefers_contrast_no_preference
        PASS [   0.015s] (1697/4367) stylex_css_parser at_queries::media_query::parse_media_query_test::style_value_parser_at_queries::parse_media_queries::pair_rule::media_update_fast
        PASS [   0.011s] (1698/4367) stylex_css_parser at_queries::media_query::parse_media_query_test::style_value_parser_at_queries::parse_media_queries::pair_rule::media_width_100px
        PASS [   0.010s] (1699/4367) stylex_css_parser at_queries::media_query::parse_media_query_test::style_value_parser_at_queries::parse_media_queries::word_rule::media_color
        PASS [   0.013s] (1700/4367) stylex_css_parser at_queries::media_query::parse_media_query_test::style_value_parser_at_queries::parse_media_queries::pair_rule::media_update_slow
        PASS [   0.011s] (1701/4367) stylex_css_parser at_queries::media_query::parse_media_query_test::style_value_parser_at_queries::parse_media_queries::word_rule::media_monochrome
        PASS [   0.011s] (1702/4367) stylex_css_parser at_queries::media_query::parse_media_query_test::style_value_parser_at_queries::parse_media_queries::word_rule::media_grid
        PASS [   0.013s] (1703/4367) stylex_css_parser at_queries::media_query::parse_media_query_test::style_value_parser_at_queries::parse_media_queries::word_rule::media_color_index
        PASS [   0.013s] (1704/4367) stylex_css_parser at_queries::media_query::parse_media_query_test::style_value_parser_at_queries::simplify_range_intervals::media_min_width_100px_and_max_width_500px_and_not_max_width_200px
        PASS [   0.013s] (1705/4367) stylex_css_parser at_queries::media_query::parse_media_query_test::style_value_parser_at_queries::simplify_range_intervals::media_min_width_100px_and_max_width_500px_and_not_max_width_200px_and_not_min_width_400px
        PASS [   0.016s] (1706/4367) stylex_css_parser at_queries::media_query::parse_media_query_test::style_value_parser_at_queries::simplify_range_intervals::media_max_width_1440px_and_not_max_width_1024px_and_not_max_width_768px_and_not_max_width_458px
        PASS [   0.012s] (1707/4367) stylex_css_parser at_queries::media_query::parse_media_query_test::style_value_parser_at_queries::simplify_range_intervals::media_min_width_100px_and_not_max_width_200px
        PASS [   0.011s] (1708/4367) stylex_css_parser at_queries::media_query::parse_media_query_test::style_value_parser_at_queries::simplify_range_intervals::media_min_width_100px_and_not_max_width_99_99px
        PASS [   0.013s] (1709/4367) stylex_css_parser at_queries::media_query::parse_media_query_test::style_value_parser_at_queries::simplify_range_intervals::media_min_width_100px_and_max_width_500px_and_not_min_width_600px_always_false
        PASS [   0.013s] (1710/4367) stylex_css_parser at_queries::media_query::parse_media_query_test::style_value_parser_at_queries::simplify_range_intervals::media_min_width_100px_and_min_width_200px
        PASS [   0.012s] (1711/4367) stylex_css_parser at_queries::media_query::parse_media_query_test::style_value_parser_at_queries::simplify_range_intervals::media_min_width_calc_100px_plus_2em_and_max_width_500px_should_not_simplify
        PASS [   0.011s] (1712/4367) stylex_css_parser at_queries::media_query::parse_media_query_test::style_value_parser_at_queries::simplify_range_intervals::media_not_max_width_200px_and_not_max_width_300px
        PASS [   0.014s] (1713/4367) stylex_css_parser at_queries::media_query::parse_media_query_test::style_value_parser_at_queries::simplify_range_intervals::media_min_width_100px_and_orientation_landscape_should_not_simplify
        PASS [   0.014s] (1714/4367) stylex_css_parser at_queries::media_query::parse_media_query_test::style_value_parser_at_queries::simplify_range_intervals::media_range_with_a_negated_range_contradicting_both_arms_collapses_to_not_all
        PASS [   0.014s] (1715/4367) stylex_css_parser at_queries::media_query::parse_media_query_test::style_value_parser_at_queries::simplify_range_intervals::media_range_with_two_contradictory_negated_ranges_collapses_to_the_base_range
        PASS [   0.012s] (1716/4367) stylex_css_parser at_queries::media_query::tests::test_complex_parentheses
        PASS [   0.013s] (1717/4367) stylex_css_parser at_queries::media_query::tests::test_common_media_queries
        PASS [   0.012s] (1718/4367) stylex_css_parser at_queries::media_query::tests::test_media_query_creation
        PASS [   0.012s] (1719/4367) stylex_css_parser at_queries::media_query::tests::test_media_query_clone
        PASS [   0.013s] (1720/4367) stylex_css_parser at_queries::media_query::tests::test_has_balanced_parens
        PASS [   0.014s] (1721/4367) stylex_css_parser at_queries::media_query::tests::test_media_query_display
        PASS [   0.014s] (1722/4367) stylex_css_parser at_queries::media_query::tests::test_media_query_equality
        PASS [   0.025s] (1723/4367) stylex_css_parser at_queries::media_query::tests::test_nested_unbalanced_parentheses
        PASS [   0.024s] (1724/4367) stylex_css_parser at_queries::media_query::tests::test_validate_media_query_success
        PASS [   0.029s] (1725/4367) stylex_css_parser at_queries::media_query::tests::test_media_query_normalization
        PASS [   0.024s] (1726/4367) stylex_css_parser at_queries::media_query::tests::test_validate_media_query_unbalanced_parens
        PASS [   0.026s] (1727/4367) stylex_css_parser at_queries::media_query::tests::test_media_query_parser_creation
        PASS [   0.016s] (1728/4367) stylex_css_parser at_queries::media_query::validation_media_query_test::style_value_parser_at_queries::validation_media_queries::media_query_parser_with_simplified_errors::throws_syntax_error_for_invalid_symbols_or_tokens
        PASS [   0.025s] (1729/4367) stylex_css_parser at_queries::media_query::tests::test_or_rule_filters_out_empty_nested_or
        PASS [   0.025s] (1730/4367) stylex_css_parser at_queries::media_query::tests::test_or_rule_with_only_empty_nested_or_serializes_to_not_all
        PASS [   0.024s] (1731/4367) stylex_css_parser at_queries::media_query::validation_media_query_test::style_value_parser_at_queries::validation_media_queries::media_query_parser_with_simplified_errors::throws_syntax_error_for_empty_or_incomplete_conditions
        PASS [   0.017s] (1732/4367) stylex_css_parser at_queries::media_query::validation_media_query_test::style_value_parser_at_queries::validation_media_queries::media_query_parser_with_simplified_errors::throws_syntax_error_for_invalid_or_missing_colon_or_value
        PASS [   0.013s] (1733/4367) stylex_css_parser at_queries::media_query::validation_media_query_test::style_value_parser_at_queries::validation_media_queries::media_query_parser_with_simplified_errors::throws_syntax_error_for_invalid_var_usage
        PASS [   0.012s] (1734/4367) stylex_css_parser at_queries::media_query_transform::media_query_transform_coverage_test::dfs_coverage::object_with_shorthand_prop_skips_non_key_value
        PASS [   0.012s] (1735/4367) stylex_css_parser at_queries::media_query::validation_media_query_test::style_value_parser_at_queries::validation_media_queries::media_query_parser_with_simplified_errors::throws_syntax_error_for_malformed_expressions_or_invalid_operators
        PASS [   0.012s] (1736/4367) stylex_css_parser at_queries::media_query_transform::media_query_transform_coverage_test::ident_key_integration::numeric_keyed_prop_in_nested_object_does_not_match_media_query
        PASS [   0.012s] (1737/4367) stylex_css_parser at_queries::media_query_transform::media_query_transform_coverage_test::ident_key_integration::two_unrenderable_keys_stay_two_properties
        PASS [   0.013s] (1738/4367) stylex_css_parser at_queries::media_query_transform::media_query_transform_coverage_test::dfs_coverage::object_with_spread_prop_is_skipped
        PASS [   0.013s] (1739/4367) stylex_css_parser at_queries::media_query::validation_media_query_test::style_value_parser_at_queries::validation_media_queries::media_query_parser_with_simplified_errors::throws_unbalanced_parens_for_unmatched_parentheses
        PASS [   0.014s] (1740/4367) stylex_css_parser at_queries::media_query_transform::media_query_transform_coverage_test::dfs_coverage::array_valued_prop_passes_through_unchanged
        PASS [   0.014s] (1741/4367) stylex_css_parser at_queries::media_query::validation_media_query_test::style_value_parser_at_queries::validation_media_queries::media_query_parser_with_simplified_errors::throws_syntax_error_for_misused_logical_operators
        PASS [   0.016s] (1742/4367) stylex_css_parser at_queries::media_query_transform::media_query_transform_coverage_test::ident_key_integration::ident_keyed_style_prop_passes_through
        PASS [   0.011s] (1743/4367) stylex_css_parser at_queries::media_query_transform::media_query_transform_coverage_test::key_value_str_coverage::ident_key_returns_sym_string
        PASS [   0.011s] (1744/4367) stylex_css_parser at_queries::media_query_transform::media_query_transform_coverage_test::transform_media_coverage::invalid_media_key_via_transform_is_rejected
        PASS [   0.012s] (1745/4367) stylex_css_parser at_queries::media_query_transform::media_query_transform_coverage_test::key_value_str_coverage::str_key_returns_value_string
        PASS [   0.012s] (1746/4367) stylex_css_parser at_queries::media_query_transform::media_query_transform_coverage_test::transform_media_coverage::media_key_that_fails_to_parse_is_rejected
        PASS [   0.012s] (1747/4367) stylex_css_parser at_queries::media_query_transform::media_query_transform_coverage_test::transform_media_coverage::three_media_queries_produce_multiple_accumulated_negation_entries
        PASS [   0.013s] (1748/4367) stylex_css_parser at_queries::media_query_transform::media_query_transform_coverage_test::transform_media_coverage::multiple_media_queries_fill_accumulated_negations
        PASS [   0.012s] (1749/4367) stylex_css_parser at_queries::media_query_transform::tests::a_comma_binds_more_loosely_than_or::a_media_type_segment_sits_beside_an_or_segment
        PASS [   0.013s] (1750/4367) stylex_css_parser at_queries::media_query_transform::tests::a_comma_binds_more_loosely_than_or::a_segment_holding_an_or_stays_one_disjunct
        PASS [   0.016s] (1751/4367) stylex_css_parser at_queries::media_query_transform::media_query_transform_coverage_test::key_value_str_coverage::numeric_key_returns_no_name
        PASS [   0.015s] (1752/4367) stylex_css_parser at_queries::media_query_transform::tests::a_comma_binds_more_loosely_than_or::the_or_segment_may_come_first
        PASS [   0.013s] (1753/4367) stylex_css_parser at_queries::media_query_transform::tests::a_disjunction_inside_parentheses::a_negated_parenthesized_or_keeps_its_parentheses
        PASS [   0.012s] (1754/4367) stylex_css_parser at_queries::media_query_transform::tests::a_disjunction_inside_parentheses::a_parenthesized_or_is_a_query_of_its_own
        PASS [   0.014s] (1755/4367) stylex_css_parser at_queries::media_query_transform::tests::a_disjunction_inside_parentheses::a_parenthesized_or_beside_an_and_loses_its_parentheses
        PASS [   0.013s] (1756/4367) stylex_css_parser at_queries::media_query_transform::tests::a_ladder_of_exclusive_breakpoints::contradictory_branches_are_retained_as_not_all
        PASS [   0.013s] (1757/4367) stylex_css_parser at_queries::media_query_transform::tests::colliding_rewritten_keys::a_collision_keeps_the_earlier_position_and_the_later_value
        PASS [   0.012s] (1758/4367) stylex_css_parser at_queries::media_query_transform::tests::combinators_css_does_not_define::a_negated_media_type_still_takes_an_and
        PASS [   0.015s] (1759/4367) stylex_css_parser at_queries::media_query_transform::tests::combinators_css_does_not_define::a_bare_negation_cannot_be_combined
        PASS [   0.015s] (1760/4367) stylex_css_parser at_queries::media_query_transform::tests::combinators_css_does_not_define::a_media_type_takes_one_bare_negation_after_its_and
        PASS [   0.014s] (1761/4367) stylex_css_parser at_queries::media_query_transform::tests::combinators_css_does_not_define::an_unparenthesized_mix_of_and_and_or_is_refused
        PASS [   0.013s] (1762/4367) stylex_css_parser at_queries::media_query_transform::tests::combinators_css_does_not_define::nested_parentheses_around_one_condition_stay_accepted
        PASS [   0.013s] (1763/4367) stylex_css_parser at_queries::media_query_transform::tests::combinators_css_does_not_define::parentheses_make_the_same_operands_legal
        PASS [   0.012s] (1764/4367) stylex_css_parser at_queries::media_query_transform::tests::computed_bounds_carry_the_authored_digits::fractional_rem_breakpoints_derive_the_bounds_babel_derives
        PASS [   0.013s] (1765/4367) stylex_css_parser at_queries::media_query_transform::tests::computed_bounds_carry_the_authored_digits::every_bound_in_a_long_fractional_chain_matches
        PASS [   0.013s] (1766/4367) stylex_css_parser at_queries::media_query_transform::tests::computed_bounds_carry_the_authored_digits::a_fractional_aspect_ratio_reprints_at_the_width_it_was_written
        PASS [   0.013s] (1767/4367) stylex_css_parser at_queries::media_query_transform::tests::computed_bounds_carry_the_authored_digits::round_breakpoints_are_undisturbed
        PASS [   0.012s] (1768/4367) stylex_css_parser at_queries::media_query_transform::tests::malformed_queries::a_key_that_is_only_the_at_rule_is_refused
        PASS [   0.013s] (1769/4367) stylex_css_parser at_queries::media_query_transform::tests::malformed_queries::a_custom_property_in_a_value_position_is_refused
        PASS [   0.014s] (1770/4367) stylex_css_parser at_queries::media_query_transform::tests::malformed_queries::a_parenthesis_that_is_not_syntax_does_not_count
        PASS [   0.022s] (1771/4367) stylex_css_parser at_queries::media_query_transform::tests::malformed_queries::a_chain_of_not_keywords_is_refused_by_the_budget
        PASS [   0.012s] (1772/4367) stylex_css_parser at_queries::media_query_transform::tests::malformed_queries::an_unbalanced_parenthesis_is_refused
        PASS [   0.012s] (1773/4367) stylex_css_parser at_queries::media_query_transform::tests::malformed_queries::an_invalid_token_sequence_is_refused
        PASS [   0.013s] (1774/4367) stylex_css_parser at_queries::media_query_transform::tests::malformed_queries::an_escaped_not_chain_is_refused_like_a_plain_one
        PASS [   0.015s] (1775/4367) stylex_css_parser at_queries::media_query_transform::tests::malformed_queries::a_wide_run_of_negations_is_not_a_deep_one
        PASS [   0.011s] (1776/4367) stylex_css_parser at_queries::media_query_transform::tests::malformed_queries::an_unclosed_quote_is_refused
        PASS [   0.012s] (1777/4367) stylex_css_parser at_queries::media_query_transform::tests::malformed_queries::nesting_past_the_budget_is_refused_rather_than_fatal
        PASS [   0.015s] (1778/4367) stylex_css_parser at_queries::media_query_transform::tests::malformed_queries::an_unusual_but_valid_query_is_not_refused
        PASS [   0.013s] (1779/4367) stylex_css_parser at_queries::media_query_transform::tests::malformed_queries::nesting_up_to_the_budget_is_read_without_backtracking
        PASS [   0.012s] (1780/4367) stylex_css_parser at_queries::media_query_transform::tests::media_query_transformer::basic_usage_lots_and_lots_of_min_widths
        PASS [   0.014s] (1781/4367) stylex_css_parser at_queries::media_query_transform::tests::media_query_transformer::basic_usage_does_not_modify_single_queries
        PASS [   0.014s] (1782/4367) stylex_css_parser at_queries::media_query_transform::tests::media_query_transformer::basic_usage_lots_and_lots_of_max_widths
        PASS [   0.014s] (1783/4367) stylex_css_parser at_queries::media_query_transform::tests::media_query_transformer::basic_usage_min_max_heights
        PASS [   0.015s] (1784/4367) stylex_css_parser at_queries::media_query_transform::tests::media_query_transformer::basic_usage_complex_object
        PASS [   0.014s] (1785/4367) stylex_css_parser at_queries::media_query_transform::tests::media_query_transformer::basic_usage_multiple_heights
        PASS [   0.016s] (1786/4367) stylex_css_parser at_queries::media_query_transform::tests::media_query_transformer::basic_usage_multiple_widths
        PASS [   0.013s] (1787/4367) stylex_css_parser at_queries::media_query_transform::tests::media_query_transformer::basic_usage_nested_query_with_padding
        PASS [   0.012s] (1788/4367) stylex_css_parser at_queries::media_query_transform::tests::media_query_transformer::combination_of_keywords_and_rules
        PASS [   0.016s] (1789/4367) stylex_css_parser at_queries::media_query_transform::tests::media_query_transformer::basic_usage_nested_query
        PASS [   0.010s] (1790/4367) stylex_css_parser at_queries::media_query_transform::tests::media_query_transformer::ignores_legacy_media_query_syntax
        PASS [   0.011s] (1791/4367) stylex_css_parser at_queries::media_query_transform::tests::media_query_transformer::handles_comma_separated_or_media_queries
        PASS [   0.011s] (1792/4367) stylex_css_parser at_queries::media_query_transform::tests::media_query_transformer::handles_and_media_queries
        PASS [   0.012s] (1793/4367) stylex_css_parser at_queries::media_query_transform::tests::media_query_transformer::handles_only_screen_media_queries_without_parenthesizing_the_media_type
        PASS [   0.011s] (1794/4367) stylex_css_parser at_queries::media_query_transform::tests::media_query_transformer::media_queries_with_em_units
        PASS [   0.011s] (1795/4367) stylex_css_parser at_queries::media_query_transform::tests::media_query_transformer::media_queries_with_mixed_units
        PASS [   0.012s] (1796/4367) stylex_css_parser at_queries::media_query_transform::tests::media_query_transformer::mixed_min_max_width_and_height
        PASS [   0.012s] (1797/4367) stylex_css_parser at_queries::media_query_transform::tests::media_query_transformer::mixed_min_max_width_with_intersecting_ranges
        PASS [   0.012s] (1798/4367) stylex_css_parser at_queries::media_query_transform::tests::media_query_transformer::mixed_min_max_width_with_many_disjoint_ranges
        PASS [   0.015s] (1799/4367) stylex_css_parser at_queries::media_query_transform::tests::media_query_transformer::mixed_min_max_width_and_height_with_only_height_changing
        PASS [   0.015s] (1800/4367) stylex_css_parser at_queries::media_query_transform::tests::media_query_transformer::mixed_min_max_width_with_many_intersecting_ranges
        PASS [   0.015s] (1801/4367) stylex_css_parser at_queries::media_query_transform::tests::media_query_transformer::mixed_min_max_width_with_mixed_ranges
        PASS [   0.013s] (1802/4367) stylex_css_parser at_queries::media_query_transform::tests::media_query_transformer::mixed_min_max_width_with_overlapping_ranges
        PASS [   0.018s] (1803/4367) stylex_css_parser at_queries::media_query_transform::tests::media_query_transformer::mixed_min_max_width_with_disjoint_ranges
        PASS [   0.010s] (1804/4367) stylex_css_parser at_queries::media_query_transform::tests::media_query_transformer::single_word_condition
        PASS [   0.012s] (1805/4367) stylex_css_parser at_queries::media_query_transform::tests::single_media_query_moves_after_the_default
        PASS [   0.014s] (1806/4367) stylex_css_parser at_queries::media_query_transform::tests::media_query_transformer::skips_range_simplification_for_media_queries_with_conflicting_units_in_same_dimension_across_queries
        PASS [   0.013s] (1807/4367) stylex_css_parser at_queries::media_query_transform::tests::media_query_transformer::skips_range_simplification_for_media_queries_with_conflicting_units_in_same_dimension_and_query
        PASS [   0.012s] (1808/4367) stylex_css_parser at_queries::media_query_transform::tests::unusual_but_valid_queries::a_map_with_no_default_is_rewritten_the_same_way
        PASS [   0.014s] (1809/4367) stylex_css_parser at_queries::media_query_transform::tests::unusual_but_valid_queries::a_media_type_is_parenthesized_and_blocks_the_merge
        PASS [   0.012s] (1810/4367) stylex_css_parser at_queries::media_query_transform::tests::unusual_but_valid_queries::each_disjunct_of_a_comma_query_is_negated_on_its_own
        PASS [   0.013s] (1811/4367) stylex_css_parser at_queries::media_query_transform::tests::unusual_but_valid_queries::a_prefixed_feature_beside_a_width_stops_the_width_merging_too
        PASS [   0.013s] (1812/4367) stylex_css_parser at_queries::media_query_transform::tests::unusual_but_valid_queries::a_vendor_prefixed_feature_blocks_the_merge_rather_than_the_query
        PASS [   0.015s] (1813/4367) stylex_css_parser at_queries::media_query_transform::tests::unusual_but_valid_queries::a_map_with_no_media_key_is_untouched
        PASS [   0.011s] (1814/4367) stylex_css_parser at_queries::messages::tests::test_error_message_content
        PASS [   0.012s] (1815/4367) stylex_css_parser at_queries::media_query_transform::tests::unusual_but_valid_queries::lengths_at_the_edge_of_double_precision_merge_like_any_other
        PASS [   0.014s] (1816/4367) stylex_css_parser at_queries::messages::tests::test_error_message_content_validation
        PASS [   0.018s] (1817/4367) stylex_css_parser at_queries::media_query_transform::tests::unusual_but_valid_queries::unicode_and_escapes_reach_the_stylesheet_unharmed
        PASS [   0.014s] (1818/4367) stylex_css_parser base_types::base_types_test::test_base_types::constructor_creates_substring_with_correct_indices
        PASS [   0.014s] (1819/4367) stylex_css_parser base_types::base_types_test::test_base_types::first_returns_first_character
        PASS [   0.018s] (1820/4367) stylex_css_parser base_types::base_types_coverage_test::first_returns_none_when_start_index_past_end_index
        PASS [   0.018s] (1821/4367) stylex_css_parser base_types::base_types_coverage_test::get_returns_none_when_absolute_index_past_end_index
        PASS [   0.018s] (1822/4367) stylex_css_parser base_types::base_types_coverage_test::into_string_returns_empty_when_start_index_past_end_index
        PASS [   0.012s] (1823/4367) stylex_css_parser base_types::base_types_test::test_base_types::get_returns_character_at_relative_index
        PASS [   0.013s] (1824/4367) stylex_css_parser base_types::base_types_test::test_base_types::is_empty_returns_correct_boolean
        PASS [   0.014s] (1825/4367) stylex_css_parser base_types::base_types_test::test_base_types::starts_with_returns_false_for_non_matching_prefix
        PASS [   0.014s] (1826/4367) stylex_css_parser base_types::base_types_test::test_base_types::starts_with_returns_true_for_matching_prefix
        PASS [   0.012s] (1827/4367) stylex_css_parser base_types::base_types_test::test_base_types::starts_with_uses_loop_to_avoid_string_creation
        PASS [   0.015s] (1828/4367) stylex_css_parser base_types::base_types_test::test_base_types::to_string_returns_substring_content
        PASS [   0.012s] (1829/4367) stylex_css_parser base_types::tests::test_get
        PASS [   0.014s] (1830/4367) stylex_css_parser base_types::base_types_test::test_base_types::unicode_characters_are_handled_correctly
        PASS [   0.014s] (1831/4367) stylex_css_parser base_types::tests::test_is_empty
        PASS [   0.014s] (1832/4367) stylex_css_parser base_types::tests::test_new_with_empty_string
        PASS [   0.019s] (1833/4367) stylex_css_parser base_types::tests::test_first
        PASS [   0.013s] (1834/4367) stylex_css_parser base_types::tests::test_new_with_string
        PASS [   0.015s] (1835/4367) stylex_css_parser base_types::tests::test_starts_with
        PASS [   0.015s] (1836/4367) stylex_css_parser base_types::tests::test_to_string
        PASS [   0.012s] (1837/4367) stylex_css_parser css_types::alpha_value::alpha_value_coverage_test::a_token_that_is_not_a_number_or_a_percentage_is_refused
        PASS [   0.011s] (1838/4367) stylex_css_parser css_types::alpha_value::alpha_value_coverage_test::an_alpha_token_at_end_of_input_is_refused
        PASS [   0.015s] (1839/4367) stylex_css_parser base_types::tests::test_unicode_support
        PASS [   0.015s] (1840/4367) stylex_css_parser css_types::alpha_value::alpha_value_coverage_test::an_alpha_is_read_at_full_width
        PASS [   0.017s] (1841/4367) stylex_css_parser css_types::alpha_value::alpha_value_coverage_test::an_alpha_outside_the_unit_range_is_carried_through
        PASS [   0.012s] (1842/4367) stylex_css_parser css_types::alpha_value::alpha_value_coverage_test::extract_number_token_returns_value_for_number
        PASS [   0.013s] (1843/4367) stylex_css_parser css_types::alpha_value::alpha_value_coverage_test::extract_number_token_panics_for_non_number
        PASS [   0.012s] (1844/4367) stylex_css_parser css_types::alpha_value::alpha_value_coverage_test::extract_percentage_token_returns_value_for_percentage
        PASS [   0.013s] (1845/4367) stylex_css_parser css_types::alpha_value::alpha_value_test::test_css_type_alpha_value::number_fractions::_025
        PASS [   0.015s] (1846/4367) stylex_css_parser css_types::alpha_value::alpha_value_coverage_test::extract_percentage_token_panics_for_non_percentage
        PASS [   0.014s] (1847/4367) stylex_css_parser css_types::alpha_value::alpha_value_test::test_css_type_alpha_value::number_fractions::_05
        PASS [   0.012s] (1848/4367) stylex_css_parser css_types::alpha_value::alpha_value_test::test_css_type_alpha_value::number_fractions::_075
        PASS [   0.015s] (1849/4367) stylex_css_parser css_types::alpha_value::alpha_value_test::test_css_type_alpha_value::number_fractions::_1
        PASS [   0.013s] (1850/4367) stylex_css_parser css_types::alpha_value::alpha_value_test::test_css_type_alpha_value::number_fractions::_25
        PASS [   0.014s] (1851/4367) stylex_css_parser css_types::alpha_value::alpha_value_test::test_css_type_alpha_value::number_fractions::_75
        PASS [   0.013s] (1852/4367) stylex_css_parser css_types::alpha_value::alpha_value_test::test_css_type_alpha_value::percentages::_0_25_percent
        PASS [   0.018s] (1853/4367) stylex_css_parser css_types::alpha_value::alpha_value_test::test_css_type_alpha_value::number_fractions::_5
        PASS [   0.015s] (1854/4367) stylex_css_parser css_types::alpha_value::alpha_value_test::test_css_type_alpha_value::number_fractions::parses_decimal_alpha_values
        PASS [   0.012s] (1855/4367) stylex_css_parser css_types::alpha_value::alpha_value_test::test_css_type_alpha_value::percentages::_50_percent
        PASS [   0.015s] (1856/4367) stylex_css_parser css_types::alpha_value::alpha_value_test::test_css_type_alpha_value::percentages::_25_percent
        PASS [   0.013s] (1857/4367) stylex_css_parser css_types::alpha_value::alpha_value_test::test_css_type_alpha_value::percentages::_25_percent_dot
        PASS [   0.166s] (1858/4367) stylex_css_parser at_queries::media_query_transform::tests::a_ladder_too_deep_to_expand::a_ladder_past_the_bound_comes_back_unmerged
        PASS [   0.015s] (1859/4367) stylex_css_parser css_types::alpha_value::alpha_value_test::test_css_type_alpha_value::percentages::_75_5_percent
        PASS [   0.012s] (1860/4367) stylex_css_parser css_types::alpha_value::alpha_value_test::test_css_type_alpha_value::percentages::parses_percentage_alpha_values
        PASS [   0.015s] (1861/4367) stylex_css_parser css_types::alpha_value::alpha_value_test::test_css_type_alpha_value::percentages::_75_percent
        PASS [   0.012s] (1862/4367) stylex_css_parser css_types::alpha_value::alpha_value_test::test_css_type_alpha_value::rejects::rejects_invalid_alpha_values
        PASS [   0.011s] (1863/4367) stylex_css_parser css_types::alpha_value::tests::test_alpha_value_creation
        PASS [   0.013s] (1864/4367) stylex_css_parser css_types::alpha_value::tests::test_alpha_display
        PASS [   0.013s] (1865/4367) stylex_css_parser css_types::alpha_value::tests::test_parser_creation
        PASS [   0.014s] (1866/4367) stylex_css_parser css_types::angle::angle_coverage_test::extract_dimension_token_returns_angle_for_valid_dimension
        PASS [   0.014s] (1867/4367) stylex_css_parser css_types::angle::angle_coverage_test::extract_dimension_token_panics_for_non_dimension
        PASS [   0.017s] (1868/4367) stylex_css_parser css_types::alpha_value::tests::test_alpha_value_equality
        PASS [   0.012s] (1869/4367) stylex_css_parser css_types::angle::angle_coverage_test::is_valid_angle_dimension_returns_false_for_invalid_unit
        PASS [   0.012s] (1870/4367) stylex_css_parser css_types::angle::angle_coverage_test::is_valid_angle_dimension_returns_false_for_non_dimension_token
        PASS [   0.016s] (1871/4367) stylex_css_parser css_types::angle::angle_coverage_test::is_valid_angle_dimension_returns_true_for_valid_unit
        PASS [   0.012s] (1872/4367) stylex_css_parser css_types::angle::angle_coverage_test::is_zero_number_returns_true_for_zero
        PASS [   0.013s] (1873/4367) stylex_css_parser css_types::angle::angle_coverage_test::is_zero_number_returns_false_for_nonzero
        PASS [   0.014s] (1874/4367) stylex_css_parser css_types::angle::angle_coverage_test::is_zero_number_returns_false_for_non_number_token
        PASS [   0.013s] (1875/4367) stylex_css_parser css_types::angle::angle_test::test_css_type_angle::parses_css_angle_types_strings_correctly
        PASS [   0.014s] (1876/4367) stylex_css_parser css_types::angle::angle_test::test_css_type_angle::rejects::rejects_invalid_angle_values
        PASS [   0.014s] (1877/4367) stylex_css_parser css_types::angle::tests::test_angle_creation
        PASS [   0.013s] (1878/4367) stylex_css_parser css_types::angle::tests::test_angle_equality
        PASS [   0.013s] (1879/4367) stylex_css_parser css_types::angle::tests::test_angle_parser_creation
        PASS [   0.015s] (1880/4367) stylex_css_parser css_types::angle::tests::test_angle_display
        PASS [   0.012s] (1881/4367) stylex_css_parser css_types::angle::tests::test_angle_units_constant
        PASS [   0.012s] (1882/4367) stylex_css_parser css_types::angle::tests::test_valid_angle_units
        PASS [   0.013s] (1883/4367) stylex_css_parser css_types::angle::tests::test_angle_units_coverage
        PASS [   0.013s] (1884/4367) stylex_css_parser css_types::angle_percentage::angle_percentage_test::test_css_type_angle_percentage::parses_angle_values
        PASS [   0.011s] (1885/4367) stylex_css_parser css_types::angle_percentage::angle_percentage_test::test_css_type_angle_percentage::parses_percentage_values
        PASS [   0.013s] (1886/4367) stylex_css_parser css_types::angle_percentage::angle_percentage_test::test_css_type_angle_percentage::rejects_invalid_angle_percentage_values
        PASS [   0.012s] (1887/4367) stylex_css_parser css_types::angle_percentage::tests::test_angle_percentage_different_units
        PASS [   0.013s] (1888/4367) stylex_css_parser css_types::angle_percentage::tests::test_angle_percentage_common_use_cases
        PASS [   0.014s] (1889/4367) stylex_css_parser css_types::angle_percentage::tests::test_angle_percentage_creation
        PASS [   0.012s] (1890/4367) stylex_css_parser css_types::angle_percentage::tests::test_angle_percentage_display
        PASS [   0.011s] (1891/4367) stylex_css_parser css_types::angle_percentage::tests::test_angle_percentage_parser_creation
        PASS [   0.011s] (1892/4367) stylex_css_parser css_types::basic_shape::basic_shape_coverage_test::basic_shape_clone_and_debug
        PASS [   0.020s] (1893/4367) stylex_css_parser css_types::angle_percentage::tests::test_angle_percentage_accessors
        PASS [   0.015s] (1894/4367) stylex_css_parser css_types::angle_percentage::tests::test_angle_percentage_edge_cases
        PASS [   0.015s] (1895/4367) stylex_css_parser css_types::angle_percentage::tests::test_angle_percentage_equality
        PASS [   0.012s] (1896/4367) stylex_css_parser css_types::basic_shape::basic_shape_coverage_test::basic_shape_parser_free_function_circle
        PASS [   0.011s] (1897/4367) stylex_css_parser css_types::basic_shape::basic_shape_coverage_test::basic_shape_parser_free_function_path
        PASS [   0.012s] (1898/4367) stylex_css_parser css_types::basic_shape::basic_shape_coverage_test::basic_shape_parser_free_function_inset
        PASS [   0.013s] (1899/4367) stylex_css_parser css_types::basic_shape::basic_shape_coverage_test::basic_shape_parser_free_function_ellipse
        PASS [   0.011s] (1900/4367) stylex_css_parser css_types::basic_shape::basic_shape_coverage_test::circle_parser_closest_side_via_tokens
        PASS [   0.013s] (1901/4367) stylex_css_parser css_types::basic_shape::basic_shape_coverage_test::basic_shape_parser_free_function_polygon
        PASS [   0.011s] (1902/4367) stylex_css_parser css_types::basic_shape::basic_shape_coverage_test::circle_parser_eof_after_function_token
        PASS [   0.011s] (1903/4367) stylex_css_parser css_types::basic_shape::basic_shape_coverage_test::circle_parser_eof_at_start
        PASS [   0.014s] (1904/4367) stylex_css_parser css_types::basic_shape::basic_shape_coverage_test::circle_parser_eof_on_closing_paren
        PASS [   0.012s] (1905/4367) stylex_css_parser css_types::basic_shape::basic_shape_coverage_test::circle_parser_whitespace_after_radius
        PASS [   0.014s] (1906/4367) stylex_css_parser css_types::basic_shape::basic_shape_coverage_test::circle_parser_farthest_side_via_tokens
        PASS [   0.012s] (1907/4367) stylex_css_parser css_types::basic_shape::basic_shape_coverage_test::circle_parser_wrong_closing_token
        PASS [   0.014s] (1908/4367) stylex_css_parser css_types::basic_shape::basic_shape_coverage_test::circle_radius_clone_and_debug
        PASS [   0.012s] (1909/4367) stylex_css_parser css_types::basic_shape::basic_shape_coverage_test::circle_radius_display_all_variants
        PASS [   0.016s] (1910/4367) stylex_css_parser css_types::basic_shape::basic_shape_coverage_test::circle_parser_wrong_function_name
        PASS [   0.012s] (1911/4367) stylex_css_parser css_types::basic_shape::basic_shape_coverage_test::display_ellipse_propagates_writer_errors
        PASS [   0.014s] (1912/4367) stylex_css_parser css_types::basic_shape::basic_shape_coverage_test::display_circle_propagates_writer_errors
        PASS [   0.011s] (1913/4367) stylex_css_parser css_types::basic_shape::basic_shape_coverage_test::display_inset_two_values_propagates_writer_errors
        PASS [   0.014s] (1914/4367) stylex_css_parser css_types::basic_shape::basic_shape_coverage_test::display_inset_all_branches_propagates_writer_errors
        PASS [   0.012s] (1915/4367) stylex_css_parser css_types::basic_shape::basic_shape_coverage_test::display_inset_with_round_propagates_writer_errors
        PASS [   0.022s] (1916/4367) stylex_css_parser css_types::basic_shape::basic_shape_coverage_test::display_circle_radius_length_propagates_writer_errors
        PASS [   0.017s] (1917/4367) stylex_css_parser css_types::basic_shape::basic_shape_coverage_test::display_inset_three_values_propagates_writer_errors
        PASS [   0.013s] (1918/4367) stylex_css_parser css_types::basic_shape::basic_shape_coverage_test::display_path_no_fill_rule_propagates_writer_errors
        PASS [   0.011s] (1919/4367) stylex_css_parser css_types::basic_shape::basic_shape_coverage_test::display_path_with_fill_rule_propagates_writer_errors
        PASS [   0.011s] (1920/4367) stylex_css_parser css_types::basic_shape::basic_shape_coverage_test::display_polygon_with_fill_rule_propagates_writer_errors
        PASS [   0.012s] (1921/4367) stylex_css_parser css_types::basic_shape::basic_shape_coverage_test::display_polygon_no_fill_rule_propagates_writer_errors
        PASS [   0.013s] (1922/4367) stylex_css_parser css_types::basic_shape::basic_shape_coverage_test::ellipse_parser_at_position_propagates_error
        PASS [   0.015s] (1923/4367) stylex_css_parser css_types::basic_shape::basic_shape_coverage_test::ellipse_parser_at_with_failing_position
        PASS [   0.016s] (1924/4367) stylex_css_parser css_types::basic_shape::basic_shape_coverage_test::ellipse_parser_closest_side_radius_x
        PASS [   0.014s] (1925/4367) stylex_css_parser css_types::basic_shape::basic_shape_coverage_test::ellipse_parser_eof_at_start
        PASS [   0.012s] (1926/4367) stylex_css_parser css_types::basic_shape::basic_shape_coverage_test::ellipse_parser_eof_on_closing_paren
        PASS [   0.011s] (1927/4367) stylex_css_parser css_types::basic_shape::basic_shape_coverage_test::ellipse_parser_whitespace_after_radius_y
        PASS [   0.013s] (1928/4367) stylex_css_parser css_types::basic_shape::basic_shape_coverage_test::ellipse_parser_eof_for_radius
        PASS [   0.013s] (1929/4367) stylex_css_parser css_types::basic_shape::basic_shape_coverage_test::ellipse_parser_farthest_side_radius_x
        PASS [   0.012s] (1930/4367) stylex_css_parser css_types::basic_shape::basic_shape_coverage_test::ellipse_parser_whitespace_between_radii
        PASS [   0.017s] (1931/4367) stylex_css_parser css_types::basic_shape::basic_shape_coverage_test::ellipse_parser_wrong_function_name
        PASS [   0.012s] (1932/4367) stylex_css_parser css_types::basic_shape::basic_shape_coverage_test::inset_display_single_value_all_equal_no_round
        PASS [   0.023s] (1933/4367) stylex_css_parser css_types::basic_shape::basic_shape_coverage_test::ellipse_parser_wrong_closing_token
        PASS [   0.015s] (1934/4367) stylex_css_parser css_types::basic_shape::basic_shape_coverage_test::inset_display_four_values_with_round
        PASS [   0.012s] (1935/4367) stylex_css_parser css_types::basic_shape::basic_shape_coverage_test::inset_parser_eof_at_start
        PASS [   0.014s] (1936/4367) stylex_css_parser css_types::basic_shape::basic_shape_coverage_test::inset_display_single_value_all_equal_with_round_equal
        PASS [   0.013s] (1937/4367) stylex_css_parser css_types::basic_shape::basic_shape_coverage_test::inset_display_two_values_with_round
        PASS [   0.014s] (1938/4367) stylex_css_parser css_types::basic_shape::basic_shape_coverage_test::inset_display_three_values_with_round
        PASS [   0.016s] (1939/4367) stylex_css_parser css_types::basic_shape::basic_shape_coverage_test::inset_parser_eof_on_closing_paren
        PASS [   0.018s] (1940/4367) stylex_css_parser css_types::basic_shape::basic_shape_coverage_test::inset_parser_non_round_keyword_gives_none_round
        PASS [   0.012s] (1941/4367) stylex_css_parser css_types::basic_shape::basic_shape_coverage_test::inset_parser_round_with_whitespace_after_keyword
        PASS [   0.014s] (1942/4367) stylex_css_parser css_types::basic_shape::basic_shape_coverage_test::inset_parser_round_keyword_then_invalid_radius
        PASS [   0.013s] (1943/4367) stylex_css_parser css_types::basic_shape::basic_shape_coverage_test::inset_parser_whitespace_after_bottom
        PASS [   0.012s] (1944/4367) stylex_css_parser css_types::basic_shape::basic_shape_coverage_test::inset_parser_whitespace_after_top
        PASS [   0.013s] (1945/4367) stylex_css_parser css_types::basic_shape::basic_shape_coverage_test::inset_parser_whitespace_after_left
        PASS [   0.013s] (1946/4367) stylex_css_parser css_types::basic_shape::basic_shape_coverage_test::inset_parser_whitespace_before_round_check
        PASS [   0.014s] (1947/4367) stylex_css_parser css_types::basic_shape::basic_shape_coverage_test::inset_parser_whitespace_after_right
        PASS [   0.013s] (1948/4367) stylex_css_parser css_types::basic_shape::basic_shape_coverage_test::inset_parser_wrong_closing_token
        PASS [   0.015s] (1949/4367) stylex_css_parser css_types::basic_shape::basic_shape_coverage_test::inset_parser_wrong_function_name
        PASS [   0.016s] (1950/4367) stylex_css_parser css_types::basic_shape::basic_shape_coverage_test::parse_optional_position_at_keyword_exercises_position_parser
        PASS [   0.014s] (1951/4367) stylex_css_parser css_types::basic_shape::basic_shape_coverage_test::parse_optional_position_skips_leading_whitespace
        PASS [   0.013s] (1952/4367) stylex_css_parser css_types::basic_shape::basic_shape_coverage_test::path_parser_comma_after_fill_rule
        PASS [   0.015s] (1953/4367) stylex_css_parser css_types::basic_shape::basic_shape_coverage_test::parse_optional_position_whitespace_after_at
        PASS [   0.012s] (1954/4367) stylex_css_parser css_types::basic_shape::basic_shape_coverage_test::path_parser_eof_at_string
        PASS [   0.015s] (1955/4367) stylex_css_parser css_types::basic_shape::basic_shape_coverage_test::parse_optional_position_whitespace_after_at_explicit
        PASS [   0.015s] (1956/4367) stylex_css_parser css_types::basic_shape::basic_shape_coverage_test::path_parser_eof_at_start
        PASS [   0.014s] (1957/4367) stylex_css_parser css_types::basic_shape::basic_shape_coverage_test::path_parser_fill_rule_without_comma
        PASS [   0.014s] (1958/4367) stylex_css_parser css_types::basic_shape::basic_shape_coverage_test::path_parser_eof_on_closing_paren
        PASS [   0.014s] (1959/4367) stylex_css_parser css_types::basic_shape::basic_shape_coverage_test::path_parser_non_ident_defaults_fill_rule
        PASS [   0.013s] (1960/4367) stylex_css_parser css_types::basic_shape::basic_shape_coverage_test::path_parser_nonzero_fill_rule
        PASS [   0.012s] (1961/4367) stylex_css_parser css_types::basic_shape::basic_shape_coverage_test::path_parser_unknown_ident_defaults_fill_rule
        PASS [   0.011s] (1962/4367) stylex_css_parser css_types::basic_shape::basic_shape_coverage_test::path_parser_whitespace_after_open_paren
        PASS [   0.012s] (1963/4367) stylex_css_parser css_types::basic_shape::basic_shape_coverage_test::path_parser_whitespace_after_fill_rule_before_comma
        PASS [   0.013s] (1964/4367) stylex_css_parser css_types::basic_shape::basic_shape_coverage_test::path_parser_whitespace_after_string
        PASS [   0.013s] (1965/4367) stylex_css_parser css_types::basic_shape::basic_shape_coverage_test::path_parser_whitespace_before_string_explicit
        PASS [   0.014s] (1966/4367) stylex_css_parser css_types::basic_shape::basic_shape_coverage_test::path_parser_whitespace_before_string
        PASS [   0.016s] (1967/4367) stylex_css_parser css_types::basic_shape::basic_shape_coverage_test::path_parser_whitespace_after_fill_rule_comma
        PASS [   0.014s] (1968/4367) stylex_css_parser css_types::basic_shape::basic_shape_coverage_test::path_parser_wrong_closing_token
        PASS [   0.012s] (1969/4367) stylex_css_parser css_types::basic_shape::basic_shape_coverage_test::path_parser_wrong_function_name
        PASS [   0.013s] (1970/4367) stylex_css_parser css_types::basic_shape::basic_shape_coverage_test::path_parser_wrong_token_at_string
        PASS [   0.014s] (1971/4367) stylex_css_parser css_types::basic_shape::basic_shape_coverage_test::polygon_parser_comma_after_fill_rule
        PASS [   0.014s] (1972/4367) stylex_css_parser css_types::basic_shape::basic_shape_coverage_test::polygon_parser_comma_between_points
        PASS [   0.012s] (1973/4367) stylex_css_parser css_types::basic_shape::basic_shape_coverage_test::polygon_parser_eof_at_start
        PASS [   0.012s] (1974/4367) stylex_css_parser css_types::basic_shape::basic_shape_coverage_test::polygon_parser_fill_rule_without_comma
        PASS [   0.016s] (1975/4367) stylex_css_parser css_types::basic_shape::basic_shape_coverage_test::polygon_parser_eof_after_point
        PASS [   0.012s] (1976/4367) stylex_css_parser css_types::basic_shape::basic_shape_coverage_test::polygon_parser_no_ident_defaults_fill_rule
        PASS [   0.014s] (1977/4367) stylex_css_parser css_types::basic_shape::basic_shape_coverage_test::polygon_parser_immediate_right_paren_after_fill_rule
        PASS [   0.016s] (1978/4367) stylex_css_parser css_types::basic_shape::basic_shape_coverage_test::polygon_parser_invalid_y_coordinate
        PASS [   0.016s] (1979/4367) stylex_css_parser css_types::basic_shape::basic_shape_coverage_test::polygon_parser_nonzero_fill_rule
        PASS [   0.012s] (1980/4367) stylex_css_parser css_types::basic_shape::basic_shape_coverage_test::polygon_parser_whitespace_after_fill_rule_before_comma
        PASS [   0.015s] (1981/4367) stylex_css_parser css_types::basic_shape::basic_shape_coverage_test::polygon_parser_unexpected_token_after_point
        PASS [   0.014s] (1982/4367) stylex_css_parser css_types::basic_shape::basic_shape_coverage_test::polygon_parser_unknown_ident_defaults_fill_rule
        PASS [   0.013s] (1983/4367) stylex_css_parser css_types::basic_shape::basic_shape_coverage_test::polygon_parser_whitespace_after_fill_rule_comma
        PASS [   0.014s] (1984/4367) stylex_css_parser css_types::basic_shape::basic_shape_coverage_test::polygon_parser_whitespace_after_point
        PASS [   0.014s] (1985/4367) stylex_css_parser css_types::basic_shape::basic_shape_coverage_test::polygon_parser_whitespace_after_open_paren
        PASS [   0.015s] (1986/4367) stylex_css_parser css_types::basic_shape::basic_shape_coverage_test::polygon_parser_whitespace_between_x_and_y
        PASS [   0.015s] (1987/4367) stylex_css_parser css_types::basic_shape::basic_shape_coverage_test::polygon_parser_whitespace_inside_point_loop
        PASS [   0.014s] (1988/4367) stylex_css_parser css_types::basic_shape::basic_shape_coverage_test::polygon_parser_wrong_closing_token_after_loop
        PASS [   0.013s] (1989/4367) stylex_css_parser css_types::basic_shape::basic_shape_test::test_css_type_basic_shape::circle::should_not_parse_invalid_circles
        PASS [   0.016s] (1990/4367) stylex_css_parser css_types::basic_shape::basic_shape_coverage_test::polygon_parser_wrong_function_name
        PASS [   0.014s] (1991/4367) stylex_css_parser css_types::basic_shape::basic_shape_test::test_css_type_basic_shape::circle::should_parse_valid_circles
        PASS [   0.015s] (1992/4367) stylex_css_parser css_types::basic_shape::basic_shape_test::test_css_type_basic_shape::ellipse::should_not_parse_invalid_ellipses
        PASS [   0.013s] (1993/4367) stylex_css_parser css_types::basic_shape::basic_shape_test::test_css_type_basic_shape::ellipse::should_parse_valid_ellipses
        PASS [   0.011s] (1994/4367) stylex_css_parser css_types::basic_shape::basic_shape_test::test_css_type_basic_shape::inset::should_parse_valid_insets
        PASS [   0.014s] (1995/4367) stylex_css_parser css_types::basic_shape::basic_shape_test::test_css_type_basic_shape::inset::should_not_parse_invalid_insets
        PASS [   0.021s] (1996/4367) stylex_css_parser css_types::basic_shape::basic_shape_test::test_css_type_basic_shape::circle::should_parse_circle_with_position
        PASS [   0.014s] (1997/4367) stylex_css_parser css_types::basic_shape::basic_shape_test::test_css_type_basic_shape::inset::should_parse_inset_with_round
        PASS [   0.014s] (1998/4367) stylex_css_parser css_types::basic_shape::basic_shape_test::test_css_type_basic_shape::parse_to_string::circle_with_position
        PASS [   0.013s] (1999/4367) stylex_css_parser css_types::basic_shape::basic_shape_test::test_css_type_basic_shape::parse_to_string::circle_with_radius
        PASS [   0.013s] (2000/4367) stylex_css_parser css_types::basic_shape::basic_shape_test::test_css_type_basic_shape::parse_to_string::ellipse_two_radii
        PASS [   0.013s] (2001/4367) stylex_css_parser css_types::basic_shape::basic_shape_test::test_css_type_basic_shape::parse_to_string::inset_four_values
        PASS [   0.027s] (2002/4367) stylex_css_parser css_types::basic_shape::basic_shape_test::test_css_type_basic_shape::ellipse::should_parse_ellipse_with_position
        PASS [   0.011s] (2003/4367) stylex_css_parser css_types::basic_shape::basic_shape_test::test_css_type_basic_shape::parse_to_string::inset_two_values
        PASS [   0.013s] (2004/4367) stylex_css_parser css_types::basic_shape::basic_shape_test::test_css_type_basic_shape::parse_to_string::inset_single_value
        PASS [   0.012s] (2005/4367) stylex_css_parser css_types::basic_shape::basic_shape_test::test_css_type_basic_shape::parse_to_string::path_to_string
        PASS [   0.013s] (2006/4367) stylex_css_parser css_types::basic_shape::basic_shape_test::test_css_type_basic_shape::parse_to_string::polygon_three_points
        PASS [   0.022s] (2007/4367) stylex_css_parser css_types::basic_shape::basic_shape_test::test_css_type_basic_shape::parse_to_string::ellipse_with_position
        PASS [   0.013s] (2008/4367) stylex_css_parser css_types::basic_shape::basic_shape_test::test_css_type_basic_shape::path::should_not_parse_invalid_paths
        PASS [   0.015s] (2009/4367) stylex_css_parser css_types::basic_shape::basic_shape_test::test_css_type_basic_shape::parse_to_string::polygon_with_fill_rule
        PASS [   0.013s] (2010/4367) stylex_css_parser css_types::basic_shape::basic_shape_test::test_css_type_basic_shape::path::should_parse_path_with_fill_rule
        PASS [   0.012s] (2011/4367) stylex_css_parser css_types::basic_shape::basic_shape_test::test_css_type_basic_shape::path::should_parse_valid_paths
        PASS [   0.015s] (2012/4367) stylex_css_parser css_types::basic_shape::basic_shape_test::test_css_type_basic_shape::polygon::should_parse_polygon_with_fill_rule
        PASS [   0.011s] (2013/4367) stylex_css_parser css_types::basic_shape::basic_shape_test::test_css_type_basic_shape::test_ellipse_string_representation
        PASS [   0.014s] (2014/4367) stylex_css_parser css_types::basic_shape::basic_shape_test::test_css_type_basic_shape::polygon::should_parse_valid_polygons
        PASS [   0.013s] (2015/4367) stylex_css_parser css_types::basic_shape::basic_shape_test::test_css_type_basic_shape::test_circle_string_representation
        PASS [   0.019s] (2016/4367) stylex_css_parser css_types::basic_shape::basic_shape_test::test_css_type_basic_shape::polygon::should_not_parse_invalid_polygons
        PASS [   0.013s] (2017/4367) stylex_css_parser css_types::basic_shape::basic_shape_test::test_css_type_basic_shape::test_inset_string_representation
        PASS [   0.013s] (2018/4367) stylex_css_parser css_types::basic_shape::basic_shape_test::test_css_type_basic_shape::test_keyword_radius_string_representation
        PASS [   0.013s] (2019/4367) stylex_css_parser css_types::basic_shape::tests::test_ellipse_two_radii
        PASS [   0.015s] (2020/4367) stylex_css_parser css_types::basic_shape::tests::test_circle_radius
        PASS [   0.015s] (2021/4367) stylex_css_parser css_types::basic_shape::tests::test_basic_shape_display
        PASS [   0.011s] (2022/4367) stylex_css_parser css_types::blend_mode::blend_mode_coverage_test::extract_ident_token_panics_for_non_ident
        PASS [   0.012s] (2023/4367) stylex_css_parser css_types::basic_shape::tests::test_polygon_display
        PASS [   0.015s] (2024/4367) stylex_css_parser css_types::basic_shape::tests::test_inset_display_optimization
        PASS [   0.011s] (2025/4367) stylex_css_parser css_types::blend_mode::blend_mode_coverage_test::extract_ident_token_returns_value_for_ident
        PASS [   0.017s] (2026/4367) stylex_css_parser css_types::basic_shape::tests::test_path_display
        PASS [   0.014s] (2027/4367) stylex_css_parser css_types::blend_mode::blend_mode_test::test_css_type_blend_mode::parses_valid_blend_mode_values
        PASS [   0.013s] (2028/4367) stylex_css_parser css_types::blend_mode::tests::test_blend_mode_all_values
        PASS [   0.014s] (2029/4367) stylex_css_parser css_types::blend_mode::tests::test_blend_mode_compositing_groups
        PASS [   0.016s] (2030/4367) stylex_css_parser css_types::blend_mode::blend_mode_test::test_css_type_blend_mode::rejects_invalid_blend_mode_values
        PASS [   0.014s] (2031/4367) stylex_css_parser css_types::blend_mode::tests::test_blend_mode_as_str
        PASS [   0.013s] (2032/4367) stylex_css_parser css_types::blend_mode::tests::test_blend_mode_coverage
        PASS [   0.011s] (2033/4367) stylex_css_parser css_types::blend_mode::tests::test_blend_mode_equality
        PASS [   0.012s] (2034/4367) stylex_css_parser css_types::blend_mode::tests::test_blend_mode_from_str
        PASS [   0.014s] (2035/4367) stylex_css_parser css_types::blend_mode::tests::test_blend_mode_is_valid
        PASS [   0.019s] (2036/4367) stylex_css_parser css_types::blend_mode::tests::test_blend_mode_display
        PASS [   0.013s] (2037/4367) stylex_css_parser css_types::blend_mode::tests::test_blend_mode_parser_creation
        PASS [   0.014s] (2038/4367) stylex_css_parser css_types::blend_mode::tests::test_blend_mode_round_trip
        PASS [   0.011s] (2039/4367) stylex_css_parser css_types::calc::calc_coverage_test::apply_add_sub_operator_plus_returns_addition
        PASS [   0.012s] (2040/4367) stylex_css_parser css_types::calc::calc_coverage_test::apply_add_sub_operator_unknown_operator_panics
        PASS [   0.012s] (2041/4367) stylex_css_parser css_types::calc::calc_coverage_test::apply_add_sub_operator_value_variant_panics
        PASS [   0.015s] (2042/4367) stylex_css_parser css_types::calc::calc_coverage_test::apply_mult_div_operator_slash_returns_division
        PASS [   0.019s] (2043/4367) stylex_css_parser css_types::calc::calc_coverage_test::apply_add_sub_operator_minus_returns_subtraction
        PASS [   0.012s] (2044/4367) stylex_css_parser css_types::calc::calc_coverage_test::apply_mult_div_operator_value_variant_panics
        PASS [   0.013s] (2045/4367) stylex_css_parser css_types::calc::calc_coverage_test::apply_mult_div_operator_unknown_operator_panics
        PASS [   0.012s] (2046/4367) stylex_css_parser css_types::calc::calc_coverage_test::calc_dimension_new_stores_value_and_unit
        PASS [   0.012s] (2047/4367) stylex_css_parser css_types::calc::calc_coverage_test::calc_new_wraps_value
        PASS [   0.015s] (2048/4367) stylex_css_parser css_types::calc::calc_coverage_test::calc_parser_rejects_empty_input
        PASS [   0.015s] (2049/4367) stylex_css_parser css_types::calc::calc_coverage_test::calc_parse_alias_works
        PASS [   0.015s] (2050/4367) stylex_css_parser css_types::calc::calc_coverage_test::calc_parser_rejects_non_calc_function
        PASS [   0.012s] (2051/4367) stylex_css_parser css_types::calc::calc_coverage_test::calc_parser_rejects_non_function_token
        PASS [   0.014s] (2052/4367) stylex_css_parser css_types::calc::calc_coverage_test::calc_parses_complex_with_trailing_whitespace
        PASS [   0.031s] (2053/4367) stylex_css_parser css_types::calc::calc_coverage_test::apply_mult_div_operator_star_returns_multiplication
        PASS [   0.015s] (2054/4367) stylex_css_parser css_types::calc::calc_coverage_test::calc_parses_grouped_expression
        PASS [   0.015s] (2055/4367) stylex_css_parser css_types::calc::calc_coverage_test::calc_parses_expression_with_leading_whitespace_via_value_parser
        PASS [   0.018s] (2056/4367) stylex_css_parser css_types::calc::calc_coverage_test::calc_parses_constant_pi
        PASS [   0.019s] (2057/4367) stylex_css_parser css_types::calc::calc_coverage_test::calc_parses_multiplication_and_addition
        PASS [   0.015s] (2058/4367) stylex_css_parser css_types::calc::calc_coverage_test::calc_parses_three_term_addition
        PASS [   0.018s] (2059/4367) stylex_css_parser css_types::calc::calc_coverage_test::calc_parses_subtraction_via_parser
        PASS [   0.017s] (2060/4367) stylex_css_parser css_types::calc::calc_coverage_test::calc_value_parser_parses_dimension
        PASS [   0.015s] (2061/4367) stylex_css_parser css_types::calc::calc_coverage_test::calc_value_parser_parses_number
        PASS [   0.019s] (2062/4367) stylex_css_parser css_types::calc::calc_coverage_test::calc_rejects_invalid_inner_expression
        PASS [   0.014s] (2063/4367) stylex_css_parser css_types::calc::calc_coverage_test::calc_value_parser_rejects_empty_input
        PASS [   0.014s] (2064/4367) stylex_css_parser css_types::calc::calc_coverage_test::compose_add_err_when_left_slice_is_single_operator
        PASS [   0.017s] (2065/4367) stylex_css_parser css_types::calc::calc_coverage_test::compose_add_err_when_right_slice_is_single_operator
        PASS [   0.015s] (2066/4367) stylex_css_parser css_types::calc::calc_coverage_test::compose_add_no_op_returns_err
        PASS [   0.011s] (2067/4367) stylex_css_parser css_types::calc::calc_coverage_test::compose_add_single_operator_returns_err
        PASS [   0.012s] (2068/4367) stylex_css_parser css_types::calc::calc_coverage_test::compose_add_single_value_returns_value
        PASS [   0.013s] (2069/4367) stylex_css_parser css_types::calc::calc_coverage_test::compose_add_two_values_with_plus_returns_addition
        PASS [   0.012s] (2070/4367) stylex_css_parser css_types::calc::calc_coverage_test::extract_single_calc_value_happy_path
        PASS [   0.013s] (2071/4367) stylex_css_parser css_types::calc::calc_coverage_test::parse_calc_empty_group_is_error
        PASS [   0.015s] (2072/4367) stylex_css_parser css_types::calc::calc_coverage_test::extract_single_calc_value_panics_for_operator
        PASS [   0.016s] (2073/4367) stylex_css_parser css_types::calc::calc_coverage_test::parse_calc_empty_expression_is_error
        PASS [   0.013s] (2074/4367) stylex_css_parser css_types::calc::calc_coverage_test::parse_calc_errors_when_closing_paren_token_is_missing
        PASS [   0.021s] (2075/4367) stylex_css_parser css_types::calc::calc_coverage_test::compose_add_two_values_with_minus_returns_subtraction
        PASS [   0.012s] (2076/4367) stylex_css_parser css_types::calc::calc_coverage_test::parse_calc_skips_leading_and_trailing_whitespace
        PASS [   0.014s] (2077/4367) stylex_css_parser css_types::calc::calc_coverage_test::parse_calc_group_after_operator
        PASS [   0.011s] (2078/4367) stylex_css_parser css_types::calc::calc_coverage_test::parse_calc_value_accepts_nested_calc_function_token
        PASS [   0.017s] (2079/4367) stylex_css_parser css_types::calc::calc_coverage_test::parse_calc_group_with_internal_whitespace
        PASS [   0.012s] (2080/4367) stylex_css_parser css_types::calc::calc_coverage_test::parse_calc_value_errors_when_nested_calc_close_is_missing
        PASS [   0.011s] (2081/4367) stylex_css_parser css_types::calc::calc_coverage_test::parse_calc_value_errors_when_nested_calc_expression_is_empty
        PASS [   0.012s] (2082/4367) stylex_css_parser css_types::calc::calc_coverage_test::parse_calc_value_errors_when_nested_calc_close_is_wrong_token
        PASS [   0.010s] (2083/4367) stylex_css_parser css_types::calc::calc_coverage_test::split_by_mult_single_operator_returns_err
        PASS [   0.011s] (2084/4367) stylex_css_parser css_types::calc::calc_coverage_test::split_by_mult_single_value_returns_value
        PASS [   0.012s] (2085/4367) stylex_css_parser css_types::calc::calc_coverage_test::split_by_mult_with_addition_delegates_to_compose
        PASS [   0.013s] (2086/4367) stylex_css_parser css_types::calc::calc_coverage_test::split_by_mult_err_when_right_slice_is_single_operator
        PASS [   0.015s] (2087/4367) stylex_css_parser css_types::calc::calc_coverage_test::split_by_mult_err_when_left_slice_is_invalid
        PASS [   0.011s] (2088/4367) stylex_css_parser css_types::calc::calc_coverage_test::try_parse_group_fails_when_close_paren_missing
        PASS [   0.013s] (2089/4367) stylex_css_parser css_types::calc::calc_coverage_test::split_by_mult_with_division_returns_division
        PASS [   0.013s] (2090/4367) stylex_css_parser css_types::calc::calc_coverage_test::split_by_mult_with_multiplication_returns_multiplication
        PASS [   0.014s] (2091/4367) stylex_css_parser css_types::calc::calc_coverage_test::try_parse_group_fails_when_wrong_close_token
        PASS [   0.014s] (2092/4367) stylex_css_parser css_types::calc::calc_coverage_test::try_parse_group_fails_with_empty_tokens
        PASS [   0.012s] (2093/4367) stylex_css_parser css_types::calc::calc_coverage_test::try_parse_operator_fails_for_non_operator_token
        PASS [   0.012s] (2094/4367) stylex_css_parser css_types::calc::calc_coverage_test::try_parse_group_with_whitespace_after_open_paren
        PASS [   0.015s] (2095/4367) stylex_css_parser css_types::calc::calc_coverage_test::try_parse_group_fails_with_non_paren_first_token
        PASS [   0.015s] (2096/4367) stylex_css_parser css_types::calc::calc_coverage_test::try_parse_group_succeeds_with_left_paren_then_number_then_right_paren
        PASS [   0.017s] (2097/4367) stylex_css_parser css_types::calc::calc_coverage_test::try_parse_group_with_whitespace_before_close_paren
        PASS [   0.012s] (2098/4367) stylex_css_parser css_types::calc::calc_coverage_test::try_parse_operator_returns_divide
        PASS [   0.012s] (2099/4367) stylex_css_parser css_types::calc::calc_coverage_test::try_parse_operator_returns_minus
        PASS [   0.013s] (2100/4367) stylex_css_parser css_types::calc::calc_coverage_test::try_parse_operator_fails_with_empty_tokens
        PASS [   0.012s] (2101/4367) stylex_css_parser css_types::calc::calc_coverage_test::try_parse_operator_returns_multiply
        PASS [   0.011s] (2102/4367) stylex_css_parser css_types::calc::calc_coverage_test::value_parser_parses_calc_constant_infinity
        PASS [   0.014s] (2103/4367) stylex_css_parser css_types::calc::calc_coverage_test::try_parse_operator_returns_plus
        PASS [   0.014s] (2104/4367) stylex_css_parser css_types::calc::calc_coverage_test::value_parser_parses_calc_constant_e
        PASS [   0.013s] (2105/4367) stylex_css_parser css_types::calc::calc_coverage_test::value_parser_parses_calc_constant_nan
        PASS [   0.012s] (2106/4367) stylex_css_parser css_types::calc::calc_coverage_test::value_parser_parses_number
        PASS [   0.016s] (2107/4367) stylex_css_parser css_types::calc::calc_coverage_test::value_parser_parses_calc_constant_pi
        PASS [   0.012s] (2108/4367) stylex_css_parser css_types::calc::calc_coverage_test::value_parser_rejects_empty_input
        PASS [   0.013s] (2109/4367) stylex_css_parser css_types::calc::calc_coverage_test::value_parser_parses_percentage
        PASS [   0.017s] (2110/4367) stylex_css_parser css_types::calc::calc_coverage_test::value_parser_parses_dimension
        PASS [   0.011s] (2111/4367) stylex_css_parser css_types::calc::tests::test_css_type_calc::accepts_unary_plus_spacing_edge
        PASS [   0.011s] (2112/4367) stylex_css_parser css_types::calc::tests::test_css_type_calc::handles_whitespace_correctly
        PASS [   0.013s] (2113/4367) stylex_css_parser css_types::calc::calc_coverage_test::value_parser_rejects_unknown_ident_constant
        PASS [   0.013s] (2114/4367) stylex_css_parser css_types::calc::tests::test_css_type_calc::operator_precedence
        PASS [   0.010s] (2115/4367) stylex_css_parser css_types::calc::tests::test_css_type_calc::parses_dimension_values
        PASS [   0.012s] (2116/4367) stylex_css_parser css_types::calc::tests::test_css_type_calc::parses_basic_addition_with_px
        PASS [   0.016s] (2117/4367) stylex_css_parser css_types::calc::tests::test_css_type_calc::parses_addition_operations
        PASS [   0.012s] (2118/4367) stylex_css_parser css_types::calc::tests::test_css_type_calc::parses_multiplication_operations
        PASS [   0.018s] (2119/4367) stylex_css_parser css_types::calc::tests::test_css_type_calc::parses_complex_expressions_with_multiple_operations
        PASS [   0.017s] (2120/4367) stylex_css_parser css_types::calc::tests::test_css_type_calc::parses_division_operations
        PASS [   0.013s] (2121/4367) stylex_css_parser css_types::calc::tests::test_css_type_calc::parses_nested_calc_expressions
        PASS [   0.014s] (2122/4367) stylex_css_parser css_types::calc::tests::test_css_type_calc::parses_nested_operations_with_parentheses
        PASS [   0.012s] (2123/4367) stylex_css_parser css_types::calc::tests::test_css_type_calc::parses_parenthesized_group
        PASS [   0.019s] (2124/4367) stylex_css_parser css_types::calc::tests::test_css_type_calc::parses_multiplication_px_times_number
        PASS [   0.019s] (2125/4367) stylex_css_parser css_types::calc::tests::test_css_type_calc::parses_division_px_by_number
        PASS [   0.014s] (2126/4367) stylex_css_parser css_types::calc::tests::test_css_type_calc::parses_operator_precedence_add_mul
        PASS [   0.011s] (2127/4367) stylex_css_parser css_types::calc::tests::test_css_type_calc::parses_subtraction_operations
        PASS [   0.018s] (2128/4367) stylex_css_parser css_types::calc::tests::test_css_type_calc::parses_percentage_values
        PASS [   0.014s] (2129/4367) stylex_css_parser css_types::calc::tests::test_css_type_calc::rejects_invalid_calc_expressions
        PASS [   0.011s] (2130/4367) stylex_css_parser css_types::calc::tests::test_css_type_calc::rejects_unspaced_dimension_addition
        PASS [   0.017s] (2131/4367) stylex_css_parser css_types::calc::tests::test_css_type_calc::parses_simple_numeric_values
        PASS [   0.011s] (2132/4367) stylex_css_parser css_types::calc::tests::test_css_type_calc::to_string_round_trips_calc_expressions
        PASS [   0.012s] (2133/4367) stylex_css_parser css_types::calc_constant::tests::test_calc_constant_all_constants
        PASS [   0.013s] (2134/4367) stylex_css_parser css_types::calc_constant::calc_constant_test::calc_constant::should_parse_valid_calc_constants
        PASS [   0.015s] (2135/4367) stylex_css_parser css_types::calc_constant::calc_constant_test::calc_constant::should_not_parse_invalid_calc_constants
        PASS [   0.023s] (2136/4367) stylex_css_parser css_types::calc::tests::test_css_type_calc::parses_subtraction_percent_minus_px
        PASS [   0.012s] (2137/4367) stylex_css_parser css_types::calc_constant::tests::test_calc_constant_as_str
        PASS [   0.013s] (2138/4367) stylex_css_parser css_types::calc_constant::tests::test_calc_constant_display
        PASS [   0.014s] (2139/4367) stylex_css_parser css_types::calc_constant::tests::test_calc_constant_equality
        PASS [   0.013s] (2140/4367) stylex_css_parser css_types::calc_constant::tests::test_calc_constant_from_str
        PASS [   0.012s] (2141/4367) stylex_css_parser css_types::calc_constant::tests::test_calc_constant_is_valid
        PASS [   0.012s] (2142/4367) stylex_css_parser css_types::calc_constant::tests::test_calc_constant_round_trip
        PASS [   0.014s] (2143/4367) stylex_css_parser css_types::calc_constant::tests::test_calc_constant_math_constants
        PASS [   0.014s] (2144/4367) stylex_css_parser css_types::calc_constant::tests::test_calc_constant_parser_creation
        PASS [   0.014s] (2145/4367) stylex_css_parser css_types::color::color_coverage_test::advanced_hsl_comma_full_parses_valid
        PASS [   0.013s] (2146/4367) stylex_css_parser css_types::color::color_coverage_test::advanced_hsla_comma_full_parses_valid
        PASS [   0.016s] (2147/4367) stylex_css_parser css_types::color::color_coverage_test::advanced_hsl_comma_full_rejects_wrong_function
        PASS [   0.014s] (2148/4367) stylex_css_parser css_types::color::color_coverage_test::advanced_hsla_comma_full_rejects_wrong_function
        PASS [   0.011s] (2149/4367) stylex_css_parser css_types::color::color_coverage_test::advanced_parsers_reject_non_function_token
        PASS [   0.012s] (2150/4367) stylex_css_parser css_types::color::color_coverage_test::advanced_rgb_space_full_parses_valid
        PASS [   0.014s] (2151/4367) stylex_css_parser css_types::color::color_coverage_test::advanced_rgb_comma_full_parses_valid
        PASS [   0.013s] (2152/4367) stylex_css_parser css_types::color::color_coverage_test::advanced_rgb_comma_full_rejects_wrong_function_name
        PASS [   0.016s] (2153/4367) stylex_css_parser css_types::color::color_coverage_test::advanced_rgb_comma_full_rejects_out_of_range
        PASS [   0.011s] (2154/4367) stylex_css_parser css_types::color::color_coverage_test::advanced_rgb_space_full_rejects_wrong_function
        PASS [   0.014s] (2155/4367) stylex_css_parser css_types::color::color_coverage_test::advanced_rgb_space_full_rejects_fewer_than_three_values
        PASS [   0.011s] (2156/4367) stylex_css_parser css_types::color::color_coverage_test::advanced_rgba_comma_full_rejects_wrong_function
        PASS [   0.012s] (2157/4367) stylex_css_parser css_types::color::color_coverage_test::advanced_rgba_comma_full_parses_valid
        PASS [   0.015s] (2158/4367) stylex_css_parser css_types::color::color_coverage_test::advanced_rgba_comma_full_rejects_out_of_range_rgb
        PASS [   0.015s] (2159/4367) stylex_css_parser css_types::color::color_coverage_test::advanced_rgba_space_slash_full_parses_valid
        PASS [   0.013s] (2160/4367) stylex_css_parser css_types::color::color_coverage_test::advanced_rgba_space_slash_full_rejects_wrong_function
        PASS [   0.014s] (2161/4367) stylex_css_parser css_types::color::color_coverage_test::check_function_name_returns_false_for_non_matching_name
        PASS [   0.015s] (2162/4367) stylex_css_parser css_types::color::color_coverage_test::check_function_name_returns_false_for_non_function_token
        PASS [   0.012s] (2163/4367) stylex_css_parser css_types::color::color_coverage_test::color_enum_display_lch_variant
        PASS [   0.014s] (2164/4367) stylex_css_parser css_types::color::color_coverage_test::check_function_name_returns_true_for_matching_function_token
        PASS [   0.014s] (2165/4367) stylex_css_parser css_types::color::color_coverage_test::color_enum_display_all_variants_not_empty
        PASS [   0.013s] (2166/4367) stylex_css_parser css_types::color::color_coverage_test::color_enum_display_oklch_variant
        PASS [   0.015s] (2167/4367) stylex_css_parser css_types::color::color_coverage_test::color_enum_display_oklab_variant
        PASS [   0.012s] (2168/4367) stylex_css_parser css_types::color::color_coverage_test::extract_number_from_token_returns_zero_for_non_number_token
        PASS [   0.014s] (2169/4367) stylex_css_parser css_types::color::color_coverage_test::extract_number_from_token_returns_value_for_number_token
        PASS [   0.012s] (2170/4367) stylex_css_parser css_types::color::color_coverage_test::hash_color_4_digit_is_invalid_and_rejected
        PASS [   0.013s] (2171/4367) stylex_css_parser css_types::color::color_coverage_test::hash_color_5_digit_is_invalid_and_rejected
        PASS [   0.013s] (2172/4367) stylex_css_parser css_types::color::color_coverage_test::hash_color_7_digit_is_invalid_and_rejected
        PASS [   0.013s] (2173/4367) stylex_css_parser css_types::color::color_coverage_test::hash_color_8_digit_via_color_parser
        PASS [   0.012s] (2174/4367) stylex_css_parser css_types::color::color_coverage_test::hash_color_a_returns_one_for_non_eight_digit
        PASS [   0.012s] (2175/4367) stylex_css_parser css_types::color::color_coverage_test::hash_color_b_fallback_arm_for_invalid_length
        PASS [   0.013s] (2176/4367) stylex_css_parser css_types::color::color_coverage_test::hash_color_eight_byte_value_split_through_the_alpha_pair
        PASS [   0.016s] (2177/4367) stylex_css_parser css_types::color::color_coverage_test::hash_color_display_format
        PASS [   0.015s] (2178/4367) stylex_css_parser css_types::color::color_coverage_test::hash_color_extract_hash_value_panics_for_non_hash_token
        PASS [   0.016s] (2179/4367) stylex_css_parser css_types::color::color_coverage_test::hash_color_g_fallback_arm_for_invalid_length
        PASS [   0.014s] (2180/4367) stylex_css_parser css_types::color::color_coverage_test::hash_color_r_fallback_arm_for_invalid_length
        PASS [   0.018s] (2181/4367) stylex_css_parser css_types::color::color_coverage_test::hash_color_extract_hash_value_happy_path
        PASS [   0.013s] (2182/4367) stylex_css_parser css_types::color::color_coverage_test::hash_color_six_byte_value_split_through_a_character
        PASS [   0.013s] (2183/4367) stylex_css_parser css_types::color::color_coverage_test::hash_color_short_value_of_three_bytes_but_two_characters
        PASS [   0.014s] (2184/4367) stylex_css_parser css_types::color::color_coverage_test::hash_color_r_g_b_for_8_digit_hex
        PASS [   0.012s] (2185/4367) stylex_css_parser css_types::color::color_coverage_test::hsl_comma_parser_rejects_invalid_hue_unit
        PASS [   0.018s] (2186/4367) stylex_css_parser css_types::color::color_coverage_test::hsl_comma_parser_eof_before_close_paren
        PASS [   0.022s] (2187/4367) stylex_css_parser css_types::color::color_coverage_test::hsl_comma_parser_rejects_invalid_hue_token
        PASS [   0.017s] (2188/4367) stylex_css_parser css_types::color::color_coverage_test::hsl_comma_parser_rejects_missing_second_comma
        PASS [   0.019s] (2189/4367) stylex_css_parser css_types::color::color_coverage_test::hsl_comma_parser_rejects_invalid_lightness
        PASS [   0.020s] (2190/4367) stylex_css_parser css_types::color::color_coverage_test::hsl_comma_parser_rejects_wrong_close_paren
        PASS [   0.022s] (2191/4367) stylex_css_parser css_types::color::color_coverage_test::hsl_comma_parser_rejects_wrong_function
        PASS [   0.016s] (2192/4367) stylex_css_parser css_types::color::color_coverage_test::hsl_comma_parser_trailing_whitespace_before_close
        PASS [   0.024s] (2193/4367) stylex_css_parser css_types::color::color_coverage_test::hsl_comma_parser_rejects_non_function_token
        PASS [   0.024s] (2194/4367) stylex_css_parser css_types::color::color_coverage_test::hsl_comma_parser_rejects_invalid_saturation_token
        PASS [   0.024s] (2195/4367) stylex_css_parser css_types::color::color_coverage_test::hsl_comma_parser_rejects_slash_separator
        PASS [   0.017s] (2196/4367) stylex_css_parser css_types::color::color_coverage_test::hsl_comma_parser_whitespace_after_comma
        PASS [   0.018s] (2197/4367) stylex_css_parser css_types::color::color_coverage_test::hsl_comma_parser_with_leading_whitespace
        PASS [   0.019s] (2198/4367) stylex_css_parser css_types::color::color_coverage_test::hsl_comma_parser_whitespace_before_comma
        PASS [   0.013s] (2199/4367) stylex_css_parser css_types::color::color_coverage_test::hsl_display_format
        PASS [   0.014s] (2200/4367) stylex_css_parser css_types::color::color_coverage_test::hsl_parse_hsl_hue_token_invalid_unit
        PASS [   0.021s] (2201/4367) stylex_css_parser css_types::color::color_coverage_test::hsl_comma_parser_wrong_close_token
        PASS [   0.017s] (2202/4367) stylex_css_parser css_types::color::color_coverage_test::hsl_consume_comma_with_optional_whitespace_eof_returns_error
        PASS [   0.015s] (2203/4367) stylex_css_parser css_types::color::color_coverage_test::hsl_consume_comma_with_optional_whitespace_non_comma
        PASS [   0.014s] (2204/4367) stylex_css_parser css_types::color::color_coverage_test::hsl_parse_hsl_hue_token_non_angle_token
        PASS [   0.015s] (2205/4367) stylex_css_parser css_types::color::color_coverage_test::hsl_parse_hsl_hue_token_eof_returns_error
        PASS [   0.015s] (2206/4367) stylex_css_parser css_types::color::color_coverage_test::hsl_parse_hsl_percentage_token_eof_returns_error
        PASS [   0.013s] (2207/4367) stylex_css_parser css_types::color::color_coverage_test::hsl_parser_rejects_empty
        PASS [   0.015s] (2208/4367) stylex_css_parser css_types::color::color_coverage_test::hsl_parse_hsl_percentage_token_non_percentage
        PASS [   0.014s] (2209/4367) stylex_css_parser css_types::color::color_coverage_test::hsl_space_parser_eof_before_close_paren
        PASS [   0.014s] (2210/4367) stylex_css_parser css_types::color::color_coverage_test::hsl_space_parser_eof_before_whitespace_after_s
        PASS [   0.013s] (2211/4367) stylex_css_parser css_types::color::color_coverage_test::hsl_space_parser_rejects_non_whitespace_after_s
        PASS [   0.014s] (2212/4367) stylex_css_parser css_types::color::color_coverage_test::hsl_space_parser_invalid_lightness_type
        PASS [   0.014s] (2213/4367) stylex_css_parser css_types::color::color_coverage_test::hsl_space_parser_invalid_saturation_type
        PASS [   0.017s] (2214/4367) stylex_css_parser css_types::color::color_coverage_test::hsl_space_parser_number_hue
        PASS [   0.016s] (2215/4367) stylex_css_parser css_types::color::color_coverage_test::hsl_space_parser_rejects_non_whitespace_separator
        PASS [   0.021s] (2216/4367) stylex_css_parser css_types::color::color_coverage_test::hsl_space_parser_eof_before_whitespace_after_h
        PASS [   0.014s] (2217/4367) stylex_css_parser css_types::color::color_coverage_test::hsl_space_parser_rejects_out_of_range_hue
        PASS [   0.014s] (2218/4367) stylex_css_parser css_types::color::color_coverage_test::hsla_alpha_number_hue_treated_as_degrees
        PASS [   0.015s] (2219/4367) stylex_css_parser css_types::color::color_coverage_test::hsl_space_parser_rejects_wrong_close_paren
        PASS [   0.015s] (2220/4367) stylex_css_parser css_types::color::color_coverage_test::hsl_space_parser_rejects_wrong_function
        PASS [   0.013s] (2221/4367) stylex_css_parser css_types::color::color_coverage_test::hsla_comma_parser_carries_an_out_of_range_alpha
        PASS [   0.014s] (2222/4367) stylex_css_parser css_types::color::color_coverage_test::hsl_with_angle_unit
        PASS [   0.014s] (2223/4367) stylex_css_parser css_types::color::color_coverage_test::hsla_alpha_percentage_happy_path
        PASS [   0.015s] (2224/4367) stylex_css_parser css_types::color::color_coverage_test::hsla_comma_parser_eof_before_close_paren
        PASS [   0.013s] (2225/4367) stylex_css_parser css_types::color::color_coverage_test::hsla_comma_parser_missing_second_comma_between_s_and_l
        PASS [   0.017s] (2226/4367) stylex_css_parser css_types::color::color_coverage_test::hsla_comma_parser_carries_an_out_of_range_alpha_percentage
        PASS [   0.013s] (2227/4367) stylex_css_parser css_types::color::color_coverage_test::hsla_comma_parser_rejects_invalid_alpha_token
        PASS [   0.011s] (2228/4367) stylex_css_parser css_types::color::color_coverage_test::hsla_comma_parser_rejects_invalid_saturation_token
        PASS [   0.012s] (2229/4367) stylex_css_parser css_types::color::color_coverage_test::hsla_comma_parser_rejects_missing_third_comma
        PASS [   0.013s] (2230/4367) stylex_css_parser css_types::color::color_coverage_test::hsla_comma_parser_rejects_invalid_lightness
        PASS [   0.013s] (2231/4367) stylex_css_parser css_types::color::color_coverage_test::hsla_comma_parser_rejects_invalid_hue_unit
        PASS [   0.014s] (2232/4367) stylex_css_parser css_types::color::color_coverage_test::hsla_comma_parser_rejects_non_comma_separator
        PASS [   0.017s] (2233/4367) stylex_css_parser css_types::color::color_coverage_test::hsla_comma_parser_rejects_invalid_hue_token
        PASS [   0.011s] (2234/4367) stylex_css_parser css_types::color::color_coverage_test::hsla_comma_parser_rejects_non_function_token
        PASS [   0.012s] (2235/4367) stylex_css_parser css_types::color::color_coverage_test::hsla_comma_parser_rejects_wrong_close_paren
        PASS [   0.012s] (2236/4367) stylex_css_parser css_types::color::color_coverage_test::hsla_comma_parser_rejects_wrong_function
        PASS [   0.013s] (2237/4367) stylex_css_parser css_types::color::color_coverage_test::hsla_comma_parser_whitespace_before_comma
        PASS [   0.014s] (2238/4367) stylex_css_parser css_types::color::color_coverage_test::hsla_comma_parser_wrong_close_token
        PASS [   0.013s] (2239/4367) stylex_css_parser css_types::color::color_coverage_test::hsla_consume_comma_whitespace_before_and_after
        PASS [   0.012s] (2240/4367) stylex_css_parser css_types::color::color_coverage_test::hsla_consume_comma_with_optional_whitespace_eof_returns_error
        PASS [   0.013s] (2241/4367) stylex_css_parser css_types::color::color_coverage_test::hsla_display_format
        PASS [   0.013s] (2242/4367) stylex_css_parser css_types::color::color_coverage_test::hsla_consume_comma_with_optional_whitespace_non_comma
        PASS [   0.011s] (2243/4367) stylex_css_parser css_types::color::color_coverage_test::hsla_parse_hsla_hue_token_invalid_unit
        PASS [   0.012s] (2244/4367) stylex_css_parser css_types::color::color_coverage_test::hsla_parse_hsla_percentage_token_eof_returns_error
        PASS [   0.016s] (2245/4367) stylex_css_parser css_types::color::color_coverage_test::hsla_parse_hsla_hue_token_eof_returns_error
        PASS [   0.015s] (2246/4367) stylex_css_parser css_types::color::color_coverage_test::hsla_parse_hsla_hue_token_non_angle_token
        PASS [   0.013s] (2247/4367) stylex_css_parser css_types::color::color_coverage_test::hsla_parse_hsla_percentage_token_non_percentage
        PASS [   0.012s] (2248/4367) stylex_css_parser css_types::color::color_coverage_test::hsla_parser_rejects_empty
        PASS [   0.011s] (2249/4367) stylex_css_parser css_types::color::color_coverage_test::hsla_space_slash_parser_eof_before_close_paren
        PASS [   0.011s] (2250/4367) stylex_css_parser css_types::color::color_coverage_test::hsla_space_slash_parser_eof_before_slash
        PASS [   0.014s] (2251/4367) stylex_css_parser css_types::color::color_coverage_test::hsla_space_slash_parser_carries_an_out_of_range_alpha
        PASS [   0.014s] (2252/4367) stylex_css_parser css_types::color::color_coverage_test::hsla_space_slash_number_hue
        PASS [   0.015s] (2253/4367) stylex_css_parser css_types::color::color_coverage_test::hsla_space_slash_parser_eof_before_whitespace_after_h
        PASS [   0.014s] (2254/4367) stylex_css_parser css_types::color::color_coverage_test::hsla_space_slash_parser_eof_before_whitespace_after_s
        PASS [   0.013s] (2255/4367) stylex_css_parser css_types::color::color_coverage_test::hsla_space_slash_parser_invalid_alpha_type
        PASS [   0.013s] (2256/4367) stylex_css_parser css_types::color::color_coverage_test::hsla_space_slash_parser_invalid_hue_unit_specific
        PASS [   0.011s] (2257/4367) stylex_css_parser css_types::color::color_coverage_test::hsla_space_slash_parser_invalid_lightness
        PASS [   0.011s] (2258/4367) stylex_css_parser css_types::color::color_coverage_test::hsla_space_slash_parser_no_whitespace_after_slash
        PASS [   0.012s] (2259/4367) stylex_css_parser css_types::color::color_coverage_test::hsla_space_slash_parser_invalid_saturation
        PASS [   0.011s] (2260/4367) stylex_css_parser css_types::color::color_coverage_test::hsla_space_slash_parser_rejects_non_slash
        PASS [   0.013s] (2261/4367) stylex_css_parser css_types::color::color_coverage_test::hsla_space_slash_parser_no_whitespace_before_slash
        PASS [   0.013s] (2262/4367) stylex_css_parser css_types::color::color_coverage_test::hsla_space_slash_parser_rejects_non_whitespace_after_h
        PASS [   0.011s] (2263/4367) stylex_css_parser css_types::color::color_coverage_test::hsla_space_slash_parser_rejects_wrong_close_paren
        PASS [   0.011s] (2264/4367) stylex_css_parser css_types::color::color_coverage_test::hsla_space_slash_whitespace_around_slash
        PASS [   0.011s] (2265/4367) stylex_css_parser css_types::color::color_coverage_test::hsla_space_slash_with_number_hue_and_alpha
        PASS [   0.015s] (2266/4367) stylex_css_parser css_types::color::color_coverage_test::hsla_space_slash_parser_rejects_non_whitespace_after_s
        PASS [   0.014s] (2267/4367) stylex_css_parser css_types::color::color_coverage_test::hsla_space_slash_parser_rejects_wrong_function
        PASS [   0.013s] (2268/4367) stylex_css_parser css_types::color::color_coverage_test::hsla_with_angle_unit_comma
        PASS [   0.012s] (2269/4367) stylex_css_parser css_types::color::color_coverage_test::lch_display_without_alpha
        PASS [   0.011s] (2270/4367) stylex_css_parser css_types::color::color_coverage_test::lch_hue_angle_rad
        PASS [   0.011s] (2271/4367) stylex_css_parser css_types::color::color_coverage_test::lch_hue_display_angle
        PASS [   0.014s] (2272/4367) stylex_css_parser css_types::color::color_coverage_test::lch_display_with_alpha
        PASS [   0.012s] (2273/4367) stylex_css_parser css_types::color::color_coverage_test::lch_hue_display_number
        PASS [   0.012s] (2274/4367) stylex_css_parser css_types::color::color_coverage_test::lch_invalid_alpha_after_slash
        PASS [   0.013s] (2275/4367) stylex_css_parser css_types::color::color_coverage_test::lch_parse_eof_before_close_paren
        PASS [   0.013s] (2276/4367) stylex_css_parser css_types::color::color_coverage_test::lch_parse_eof_before_whitespace_after_l
        PASS [   0.013s] (2277/4367) stylex_css_parser css_types::color::color_coverage_test::lch_parse_eof_before_whitespace_after_c
        PASS [   0.012s] (2278/4367) stylex_css_parser css_types::color::color_coverage_test::lch_parse_lch_chroma_token_eof_returns_error
        PASS [   0.011s] (2279/4367) stylex_css_parser css_types::color::color_coverage_test::lch_parse_lch_hue_token_invalid_type
        PASS [   0.011s] (2280/4367) stylex_css_parser css_types::color::color_coverage_test::lch_parse_lch_hue_token_invalid_unit
        PASS [   0.015s] (2281/4367) stylex_css_parser css_types::color::color_coverage_test::lch_parse_lch_chroma_token_invalid_type
        PASS [   0.015s] (2282/4367) stylex_css_parser css_types::color::color_coverage_test::lch_parse_lch_hue_token_eof_returns_error
        PASS [   0.012s] (2283/4367) stylex_css_parser css_types::color::color_coverage_test::lch_parse_lch_lightness_token_invalid_type
        PASS [   0.013s] (2284/4367) stylex_css_parser css_types::color::color_coverage_test::lch_parse_lch_lightness_token_eof_returns_error
        PASS [   0.010s] (2285/4367) stylex_css_parser css_types::color::color_coverage_test::lch_parse_optional_alpha_no_whitespace_after_slash
        PASS [   0.013s] (2286/4367) stylex_css_parser css_types::color::color_coverage_test::lch_parse_optional_alpha_invalid_alpha_after_slash
        PASS [   0.013s] (2287/4367) stylex_css_parser css_types::color::color_coverage_test::lch_parse_optional_alpha_no_whitespace_before_slash
        PASS [   0.012s] (2288/4367) stylex_css_parser css_types::color::color_coverage_test::lch_parser_lightness_as_percentage
        PASS [   0.013s] (2289/4367) stylex_css_parser css_types::color::color_coverage_test::lch_parser_invalid_hue_token_specific
        PASS [   0.011s] (2290/4367) stylex_css_parser css_types::color::color_coverage_test::lch_parser_non_whitespace_between_c_and_h
        PASS [   0.012s] (2291/4367) stylex_css_parser css_types::color::color_coverage_test::lch_parser_non_whitespace_after_lightness
        PASS [   0.014s] (2292/4367) stylex_css_parser css_types::color::color_coverage_test::lch_parser_no_alpha_rewinds_correctly
        PASS [   0.012s] (2293/4367) stylex_css_parser css_types::color::color_coverage_test::lch_parser_rejects_empty
        PASS [   0.012s] (2294/4367) stylex_css_parser css_types::color::color_coverage_test::lch_parser_rejects_invalid_chroma_token
        PASS [   0.013s] (2295/4367) stylex_css_parser css_types::color::color_coverage_test::lch_parser_rejects_invalid_hue_unit
        PASS [   0.012s] (2296/4367) stylex_css_parser css_types::color::color_coverage_test::lch_parser_rejects_invalid_lightness_token
        PASS [   0.011s] (2297/4367) stylex_css_parser css_types::color::color_coverage_test::lch_parser_rejects_non_whitespace_after_c
        PASS [   0.012s] (2298/4367) stylex_css_parser css_types::color::color_coverage_test::lch_parser_rejects_non_function_token
        PASS [   0.011s] (2299/4367) stylex_css_parser css_types::color::color_coverage_test::lch_parser_rejects_wrong_close_paren
        PASS [   0.011s] (2300/4367) stylex_css_parser css_types::color::color_coverage_test::lch_parser_rejects_wrong_function
        PASS [   0.012s] (2301/4367) stylex_css_parser css_types::color::color_coverage_test::lch_parser_rejects_non_whitespace_after_l
        PASS [   0.020s] (2302/4367) stylex_css_parser css_types::color::color_coverage_test::lch_parser_rejects_invalid_hue_token
        PASS [   0.012s] (2303/4367) stylex_css_parser css_types::color::color_coverage_test::lch_parser_with_alpha_and_whitespace
        PASS [   0.012s] (2304/4367) stylex_css_parser css_types::color::color_coverage_test::lch_parser_whitespace_after_hue_no_slash
        PASS [   0.011s] (2305/4367) stylex_css_parser css_types::color::color_coverage_test::named_color_display_format
        PASS [   0.012s] (2306/4367) stylex_css_parser css_types::color::color_coverage_test::named_color_extract_ident_value_happy_path
        PASS [   0.014s] (2307/4367) stylex_css_parser css_types::color::color_coverage_test::lch_parser_wrong_close_token
        PASS [   0.012s] (2308/4367) stylex_css_parser css_types::color::color_coverage_test::named_color_extract_ident_value_panics_for_non_ident_token
        PASS [   0.012s] (2309/4367) stylex_css_parser css_types::color::color_coverage_test::named_color_parse_via_color_parser_more_names
        PASS [   0.012s] (2310/4367) stylex_css_parser css_types::color::color_coverage_test::named_color_is_valid_named_color_exhaustive_sample
        PASS [   0.012s] (2311/4367) stylex_css_parser css_types::color::color_coverage_test::oklab_alpha_whitespace_before_slash
        PASS [   0.014s] (2312/4367) stylex_css_parser css_types::color::color_coverage_test::oklab_display_with_alpha
        PASS [   0.011s] (2313/4367) stylex_css_parser css_types::color::color_coverage_test::oklab_invalid_alpha_after_slash
        PASS [   0.012s] (2314/4367) stylex_css_parser css_types::color::color_coverage_test::oklab_display_without_alpha
        PASS [   0.013s] (2315/4367) stylex_css_parser css_types::color::color_coverage_test::oklab_parse_oklab_lab_value_eof_returns_error
        PASS [   0.013s] (2316/4367) stylex_css_parser css_types::color::color_coverage_test::oklab_parse_oklab_lab_value_invalid_type
        PASS [   0.013s] (2317/4367) stylex_css_parser css_types::color::color_coverage_test::oklab_parse_optional_alpha_invalid_alpha_after_slash
        PASS [   0.013s] (2318/4367) stylex_css_parser css_types::color::color_coverage_test::oklab_parse_optional_alpha_no_whitespace_after_slash
        PASS [   0.011s] (2319/4367) stylex_css_parser css_types::color::color_coverage_test::oklab_parser_non_whitespace_between_a_b
        PASS [   0.012s] (2320/4367) stylex_css_parser css_types::color::color_coverage_test::oklab_parse_optional_alpha_no_whitespace_before_slash
        PASS [   0.012s] (2321/4367) stylex_css_parser css_types::color::color_coverage_test::oklab_parser_non_whitespace_between_l_a
        PASS [   0.011s] (2322/4367) stylex_css_parser css_types::color::color_coverage_test::oklab_parser_rejects_empty
        PASS [   0.012s] (2323/4367) stylex_css_parser css_types::color::color_coverage_test::oklab_parser_none_values
        PASS [   0.012s] (2324/4367) stylex_css_parser css_types::color::color_coverage_test::oklab_parser_rejects_invalid_a_value
        PASS [   0.012s] (2325/4367) stylex_css_parser css_types::color::color_coverage_test::oklab_parser_rejects_invalid_b_value
        PASS [   0.012s] (2326/4367) stylex_css_parser css_types::color::color_coverage_test::oklab_parser_rejects_invalid_l_value
        PASS [   0.011s] (2327/4367) stylex_css_parser css_types::color::color_coverage_test::oklab_parser_rejects_wrong_close_paren
        PASS [   0.014s] (2328/4367) stylex_css_parser css_types::color::color_coverage_test::oklab_parser_rejects_non_whitespace_after_l
        PASS [   0.013s] (2329/4367) stylex_css_parser css_types::color::color_coverage_test::oklab_parser_rejects_wrong_function
        PASS [   0.015s] (2330/4367) stylex_css_parser css_types::color::color_coverage_test::oklab_parser_rejects_non_whitespace_after_a
        PASS [   0.012s] (2331/4367) stylex_css_parser css_types::color::color_coverage_test::oklch_alpha_whitespace_before_slash
        PASS [   0.014s] (2332/4367) stylex_css_parser css_types::color::color_coverage_test::oklab_parser_wrong_close_token_explicit
        PASS [   0.012s] (2333/4367) stylex_css_parser css_types::color::color_coverage_test::oklch_display_with_alpha
        PASS [   0.015s] (2334/4367) stylex_css_parser css_types::color::color_coverage_test::oklch_display_without_alpha
        PASS [   0.011s] (2335/4367) stylex_css_parser css_types::color::color_coverage_test::oklch_hue_angle_turn
        PASS [   0.010s] (2336/4367) stylex_css_parser css_types::color::color_coverage_test::oklch_parse_oklch_hue_eof_returns_error
        PASS [   0.011s] (2337/4367) stylex_css_parser css_types::color::color_coverage_test::oklch_parse_oklch_lc_value_eof_returns_error
        PASS [   0.012s] (2338/4367) stylex_css_parser css_types::color::color_coverage_test::oklch_parse_oklch_hue_invalid_unit
        PASS [   0.011s] (2339/4367) stylex_css_parser css_types::color::color_coverage_test::oklch_parse_oklch_lc_value_invalid_type
        PASS [   0.011s] (2340/4367) stylex_css_parser css_types::color::color_coverage_test::oklch_parse_optional_alpha_invalid_alpha_after_slash
        PASS [   0.016s] (2341/4367) stylex_css_parser css_types::color::color_coverage_test::oklch_invalid_alpha_after_slash
        PASS [   0.015s] (2342/4367) stylex_css_parser css_types::color::color_coverage_test::oklch_parse_oklch_hue_invalid_type
        PASS [   0.015s] (2343/4367) stylex_css_parser css_types::color::color_coverage_test::oklch_parse_optional_alpha_no_whitespace_after_slash
        PASS [   0.013s] (2344/4367) stylex_css_parser css_types::color::color_coverage_test::oklch_parse_optional_alpha_no_whitespace_before_slash
        PASS [   0.011s] (2345/4367) stylex_css_parser css_types::color::color_coverage_test::oklch_parser_non_whitespace_between_l_c
        PASS [   0.012s] (2346/4367) stylex_css_parser css_types::color::color_coverage_test::oklch_parser_non_whitespace_between_c_h
        PASS [   0.012s] (2347/4367) stylex_css_parser css_types::color::color_coverage_test::oklch_parser_rejects_empty
        PASS [   0.011s] (2348/4367) stylex_css_parser css_types::color::color_coverage_test::oklch_parser_rejects_invalid_chroma
        PASS [   0.012s] (2349/4367) stylex_css_parser css_types::color::color_coverage_test::oklch_parser_rejects_invalid_hue_unit
        PASS [   0.013s] (2350/4367) stylex_css_parser css_types::color::color_coverage_test::oklch_parser_none_hue
        PASS [   0.014s] (2351/4367) stylex_css_parser css_types::color::color_coverage_test::oklch_parser_rejects_invalid_hue_token
        PASS [   0.014s] (2352/4367) stylex_css_parser css_types::color::color_coverage_test::oklch_parser_rejects_invalid_lightness
        PASS [   0.011s] (2353/4367) stylex_css_parser css_types::color::color_coverage_test::oklch_parser_rejects_wrong_close_paren
        PASS [   0.011s] (2354/4367) stylex_css_parser css_types::color::color_coverage_test::oklch_parser_rejects_non_whitespace_after_l
        PASS [   0.011s] (2355/4367) stylex_css_parser css_types::color::color_coverage_test::oklch_parser_rejects_non_whitespace_after_c
        PASS [   0.016s] (2356/4367) stylex_css_parser css_types::color::color_coverage_test::oklch_parser_rejects_wrong_function
        PASS [   0.012s] (2357/4367) stylex_css_parser css_types::color::color_coverage_test::oklch_parser_wrong_close_token_explicit
        PASS [   0.013s] (2358/4367) stylex_css_parser css_types::color::color_coverage_test::oklch_parser_with_alpha
        PASS [   0.012s] (2359/4367) stylex_css_parser css_types::color::color_coverage_test::parse_optional_slash_alpha_reads_an_alpha_after_whitespace_and_a_slash
        PASS [   0.012s] (2360/4367) stylex_css_parser css_types::color::color_coverage_test::parse_optional_slash_alpha_rewinds_when_there_is_no_slash
        PASS [   0.014s] (2361/4367) stylex_css_parser css_types::color::color_coverage_test::parse_rgb_channel_token_eof_returns_error
        PASS [   0.011s] (2362/4367) stylex_css_parser css_types::color::color_coverage_test::parse_rgb_channel_token_non_number_returns_error
        PASS [   0.012s] (2363/4367) stylex_css_parser css_types::color::color_coverage_test::rgb_comma_parser_eof_before_first_comma
        PASS [   0.012s] (2364/4367) stylex_css_parser css_types::color::color_coverage_test::rgb_comma_parser_parses_max_values
        PASS [   0.012s] (2365/4367) stylex_css_parser css_types::color::color_coverage_test::rgb_comma_parser_eof_before_close_paren
        PASS [   0.011s] (2366/4367) stylex_css_parser css_types::color::color_coverage_test::rgb_comma_parser_rejects_missing_second_comma
        PASS [   0.012s] (2367/4367) stylex_css_parser css_types::color::color_coverage_test::rgb_comma_parser_parses_zero_values
        PASS [   0.013s] (2368/4367) stylex_css_parser css_types::color::color_coverage_test::rgb_comma_parser_rejects_non_function_token
        PASS [   0.013s] (2369/4367) stylex_css_parser css_types::color::color_coverage_test::rgb_comma_parser_rejects_non_number_channel
        PASS [   0.015s] (2370/4367) stylex_css_parser css_types::color::color_coverage_test::rgb_comma_parser_rejects_non_comma_separator
        PASS [   0.010s] (2371/4367) stylex_css_parser css_types::color::color_coverage_test::rgb_comma_parser_rejects_wrong_function_name
        PASS [   0.012s] (2372/4367) stylex_css_parser css_types::color::color_coverage_test::rgb_comma_parser_rejects_out_of_range_b
        PASS [   0.011s] (2373/4367) stylex_css_parser css_types::color::color_coverage_test::rgb_comma_parser_rejects_out_of_range_r
        PASS [   0.012s] (2374/4367) stylex_css_parser css_types::color::color_coverage_test::rgb_comma_parser_rejects_out_of_range_g
        PASS [   0.012s] (2375/4367) stylex_css_parser css_types::color::color_coverage_test::rgb_comma_parser_whitespace_before_comma
        PASS [   0.012s] (2376/4367) stylex_css_parser css_types::color::color_coverage_test::rgb_consume_comma_with_optional_whitespace_non_comma_returns_error
        PASS [   0.015s] (2377/4367) stylex_css_parser css_types::color::color_coverage_test::rgb_consume_comma_with_optional_whitespace_eof_returns_error
        PASS [   0.014s] (2378/4367) stylex_css_parser css_types::color::color_coverage_test::rgb_comma_parser_wrong_close_token
        PASS [   0.011s] (2379/4367) stylex_css_parser css_types::color::color_coverage_test::rgb_parser_rejects_empty
        PASS [   0.012s] (2380/4367) stylex_css_parser css_types::color::color_coverage_test::rgb_display_format
        PASS [   0.011s] (2381/4367) stylex_css_parser css_types::color::color_coverage_test::rgb_number_parser_via_advanced_rejects_negative
        PASS [   0.011s] (2382/4367) stylex_css_parser css_types::color::color_coverage_test::rgb_space_parser_eof_before_whitespace_after_r
        PASS [   0.012s] (2383/4367) stylex_css_parser css_types::color::color_coverage_test::rgb_space_parser_eof_before_close_paren
        PASS [   0.013s] (2384/4367) stylex_css_parser css_types::color::color_coverage_test::rgb_space_parser_eof_before_whitespace_after_g
        PASS [   0.013s] (2385/4367) stylex_css_parser css_types::color::color_coverage_test::rgb_space_parser_parses_valid
        PASS [   0.013s] (2386/4367) stylex_css_parser css_types::color::color_coverage_test::rgb_space_parser_rejects_non_whitespace_separator
        PASS [   0.012s] (2387/4367) stylex_css_parser css_types::color::color_coverage_test::rgb_space_parser_rejects_wrong_token_as_close_paren
        PASS [   0.013s] (2388/4367) stylex_css_parser css_types::color::color_coverage_test::rgb_space_parser_rejects_out_of_range_b
        PASS [   0.012s] (2389/4367) stylex_css_parser css_types::color::color_coverage_test::rgb_space_parser_rejects_wrong_function_name
        PASS [   0.013s] (2390/4367) stylex_css_parser css_types::color::color_coverage_test::rgb_space_parser_rejects_out_of_range_g
        PASS [   0.014s] (2391/4367) stylex_css_parser css_types::color::color_coverage_test::rgb_space_parser_rejects_non_whitespace_after_g
        PASS [   0.012s] (2392/4367) stylex_css_parser css_types::color::color_coverage_test::rgb_space_parser_wrong_close_token_explicit
        PASS [   0.012s] (2393/4367) stylex_css_parser css_types::color::color_coverage_test::rgb_with_a_slash_refuses_a_non_numeric_alpha
        PASS [   0.016s] (2394/4367) stylex_css_parser css_types::color::color_coverage_test::rgb_with_a_slash_accepts_a_percentage_alpha
        PASS [   0.013s] (2395/4367) stylex_css_parser css_types::color::color_coverage_test::rgba_alpha_one
        PASS [   0.012s] (2396/4367) stylex_css_parser css_types::color::color_coverage_test::rgba_comma_parser_eof_before_close_paren
        PASS [   0.012s] (2397/4367) stylex_css_parser css_types::color::color_coverage_test::rgba_comma_parser_carries_an_out_of_range_alpha_percentage
        PASS [   0.012s] (2398/4367) stylex_css_parser css_types::color::color_coverage_test::rgba_comma_parser_carries_an_out_of_range_alpha
        PASS [   0.013s] (2399/4367) stylex_css_parser css_types::color::color_coverage_test::rgba_alpha_percentage_in_range_parses
        PASS [   0.012s] (2400/4367) stylex_css_parser css_types::color::color_coverage_test::rgba_comma_parser_rejects_missing_comma_before_alpha
        PASS [   0.012s] (2401/4367) stylex_css_parser css_types::color::color_coverage_test::rgba_comma_parser_rejects_invalid_alpha_token
        PASS [   0.014s] (2402/4367) stylex_css_parser css_types::color::color_coverage_test::rgba_alpha_zero
        PASS [   0.015s] (2403/4367) stylex_css_parser css_types::color::color_coverage_test::rgba_comma_parser_rejects_non_comma_separator
        PASS [   0.012s] (2404/4367) stylex_css_parser css_types::color::color_coverage_test::rgba_comma_parser_rejects_non_function_token
        PASS [   0.018s] (2405/4367) stylex_css_parser css_types::color::color_coverage_test::rgba_comma_parser_rejects_non_number_channel
        PASS [   0.012s] (2406/4367) stylex_css_parser css_types::color::color_coverage_test::rgba_comma_parser_rejects_out_of_range_g
        PASS [   0.012s] (2407/4367) stylex_css_parser css_types::color::color_coverage_test::rgba_comma_parser_rejects_wrong_function_name
        PASS [   0.013s] (2408/4367) stylex_css_parser css_types::color::color_coverage_test::rgba_comma_parser_rejects_out_of_range_rgb
        PASS [   0.013s] (2409/4367) stylex_css_parser css_types::color::color_coverage_test::rgba_comma_parser_whitespace_before_comma
        PASS [   0.011s] (2410/4367) stylex_css_parser css_types::color::color_coverage_test::rgba_comma_parser_with_trailing_whitespace_before_close
        PASS [   0.013s] (2411/4367) stylex_css_parser css_types::color::color_coverage_test::rgba_comma_parser_rejects_out_of_range_b
        PASS [   0.013s] (2412/4367) stylex_css_parser css_types::color::color_coverage_test::rgba_comma_parser_with_leading_whitespace
        PASS [   0.014s] (2413/4367) stylex_css_parser css_types::color::color_coverage_test::rgba_comma_parser_wrong_close_token
        PASS [   0.016s] (2414/4367) stylex_css_parser css_types::color::color_coverage_test::rgba_consume_comma_with_optional_whitespace_eof_returns_error
        PASS [   0.012s] (2415/4367) stylex_css_parser css_types::color::color_coverage_test::rgba_consume_comma_with_optional_whitespace_non_comma_returns_error
        PASS [   0.012s] (2416/4367) stylex_css_parser css_types::color::color_coverage_test::rgba_space_slash_parser_carries_an_out_of_range_alpha
        PASS [   0.012s] (2417/4367) stylex_css_parser css_types::color::color_coverage_test::rgba_display_format
        PASS [   0.013s] (2418/4367) stylex_css_parser css_types::color::color_coverage_test::rgba_parser_rejects_empty
        PASS [   0.012s] (2419/4367) stylex_css_parser css_types::color::color_coverage_test::rgba_space_slash_parser_eof_before_slash
        PASS [   0.012s] (2420/4367) stylex_css_parser css_types::color::color_coverage_test::rgba_space_slash_parser_eof_before_whitespace_after_g
        PASS [   0.012s] (2421/4367) stylex_css_parser css_types::color::color_coverage_test::rgba_space_slash_parser_eof_before_close_paren
        PASS [   0.014s] (2422/4367) stylex_css_parser css_types::color::color_coverage_test::rgba_space_slash_parser_eof_before_whitespace_after_r
        PASS [   0.012s] (2423/4367) stylex_css_parser css_types::color::color_coverage_test::rgba_space_slash_parser_no_whitespace_after_slash
        PASS [   0.012s] (2424/4367) stylex_css_parser css_types::color::color_coverage_test::rgba_space_slash_parser_no_whitespace_before_slash
        PASS [   0.013s] (2425/4367) stylex_css_parser css_types::color::color_coverage_test::rgba_space_slash_parser_out_of_range_b
        PASS [   0.012s] (2426/4367) stylex_css_parser css_types::color::color_coverage_test::rgba_space_slash_parser_rejects_non_whitespace_after_g
        PASS [   0.012s] (2427/4367) stylex_css_parser css_types::color::color_coverage_test::rgba_space_slash_parser_rejects_non_whitespace_after_r
        PASS [   0.012s] (2428/4367) stylex_css_parser css_types::color::color_coverage_test::rgba_space_slash_parser_rejects_wrong_close_paren
        PASS [   0.012s] (2429/4367) stylex_css_parser css_types::color::color_coverage_test::rgba_space_slash_parser_rejects_wrong_function_name
        PASS [   0.014s] (2430/4367) stylex_css_parser css_types::color::color_coverage_test::rgba_space_slash_parser_out_of_range_g
        PASS [   0.018s] (2431/4367) stylex_css_parser css_types::color::color_coverage_test::rgba_space_slash_parser_rejects_non_slash
        PASS [   0.012s] (2432/4367) stylex_css_parser css_types::color::color_test::test_css_type_color::case_insensitive_parsing
        PASS [   0.016s] (2433/4367) stylex_css_parser css_types::color::color_coverage_test::rgba_space_slash_whitespace_around_slash
        PASS [   0.012s] (2434/4367) stylex_css_parser css_types::color::color_test::test_css_type_color::comprehensive_color_parsing
        PASS [   0.011s] (2435/4367) stylex_css_parser css_types::color::color_test::test_css_type_color::parses_hash_colors
        PASS [   0.011s] (2436/4367) stylex_css_parser css_types::color::color_test::test_css_type_color::parses_hsl_colors
        PASS [   0.011s] (2437/4367) stylex_css_parser css_types::color::color_test::test_css_type_color::parses_hsl_space_syntax
        PASS [   0.012s] (2438/4367) stylex_css_parser css_types::color::color_test::test_css_type_color::oklch_hue_number_interpretation
        PASS [   0.014s] (2439/4367) stylex_css_parser css_types::color::color_test::test_css_type_color::edge_cases
        PASS [   0.014s] (2440/4367) stylex_css_parser css_types::color::color_test::test_css_type_color::parses_hsla_colors
        PASS [   0.012s] (2441/4367) stylex_css_parser css_types::color::color_test::test_css_type_color::parses_hsla_space_slash_syntax
        PASS [   0.014s] (2442/4367) stylex_css_parser css_types::color::color_test::test_css_type_color::parses_hsla_comma_syntax
        PASS [   0.014s] (2443/4367) stylex_css_parser css_types::color::color_test::test_css_type_color::parses_lch_colors
        PASS [   0.014s] (2444/4367) stylex_css_parser css_types::color::color_test::test_css_type_color::parses_lch_numeric_values
        PASS [   0.010s] (2445/4367) stylex_css_parser css_types::color::color_test::test_css_type_color::parses_modern_color_spaces_with_none_values
        PASS [   0.012s] (2446/4367) stylex_css_parser css_types::color::color_test::test_css_type_color::parses_lch_with_alpha
        PASS [   0.012s] (2447/4367) stylex_css_parser css_types::color::color_test::test_css_type_color::parses_modern_color_spaces_with_alpha
        PASS [   0.012s] (2448/4367) stylex_css_parser css_types::color::color_test::test_css_type_color::parses_lch_with_angle_hue
        PASS [   0.015s] (2449/4367) stylex_css_parser css_types::color::color_test::test_css_type_color::parses_named_colors
        PASS [   0.014s] (2450/4367) stylex_css_parser css_types::color::color_test::test_css_type_color::parses_oklab_colors
        PASS [   0.012s] (2451/4367) stylex_css_parser css_types::color::color_test::test_css_type_color::parses_oklab_with_alpha
        PASS [   0.013s] (2452/4367) stylex_css_parser css_types::color::color_test::test_css_type_color::parses_oklab_numeric_values
        PASS [   0.012s] (2453/4367) stylex_css_parser css_types::color::color_test::test_css_type_color::parses_oklch_colors
        PASS [   0.011s] (2454/4367) stylex_css_parser css_types::color::color_test::test_css_type_color::parses_rgb_colors
        PASS [   0.014s] (2455/4367) stylex_css_parser css_types::color::color_test::test_css_type_color::parses_oklch_deg_hue
        PASS [   0.012s] (2456/4367) stylex_css_parser css_types::color::color_test::test_css_type_color::parses_oklch_numeric_hue
        PASS [   0.012s] (2457/4367) stylex_css_parser css_types::color::color_test::test_css_type_color::parses_rgba_colors
        PASS [   0.013s] (2458/4367) stylex_css_parser css_types::color::color_test::test_css_type_color::parses_oklch_with_alpha
        PASS [   0.012s] (2459/4367) stylex_css_parser css_types::color::color_test::test_css_type_color::parses_rgba_comma_syntax
        PASS [   0.011s] (2460/4367) stylex_css_parser css_types::color::color_test::test_css_type_color::parses_rgba_space_slash_syntax
        PASS [   0.012s] (2461/4367) stylex_css_parser css_types::color::color_test::test_css_type_color::parses_space_separated_rgb_additional
        PASS [   0.013s] (2462/4367) stylex_css_parser css_types::color::color_test::test_css_type_color::parses_space_separated_rgb_values
        PASS [   0.012s] (2463/4367) stylex_css_parser css_types::color::color_test::test_css_type_color::parses_space_separated_rgba_values
        PASS [   0.012s] (2464/4367) stylex_css_parser css_types::color::color_test::the_optional_alpha_rewind::a_space_before_the_closing_paren_is_refused_after_a_rewind
        PASS [   0.013s] (2465/4367) stylex_css_parser css_types::color::color_test::test_css_type_color::rejects_invalid_colors
        PASS [   0.013s] (2466/4367) stylex_css_parser css_types::color::color_test::test_css_type_color::whitespace_handling
        PASS [   0.014s] (2467/4367) stylex_css_parser css_types::color::color_test::the_optional_alpha_rewind::the_reference_compilers_own_percentage_lightness_case
        PASS [   0.014s] (2468/4367) stylex_css_parser css_types::color::color_test::the_optional_alpha_rewind::the_same_space_is_accepted_when_an_alpha_follows_it
        PASS [   0.013s] (2469/4367) stylex_css_parser css_types::color::tests::test_color_enum_display
        PASS [   0.012s] (2470/4367) stylex_css_parser css_types::color::tests::test_color_parsers_creation
        PASS [   0.012s] (2471/4367) stylex_css_parser css_types::color::tests::test_hex_color_display
        PASS [   0.010s] (2472/4367) stylex_css_parser css_types::color::tests::test_hex_color_validation
        PASS [   0.012s] (2473/4367) stylex_css_parser css_types::color::tests::test_hex_color_rgb_extraction
        PASS [   0.012s] (2474/4367) stylex_css_parser css_types::color::tests::test_hsl_color_display
        PASS [   0.012s] (2475/4367) stylex_css_parser css_types::color::tests::test_lch_color_display
        PASS [   0.011s] (2476/4367) stylex_css_parser css_types::color::tests::test_named_color_validation
        PASS [   0.013s] (2477/4367) stylex_css_parser css_types::color::tests::test_hsla_color_display
        PASS [   0.012s] (2478/4367) stylex_css_parser css_types::color::tests::test_named_color_display
        PASS [   0.012s] (2479/4367) stylex_css_parser css_types::color::tests::test_oklch_color_display
        PASS [   0.014s] (2480/4367) stylex_css_parser css_types::color::tests::test_oklab_color_display
        PASS [   0.014s] (2481/4367) stylex_css_parser css_types::color::tests::test_rgba_color_display
        PASS [   0.015s] (2482/4367) stylex_css_parser css_types::color::tests::test_rgb_color_display
        PASS [   0.015s] (2483/4367) stylex_css_parser css_types::color_double_precision_test::a_channel_is_spelled_the_way_javascript_spells_it::at_the_edges_of_the_double_range
        PASS [   0.011s] (2484/4367) stylex_css_parser css_types::color_double_precision_test::a_channel_is_spelled_the_way_javascript_spells_it::on_a_bare_number_hue
        PASS [   0.012s] (2485/4367) stylex_css_parser css_types::color_double_precision_test::a_channel_is_spelled_the_way_javascript_spells_it::but_an_integer_channel_is_unchanged
        PASS [   0.012s] (2486/4367) stylex_css_parser css_types::color_double_precision_test::a_channel_is_spelled_the_way_javascript_spells_it::past_the_upper_threshold
        PASS [   0.013s] (2487/4367) stylex_css_parser css_types::color_double_precision_test::a_channel_is_spelled_the_way_javascript_spells_it::past_the_lower_threshold
        PASS [   0.013s] (2488/4367) stylex_css_parser css_types::color_double_precision_test::a_channel_is_spelled_the_way_javascript_spells_it::on_an_optional_alpha_of_every_modern_space
        PASS [   0.012s] (2489/4367) stylex_css_parser css_types::color_double_precision_test::a_channel_is_spelled_the_way_javascript_spells_it::without_moving_what_is_refused_or_tolerated
        PASS [   0.012s] (2490/4367) stylex_css_parser css_types::color_double_precision_test::a_hex_alpha_is_an_exact_quotient::a_hex_colour_is_echoed_as_authored
        PASS [   0.012s] (2491/4367) stylex_css_parser css_types::color_double_precision_test::a_hex_alpha_is_an_exact_quotient::the_alpha_accessor_returns_the_byte_over_two_hundred_and_fifty_five
        PASS [   0.012s] (2492/4367) stylex_css_parser css_types::color_double_precision_test::a_modern_colour_space_keeps_its_digits::a_missing_channel_reads_as_zero
        PASS [   0.013s] (2493/4367) stylex_css_parser css_types::color_double_precision_test::a_modern_colour_space_keeps_its_digits::a_bare_oklch_hue_is_read_as_degrees
        PASS [   0.014s] (2494/4367) stylex_css_parser css_types::color_double_precision_test::a_modern_colour_space_keeps_its_digits::a_bare_lch_hue_keeps_its_digits
        PASS [   0.014s] (2495/4367) stylex_css_parser css_types::color_double_precision_test::a_modern_colour_space_keeps_its_digits::a_modern_hue_in_any_unit_keeps_its_digits
        PASS [   0.011s] (2496/4367) stylex_css_parser css_types::color_double_precision_test::a_modern_colour_space_keeps_its_digits::channels_computed_by_the_caller_keep_the_error_javascript_keeps
        PASS [   0.013s] (2497/4367) stylex_css_parser css_types::color_double_precision_test::a_modern_colour_space_keeps_its_digits::an_oklch_without_an_alpha_keeps_its_channels
        PASS [   0.014s] (2498/4367) stylex_css_parser css_types::color_double_precision_test::a_modern_colour_space_keeps_its_digits::an_uppercase_modern_function_name_takes_the_same_path
        PASS [   0.012s] (2499/4367) stylex_css_parser css_types::color_double_precision_test::a_modern_colour_space_keeps_its_digits::every_oklab_channel_survives_to_the_printed_colour
        PASS [   0.015s] (2500/4367) stylex_css_parser css_types::color_double_precision_test::a_modern_colour_space_keeps_its_digits::every_lch_channel_survives_to_the_printed_colour
        PASS [   0.013s] (2501/4367) stylex_css_parser css_types::color_double_precision_test::an_hsl_channel_keeps_its_digits::a_hue_in_any_unit_keeps_its_digits
        PASS [   0.011s] (2502/4367) stylex_css_parser css_types::color_double_precision_test::an_hsl_channel_keeps_its_digits::channels_computed_by_the_caller_keep_the_error_javascript_keeps
        PASS [   0.014s] (2503/4367) stylex_css_parser css_types::color_double_precision_test::a_modern_colour_space_keeps_its_digits::every_oklch_channel_survives_to_the_printed_colour
        PASS [   0.013s] (2504/4367) stylex_css_parser css_types::color_double_precision_test::an_hsl_channel_keeps_its_digits::an_hsla_alpha_written_as_a_percentage_divides_at_double_precision
        PASS [   0.012s] (2505/4367) stylex_css_parser css_types::color_double_precision_test::an_hsl_channel_keeps_its_digits::every_hsl_channel_survives_to_the_printed_colour
        PASS [   0.012s] (2506/4367) stylex_css_parser css_types::color_double_precision_test::an_rgba_alpha_keeps_its_digits::a_comma_separated_alpha_survives_to_the_printed_colour
        PASS [   0.011s] (2507/4367) stylex_css_parser css_types::color_double_precision_test::an_rgba_alpha_keeps_its_digits::a_slash_separated_alpha_survives_to_the_printed_colour
        PASS [   0.014s] (2508/4367) stylex_css_parser css_types::color_double_precision_test::an_hsl_channel_keeps_its_digits::every_hsla_channel_survives_to_the_printed_colour
        PASS [   0.010s] (2509/4367) stylex_css_parser css_types::color_double_precision_test::an_rgba_alpha_keeps_its_digits::an_alpha_computed_by_the_caller_keeps_the_error_javascript_keeps
        PASS [   0.013s] (2510/4367) stylex_css_parser css_types::color_double_precision_test::an_rgba_alpha_keeps_its_digits::an_alpha_written_as_a_percentage_divides_at_double_precision
        PASS [   0.012s] (2511/4367) stylex_css_parser css_types::color_double_precision_test::boundaries_and_refusals::a_deeply_nested_colour_function_terminates
        PASS [   0.013s] (2512/4367) stylex_css_parser css_types::color_double_precision_test::an_rgba_alpha_keeps_its_digits::ordinary_alphas_are_not_rounded
        PASS [   0.013s] (2513/4367) stylex_css_parser css_types::color_double_precision_test::boundaries_and_refusals::a_channel_outside_its_range_is_refused
        PASS [   0.014s] (2514/4367) stylex_css_parser css_types::color_double_precision_test::an_rgba_alpha_keeps_its_digits::an_uppercase_function_name_takes_the_same_path
        PASS [   0.012s] (2515/4367) stylex_css_parser css_types::color_double_precision_test::boundaries_and_refusals::a_subnormal_alpha_is_not_flushed_to_zero
        PASS [   0.014s] (2516/4367) stylex_css_parser css_types::color_double_precision_test::boundaries_and_refusals::a_fractional_rgb_channel_is_not_truncated
        PASS [   0.011s] (2517/4367) stylex_css_parser css_types::color_double_precision_test::boundaries_and_refusals::an_absurdly_long_channel_list_terminates
        PASS [   0.014s] (2518/4367) stylex_css_parser css_types::color_double_precision_test::boundaries_and_refusals::an_absurdly_long_alpha_mantissa_rounds_to_the_nearest_double
        PASS [   0.014s] (2519/4367) stylex_css_parser css_types::color_double_precision_test::boundaries_and_refusals::a_very_small_alpha_keeps_its_value
        PASS [   0.011s] (2520/4367) stylex_css_parser css_types::color_double_precision_test::boundaries_and_refusals::an_escaped_function_name_still_names_a_colour
        PASS [   0.014s] (2521/4367) stylex_css_parser css_types::color_double_precision_test::boundaries_and_refusals::an_alpha_outside_its_range_is_carried_through
        PASS [   0.013s] (2522/4367) stylex_css_parser css_types::color_double_precision_test::boundaries_and_refusals::an_unclosed_function_with_every_channel_is_tolerated
        PASS [   0.013s] (2523/4367) stylex_css_parser css_types::color_double_precision_test::boundaries_and_refusals::the_ends_of_the_alpha_range_are_accepted
        PASS [   0.010s] (2524/4367) stylex_css_parser css_types::color_double_precision_test::modern_space_boundaries_and_refusals::a_nan_alpha_prints_no_tail
        PASS [   0.012s] (2525/4367) stylex_css_parser css_types::color_double_precision_test::modern_space_boundaries_and_refusals::a_channel_at_the_edge_of_the_double_range_is_finite
        PASS [   0.015s] (2526/4367) stylex_css_parser css_types::color_double_precision_test::boundaries_and_refusals::malformed_colour_input_is_refused
        PASS [   0.014s] (2527/4367) stylex_css_parser css_types::color_double_precision_test::boundaries_and_refusals::unicode_inside_a_colour_function_is_refused
        PASS [   0.011s] (2528/4367) stylex_css_parser css_types::color_double_precision_test::modern_space_boundaries_and_refusals::a_deeply_nested_modern_colour_function_terminates
        PASS [   0.012s] (2529/4367) stylex_css_parser css_types::color_double_precision_test::modern_space_boundaries_and_refusals::a_modern_alpha_outside_its_range_is_carried_through
        PASS [   0.013s] (2530/4367) stylex_css_parser css_types::color_double_precision_test::modern_space_boundaries_and_refusals::a_negative_zero_channel_drops_its_sign
        PASS [   0.012s] (2531/4367) stylex_css_parser css_types::color_double_precision_test::modern_space_boundaries_and_refusals::a_nonzero_alpha_keeps_its_tail
        PASS [   0.011s] (2532/4367) stylex_css_parser css_types::color_double_precision_test::modern_space_boundaries_and_refusals::a_zero_alpha_prints_no_tail
        PASS [   0.011s] (2533/4367) stylex_css_parser css_types::color_double_precision_test::modern_space_boundaries_and_refusals::a_subnormal_modern_alpha_is_not_flushed_to_zero
        PASS [   0.011s] (2534/4367) stylex_css_parser css_types::color_double_precision_test::modern_space_boundaries_and_refusals::an_absurdly_long_channel_mantissa_rounds_to_the_nearest_double
        PASS [   0.013s] (2535/4367) stylex_css_parser css_types::color_double_precision_test::modern_space_boundaries_and_refusals::an_unclosed_modern_function_with_every_channel_is_tolerated
        PASS [   0.013s] (2536/4367) stylex_css_parser css_types::color_double_precision_test::modern_space_boundaries_and_refusals::an_escaped_modern_function_name_still_names_a_colour
        PASS [   0.013s] (2537/4367) stylex_css_parser css_types::color_double_precision_test::modern_space_boundaries_and_refusals::malformed_modern_colour_input_is_refused
        PASS [   0.014s] (2538/4367) stylex_css_parser css_types::color_double_precision_test::modern_space_boundaries_and_refusals::unicode_inside_a_modern_colour_function_is_refused
        PASS [   0.016s] (2539/4367) stylex_css_parser css_types::color_double_precision_test::modern_space_boundaries_and_refusals::lab_is_not_a_space_this_parser_knows
        PASS [   0.012s] (2540/4367) stylex_css_parser css_types::common_types::common_types_coverage_test::css_variable_extract_ident_string_non_ident_returns_empty
        PASS [   0.011s] (2541/4367) stylex_css_parser css_types::common_types::common_types_coverage_test::extract_ident_unreachable_arm_panics
        PASS [   0.012s] (2542/4367) stylex_css_parser css_types::common_types::common_types_coverage_test::extract_ident_happy_path
        PASS [   0.013s] (2543/4367) stylex_css_parser css_types::common_types::common_types_coverage_test::css_variable_extract_ident_string_happy_path
        PASS [   0.013s] (2544/4367) stylex_css_parser css_types::common_types::common_types_coverage_test::ident_to_keyword_all_valid_values
        PASS [   0.012s] (2545/4367) stylex_css_parser css_types::common_types::common_types_coverage_test::ident_to_keyword_wildcard_arm_panics
        PASS [   0.012s] (2546/4367) stylex_css_parser css_types::common_types::common_types_coverage_test::initial_parser_accepts_initial
        PASS [   0.012s] (2547/4367) stylex_css_parser css_types::common_types::common_types_coverage_test::revert_parser_accepts_revert
        PASS [   0.016s] (2548/4367) stylex_css_parser css_types::common_types::common_types_coverage_test::initial_parser_rejects_inherit
        PASS [   0.013s] (2549/4367) stylex_css_parser css_types::common_types::common_types_coverage_test::revert_parser_rejects_unset
        PASS [   0.011s] (2550/4367) stylex_css_parser css_types::common_types::common_types_coverage_test::token_to_number_happy_path
        PASS [   0.011s] (2551/4367) stylex_css_parser css_types::common_types::common_types_coverage_test::token_to_percentage_unreachable_arm_panics
        PASS [   0.011s] (2552/4367) stylex_css_parser css_types::common_types::common_types_coverage_test::token_to_number_unreachable_arm_panics
        PASS [   0.011s] (2553/4367) stylex_css_parser css_types::common_types::common_types_coverage_test::token_to_percentage_happy_path
        PASS [   0.014s] (2554/4367) stylex_css_parser css_types::common_types::common_types_coverage_test::unset_parser_accepts_unset
        PASS [   0.012s] (2555/4367) stylex_css_parser css_types::common_types::tests::test_auto_parser
        PASS [   0.012s] (2556/4367) stylex_css_parser css_types::common_types::common_types_coverage_test::unset_parser_rejects_revert
        PASS [   0.012s] (2557/4367) stylex_css_parser css_types::common_types::tests::test_auto_parser_rejects_other
        PASS [   0.012s] (2558/4367) stylex_css_parser css_types::common_types::tests::test_css_variable_display
        PASS [   0.015s] (2559/4367) stylex_css_parser css_types::common_types::tests::test_auto_parser_succeeds
        PASS [   0.013s] (2560/4367) stylex_css_parser css_types::common_types::tests::test_css_wide_keyword_parse_initial
        PASS [   0.012s] (2561/4367) stylex_css_parser css_types::common_types::tests::test_css_wide_keyword_parse_inherit
        PASS [   0.014s] (2562/4367) stylex_css_parser css_types::common_types::tests::test_css_variable_parser
        PASS [   0.015s] (2563/4367) stylex_css_parser css_types::common_types::tests::test_css_wide_keyword_display
        PASS [   0.013s] (2564/4367) stylex_css_parser css_types::common_types::tests::test_css_wide_keyword_parse_invalid
        PASS [   0.011s] (2565/4367) stylex_css_parser css_types::common_types::tests::test_css_wide_keyword_parse_unset
        PASS [   0.012s] (2566/4367) stylex_css_parser css_types::common_types::tests::test_css_wide_keyword_parser
        PASS [   0.013s] (2567/4367) stylex_css_parser css_types::common_types::tests::test_css_wide_keyword_parse_revert
        PASS [   0.011s] (2568/4367) stylex_css_parser css_types::common_types::tests::test_inherit_parser
        PASS [   0.012s] (2569/4367) stylex_css_parser css_types::common_types::tests::test_number_display
        PASS [   0.012s] (2570/4367) stylex_css_parser css_types::common_types::tests::test_number_or_percentage_parser_number
        PASS [   0.012s] (2571/4367) stylex_css_parser css_types::common_types::tests::test_number_or_percentage_display
        PASS [   0.012s] (2572/4367) stylex_css_parser css_types::common_types::tests::test_number_or_percentage_parser_percentage
        PASS [   0.012s] (2573/4367) stylex_css_parser css_types::common_types::tests::test_number_parser
        PASS [   0.011s] (2574/4367) stylex_css_parser css_types::common_types::tests::test_percentage_parser
        PASS [   0.012s] (2575/4367) stylex_css_parser css_types::common_types::tests::test_percentage_display
        PASS [   0.013s] (2576/4367) stylex_css_parser css_types::common_types::tests::test_number_percentage_parsers
        PASS [   0.012s] (2577/4367) stylex_css_parser css_types::custom_ident::custom_ident_coverage_test::extract_ident_token_panics_for_non_ident
        PASS [   0.013s] (2578/4367) stylex_css_parser css_types::custom_ident::custom_ident_coverage_test::extract_ident_token_returns_value_for_ident
        PASS [   0.012s] (2579/4367) stylex_css_parser css_types::custom_ident::custom_ident_test::test_css_type_custom_ident::rejects_reserved_keywords
        PASS [   0.014s] (2580/4367) stylex_css_parser css_types::custom_ident::custom_ident_test::test_css_type_custom_ident::parses_valid_custom_identifiers
        PASS [   0.013s] (2581/4367) stylex_css_parser css_types::custom_ident::custom_ident_test::test_css_type_custom_ident::rejects_invalid_identifiers
        PASS [   0.012s] (2582/4367) stylex_css_parser css_types::custom_ident::tests::test_custom_identifier_common_cases
        PASS [   0.011s] (2583/4367) stylex_css_parser css_types::custom_ident::tests::test_custom_identifier_display
        PASS [   0.013s] (2584/4367) stylex_css_parser css_types::custom_ident::tests::test_custom_identifier_creation
        PASS [   0.012s] (2585/4367) stylex_css_parser css_types::custom_ident::tests::test_custom_identifier_equality
        PASS [   0.012s] (2586/4367) stylex_css_parser css_types::custom_ident::tests::test_reserved_keywords
        PASS [   0.014s] (2587/4367) stylex_css_parser css_types::custom_ident::tests::test_custom_identifier_parser_creation
        PASS [   0.011s] (2588/4367) stylex_css_parser css_types::custom_ident::tests::test_reserved_keywords_list
        PASS [   0.011s] (2589/4367) stylex_css_parser css_types::dashed_ident::dashed_ident_coverage_test::extract_ident_token_returns_value_for_ident
        PASS [   0.013s] (2590/4367) stylex_css_parser css_types::dashed_ident::dashed_ident_coverage_test::extract_ident_token_panics_for_non_ident
        PASS [   0.013s] (2591/4367) stylex_css_parser css_types::custom_ident::tests::test_valid_custom_ident
        PASS [   0.013s] (2592/4367) stylex_css_parser css_types::dashed_ident::dashed_ident_test::test_css_type_dashed_ident::parses_valid_dashed_identifiers
        PASS [   0.013s] (2593/4367) stylex_css_parser css_types::dashed_ident::dashed_ident_test::test_css_type_dashed_ident::rejects_invalid_dashed_identifiers
        PASS [   0.013s] (2594/4367) stylex_css_parser css_types::dashed_ident::tests::test_dashed_identifier_css_custom_properties
        PASS [   0.013s] (2595/4367) stylex_css_parser css_types::dashed_ident::tests::test_dashed_identifier_creation
        PASS [   0.012s] (2596/4367) stylex_css_parser css_types::dashed_ident::tests::test_dashed_identifier_display
        PASS [   0.011s] (2597/4367) stylex_css_parser css_types::dashed_ident::tests::test_dashed_identifier_equality
        PASS [   0.013s] (2598/4367) stylex_css_parser css_types::dashed_ident::tests::test_dashed_identifier_edge_cases
        PASS [   0.013s] (2599/4367) stylex_css_parser css_types::dashed_ident::tests::test_dashed_identifier_parser_creation
        PASS [   0.013s] (2600/4367) stylex_css_parser css_types::dashed_ident::tests::test_dashed_identifier_various_formats
        PASS [   0.014s] (2601/4367) stylex_css_parser css_types::dashed_ident::tests::test_valid_dashed_ident
        PASS [   0.015s] (2602/4367) stylex_css_parser css_types::dimension::dimension_coverage_test::extract_dimension_token_returns_none_for_non_dimension_token
        PASS [   0.013s] (2603/4367) stylex_css_parser css_types::dimension::dimension_test::test_css_type_dimension::dimension_display_formatting
        PASS [   0.014s] (2604/4367) stylex_css_parser css_types::dimension::dimension_coverage_test::extract_dimension_token_returns_some_for_valid_unit
        PASS [   0.012s] (2605/4367) stylex_css_parser css_types::dimension::dimension_test::test_css_type_dimension::parses_length_dimensions
        PASS [   0.013s] (2606/4367) stylex_css_parser css_types::dimension::dimension_test::test_css_type_dimension::parses_resolution_dimensions
        PASS [   0.018s] (2607/4367) stylex_css_parser css_types::dimension::dimension_coverage_test::extract_dimension_token_returns_none_for_unknown_unit
        PASS [   0.020s] (2608/4367) stylex_css_parser css_types::dimension::dimension_test::test_css_type_dimension::parses_frequency_dimensions
        PASS [   0.012s] (2609/4367) stylex_css_parser css_types::dimension::dimension_test::test_css_type_dimension::parses_time_dimensions
        PASS [   0.012s] (2610/4367) stylex_css_parser css_types::dimension::dimension_test::test_css_type_dimension::rejects_invalid_dimensions
        PASS [   0.011s] (2611/4367) stylex_css_parser css_types::dimension::tests::test_dimension_equality
        PASS [   0.010s] (2612/4367) stylex_css_parser css_types::dimension::tests::test_dimension_parser_creation
        PASS [   0.013s] (2613/4367) stylex_css_parser css_types::dimension::tests::test_dimension_display
        PASS [   0.011s] (2614/4367) stylex_css_parser css_types::dimension::tests::test_dimension_from_value_and_unit
        PASS [   0.013s] (2615/4367) stylex_css_parser css_types::dimension::tests::test_is_valid_dimension_unit
        PASS [   0.014s] (2616/4367) stylex_css_parser css_types::double_precision_test::authored_values_print_as_authored::every_dimension_keeps_seventeen_significant_digits
        PASS [   0.014s] (2617/4367) stylex_css_parser css_types::double_precision_test::authored_values_print_as_authored::negative_values_keep_their_digits
        PASS [   0.011s] (2618/4367) stylex_css_parser css_types::double_precision_test::boundaries_and_refusals::a_magnitude_past_the_double_range_is_infinite
        PASS [   0.013s] (2619/4367) stylex_css_parser css_types::double_precision_test::authored_values_print_as_authored::the_dimension_union_keeps_its_digits_whichever_arm_it_takes
        PASS [   0.012s] (2620/4367) stylex_css_parser css_types::double_precision_test::boundaries_and_refusals::a_negative_zero_loses_its_sign_the_way_javascript_drops_it
        PASS [   0.017s] (2621/4367) stylex_css_parser css_types::double_precision_test::boundaries_and_refusals::a_deeply_nested_unterminated_calc_terminates_with_its_operand
        PASS [   0.019s] (2622/4367) stylex_css_parser css_types::double_precision_test::authored_values_print_as_authored::ordinary_fractions_are_not_rounded
        PASS [   0.012s] (2623/4367) stylex_css_parser css_types::double_precision_test::boundaries_and_refusals::a_unitless_zero_is_a_length_but_a_unitless_one_is_not
        PASS [   0.016s] (2624/4367) stylex_css_parser css_types::double_precision_test::boundaries_and_refusals::a_unit_that_names_nothing_is_refused
        PASS [   0.017s] (2625/4367) stylex_css_parser css_types::double_precision_test::boundaries_and_refusals::a_negative_flex_fraction_is_refused
        PASS [   0.015s] (2626/4367) stylex_css_parser css_types::double_precision_test::boundaries_and_refusals::an_absurdly_long_mantissa_rounds_to_the_nearest_double
        PASS [   0.018s] (2627/4367) stylex_css_parser css_types::double_precision_test::boundaries_and_refusals::a_very_deeply_nested_calc_terminates
        PASS [   0.016s] (2628/4367) stylex_css_parser css_types::double_precision_test::boundaries_and_refusals::an_alpha_outside_its_range_is_carried_through_unchanged
        PASS [   0.012s] (2629/4367) stylex_css_parser css_types::double_precision_test::boundaries_and_refusals::values_at_the_edge_of_the_double_range_are_spelled_as_javascript_spells_them
        PASS [   0.011s] (2630/4367) stylex_css_parser css_types::double_precision_test::calc_keeps_the_digits_of_what_it_wraps::deeply_nested_calc_keeps_every_operand
        PASS [   0.018s] (2631/4367) stylex_css_parser css_types::double_precision_test::boundaries_and_refusals::an_escaped_unit_still_names_a_length
        PASS [   0.013s] (2632/4367) stylex_css_parser css_types::double_precision_test::calc_keeps_the_digits_of_what_it_wraps::a_calc_percentage_is_not_scaled
        PASS [   0.015s] (2633/4367) stylex_css_parser css_types::double_precision_test::calc_keeps_the_digits_of_what_it_wraps::a_calc_dimension_keeps_its_digits
        PASS [   0.019s] (2634/4367) stylex_css_parser css_types::double_precision_test::boundaries_and_refusals::malformed_numeric_input_is_refused
        PASS [   0.018s] (2635/4367) stylex_css_parser css_types::double_precision_test::calc_keeps_the_digits_of_what_it_wraps::a_calc_number_keeps_its_digits
        PASS [   0.017s] (2636/4367) stylex_css_parser css_types::double_precision_test::print_time_conversions_compute_at_double_precision::a_percentage_is_not_scaled_down_and_back_up
        PASS [   0.013s] (2637/4367) stylex_css_parser css_types::double_precision_test::print_time_conversions_compute_at_double_precision::an_alpha_written_as_a_percentage_is_the_fraction_of_it
        PASS [   0.017s] (2638/4367) stylex_css_parser css_types::double_precision_test::print_time_conversions_compute_at_double_precision::a_unit_that_is_not_converted_is_printed_as_authored
        PASS [   0.015s] (2639/4367) stylex_css_parser css_types::double_precision_test::print_time_conversions_compute_at_double_precision::milliseconds_become_seconds_at_double_precision
        PASS [   0.017s] (2640/4367) stylex_css_parser css_types::double_precision_test::print_time_conversions_compute_at_double_precision::hertz_becomes_kilohertz_at_double_precision
        PASS [   0.014s] (2641/4367) stylex_css_parser css_types::easing_function::easing_function_coverage_test::cubic_bezier_keyword_from_string_ease_in_out
        PASS [   0.016s] (2642/4367) stylex_css_parser css_types::easing_function::easing_function_coverage_test::cubic_bezier_keyword_from_string_ease
        PASS [   0.014s] (2643/4367) stylex_css_parser css_types::easing_function::easing_function_coverage_test::cubic_bezier_keyword_from_string_ease_out
        PASS [   0.015s] (2644/4367) stylex_css_parser css_types::easing_function::easing_function_coverage_test::cubic_bezier_keyword_from_string_ease_in
        PASS [   0.013s] (2645/4367) stylex_css_parser css_types::easing_function::easing_function_coverage_test::cubic_bezier_keyword_from_string_unknown_returns_error
        PASS [   0.013s] (2646/4367) stylex_css_parser css_types::easing_function::easing_function_coverage_test::cubic_bezier_parse_error_eof_at_start
        PASS [   0.014s] (2647/4367) stylex_css_parser css_types::easing_function::easing_function_coverage_test::cubic_bezier_parse_accepts_missing_closing_paren
        PASS [   0.014s] (2648/4367) stylex_css_parser css_types::easing_function::easing_function_coverage_test::cubic_bezier_parse_error_missing_comma
        PASS [   0.012s] (2649/4367) stylex_css_parser css_types::easing_function::easing_function_coverage_test::cubic_bezier_parse_error_too_few_args
        PASS [   0.015s] (2650/4367) stylex_css_parser css_types::easing_function::easing_function_coverage_test::cubic_bezier_parse_error_non_number_first_arg
        PASS [   0.013s] (2651/4367) stylex_css_parser css_types::easing_function::easing_function_coverage_test::cubic_bezier_parse_error_non_number_second_arg
        PASS [   0.014s] (2652/4367) stylex_css_parser css_types::easing_function::easing_function_coverage_test::cubic_bezier_parse_error_non_number_third_arg
        PASS [   0.012s] (2653/4367) stylex_css_parser css_types::easing_function::easing_function_coverage_test::cubic_bezier_parse_succeeds_with_whitespace
        PASS [   0.013s] (2654/4367) stylex_css_parser css_types::easing_function::easing_function_coverage_test::cubic_bezier_parse_error_wrong_function_token
        PASS [   0.018s] (2655/4367) stylex_css_parser css_types::easing_function::easing_function_coverage_test::cubic_bezier_parse_error_non_number_fourth_arg
        PASS [   0.013s] (2656/4367) stylex_css_parser css_types::easing_function::easing_function_coverage_test::cubic_bezier_parse_tokens_error_eof_first_arg
        PASS [   0.014s] (2657/4367) stylex_css_parser css_types::easing_function::easing_function_coverage_test::cubic_bezier_parse_tokens_error_eof_at_start
        PASS [   0.012s] (2658/4367) stylex_css_parser css_types::easing_function::easing_function_coverage_test::cubic_bezier_parse_tokens_error_eof_second_arg
        PASS [   0.012s] (2659/4367) stylex_css_parser css_types::easing_function::easing_function_coverage_test::cubic_bezier_parse_tokens_error_eof_where_comma_expected
        PASS [   0.014s] (2660/4367) stylex_css_parser css_types::easing_function::easing_function_coverage_test::cubic_bezier_parse_tokens_error_wrong_closing_token
        PASS [   0.015s] (2661/4367) stylex_css_parser css_types::easing_function::easing_function_coverage_test::cubic_bezier_parse_tokens_error_none_closing_paren
        PASS [   0.016s] (2662/4367) stylex_css_parser css_types::easing_function::easing_function_coverage_test::cubic_bezier_parse_tokens_error_non_number_second_arg
        PASS [   0.017s] (2663/4367) stylex_css_parser css_types::easing_function::easing_function_coverage_test::cubic_bezier_parse_tokens_error_wrong_comma_token
        PASS [   0.019s] (2664/4367) stylex_css_parser css_types::easing_function::easing_function_coverage_test::cubic_bezier_parse_tokens_error_non_number_first_arg
        PASS [   0.015s] (2665/4367) stylex_css_parser css_types::easing_function::easing_function_coverage_test::cubic_bezier_parse_tokens_error_wrong_function_name
        PASS [   0.012s] (2666/4367) stylex_css_parser css_types::easing_function::easing_function_coverage_test::cubic_bezier_parse_tokens_whitespace_before_closing_paren
        PASS [   0.011s] (2667/4367) stylex_css_parser css_types::easing_function::easing_function_coverage_test::cubic_bezier_parse_tokens_whitespace_before_first_arg
        PASS [   0.012s] (2668/4367) stylex_css_parser css_types::easing_function::easing_function_coverage_test::cubic_bezier_parse_tokens_whitespace_before_comma_and_number
        PASS [   0.011s] (2669/4367) stylex_css_parser css_types::easing_function::easing_function_coverage_test::display_cubic_bezier_integer_points
        PASS [   0.012s] (2670/4367) stylex_css_parser css_types::easing_function::easing_function_coverage_test::display_cubic_bezier_keyword_all_variants
        PASS [   0.012s] (2671/4367) stylex_css_parser css_types::easing_function::easing_function_coverage_test::display_easing_function_cubic_bezier
        PASS [   0.012s] (2672/4367) stylex_css_parser css_types::easing_function::easing_function_coverage_test::display_easing_function_cubic_bezier_keyword
        PASS [   0.011s] (2673/4367) stylex_css_parser css_types::easing_function::easing_function_coverage_test::display_linear_with_integer_and_fractional_points
        PASS [   0.011s] (2674/4367) stylex_css_parser css_types::easing_function::easing_function_coverage_test::display_steps_keyword_all_variants
        PASS [   0.013s] (2675/4367) stylex_css_parser css_types::easing_function::easing_function_coverage_test::display_easing_function_linear
        PASS [   0.013s] (2676/4367) stylex_css_parser css_types::easing_function::easing_function_coverage_test::display_easing_function_steps
        PASS [   0.013s] (2677/4367) stylex_css_parser css_types::easing_function::easing_function_coverage_test::display_easing_function_steps_end
        PASS [   0.016s] (2678/4367) stylex_css_parser css_types::easing_function::easing_function_coverage_test::display_easing_function_steps_keyword
        PASS [   0.014s] (2679/4367) stylex_css_parser css_types::easing_function::easing_function_coverage_test::extract_keyword_token_panics_for_non_ident
        PASS [   0.012s] (2680/4367) stylex_css_parser css_types::easing_function::easing_function_coverage_test::extract_keyword_token_panics_for_unknown_ident
        PASS [   0.012s] (2681/4367) stylex_css_parser css_types::easing_function::easing_function_coverage_test::extract_keyword_token_returns_ease
        PASS [   0.014s] (2682/4367) stylex_css_parser css_types::easing_function::easing_function_coverage_test::extract_keyword_token_returns_ease_in
        PASS [   0.011s] (2683/4367) stylex_css_parser css_types::easing_function::easing_function_coverage_test::extract_keyword_token_returns_ease_in_out
        PASS [   0.011s] (2684/4367) stylex_css_parser css_types::easing_function::easing_function_coverage_test::extract_keyword_token_returns_ease_out
        PASS [   0.012s] (2685/4367) stylex_css_parser css_types::easing_function::easing_function_coverage_test::extract_steps_keyword_token_panics_for_unknown_ident
        PASS [   0.014s] (2686/4367) stylex_css_parser css_types::easing_function::easing_function_coverage_test::extract_steps_keyword_token_returns_step_end
        PASS [   0.012s] (2687/4367) stylex_css_parser css_types::easing_function::easing_function_coverage_test::extract_steps_keyword_token_returns_step_start
        PASS [   0.011s] (2688/4367) stylex_css_parser css_types::easing_function::easing_function_coverage_test::is_easing_keyword_returns_false_for_non_ident_token
        PASS [   0.018s] (2689/4367) stylex_css_parser css_types::easing_function::easing_function_coverage_test::extract_steps_keyword_token_panics_for_non_ident
        PASS [   0.011s] (2690/4367) stylex_css_parser css_types::easing_function::easing_function_coverage_test::is_easing_keyword_returns_true_for_ease
        PASS [   0.011s] (2691/4367) stylex_css_parser css_types::easing_function::easing_function_coverage_test::is_easing_keyword_returns_false_for_unknown_ident
        PASS [   0.012s] (2692/4367) stylex_css_parser css_types::easing_function::easing_function_coverage_test::is_easing_keyword_returns_true_for_ease_in
        PASS [   0.012s] (2693/4367) stylex_css_parser css_types::easing_function::easing_function_coverage_test::is_easing_keyword_returns_true_for_ease_out
        PASS [   0.013s] (2694/4367) stylex_css_parser css_types::easing_function::easing_function_coverage_test::is_easing_keyword_returns_true_for_ease_in_out
        PASS [   0.012s] (2695/4367) stylex_css_parser css_types::easing_function::easing_function_coverage_test::is_steps_keyword_returns_false_for_non_ident_token
        PASS [   0.010s] (2696/4367) stylex_css_parser css_types::easing_function::easing_function_coverage_test::is_steps_keyword_returns_false_for_unknown_ident
        PASS [   0.013s] (2697/4367) stylex_css_parser css_types::easing_function::easing_function_coverage_test::is_steps_keyword_returns_true_for_step_end
        PASS [   0.012s] (2698/4367) stylex_css_parser css_types::easing_function::easing_function_coverage_test::is_steps_keyword_returns_true_for_step_start
        PASS [   0.011s] (2699/4367) stylex_css_parser css_types::easing_function::easing_function_coverage_test::linear_parse_accepts_missing_closing_paren
        PASS [   0.014s] (2700/4367) stylex_css_parser css_types::easing_function::easing_function_coverage_test::linear_parse_error_eof_at_start
        PASS [   0.015s] (2701/4367) stylex_css_parser css_types::easing_function::easing_function_coverage_test::linear_parse_error_non_number_in_body
        PASS [   0.013s] (2702/4367) stylex_css_parser css_types::easing_function::easing_function_coverage_test::linear_parse_error_not_a_function
        PASS [   0.013s] (2703/4367) stylex_css_parser css_types::easing_function::easing_function_coverage_test::linear_parse_error_wrong_function_token
        PASS [   0.011s] (2704/4367) stylex_css_parser css_types::easing_function::easing_function_coverage_test::linear_parse_succeeds_with_whitespace_around_numbers
        PASS [   0.012s] (2705/4367) stylex_css_parser css_types::easing_function::easing_function_coverage_test::linear_parse_succeeds_single_point
        PASS [   0.011s] (2706/4367) stylex_css_parser css_types::easing_function::easing_function_coverage_test::linear_parse_tokens_comma_consumed_then_whitespace_skipped
        PASS [   0.013s] (2707/4367) stylex_css_parser css_types::easing_function::easing_function_coverage_test::linear_parse_tokens_error_empty_no_numbers
        PASS [   0.013s] (2708/4367) stylex_css_parser css_types::easing_function::easing_function_coverage_test::linear_parse_tokens_error_eof_after_number
        PASS [   0.019s] (2709/4367) stylex_css_parser css_types::easing_function::easing_function_coverage_test::linear_parse_error_unexpected_token_after_number
        PASS [   0.011s] (2710/4367) stylex_css_parser css_types::easing_function::easing_function_coverage_test::linear_parse_tokens_error_eof_at_start
        PASS [   0.013s] (2711/4367) stylex_css_parser css_types::easing_function::easing_function_coverage_test::linear_parse_tokens_error_eof_after_number_as_separator
        PASS [   0.011s] (2712/4367) stylex_css_parser css_types::easing_function::easing_function_coverage_test::linear_parse_tokens_error_non_number_in_body
        PASS [   0.012s] (2713/4367) stylex_css_parser css_types::easing_function::easing_function_coverage_test::linear_parse_tokens_error_eof_in_number_loop
        PASS [   0.011s] (2714/4367) stylex_css_parser css_types::easing_function::easing_function_coverage_test::linear_parse_tokens_error_not_a_function_token
        PASS [   0.013s] (2715/4367) stylex_css_parser css_types::easing_function::easing_function_coverage_test::linear_parse_tokens_error_unexpected_token_after_number
        PASS [   0.012s] (2716/4367) stylex_css_parser css_types::easing_function::easing_function_coverage_test::linear_parse_tokens_error_wrong_function_name
        PASS [   0.011s] (2717/4367) stylex_css_parser css_types::easing_function::easing_function_coverage_test::linear_parse_tokens_error_wrong_separator_token
        PASS [   0.011s] (2718/4367) stylex_css_parser css_types::easing_function::easing_function_coverage_test::linear_parse_tokens_whitespace_skipped_after_number
        PASS [   0.012s] (2719/4367) stylex_css_parser css_types::easing_function::easing_function_coverage_test::linear_parse_tokens_whitespace_skipped_before_numbers
        PASS [   0.012s] (2720/4367) stylex_css_parser css_types::easing_function::easing_function_coverage_test::steps_keyword_from_string_step_start
        PASS [   0.014s] (2721/4367) stylex_css_parser css_types::easing_function::easing_function_coverage_test::steps_keyword_from_string_step_end
        PASS [   0.011s] (2722/4367) stylex_css_parser css_types::easing_function::easing_function_coverage_test::steps_parse_accepts_missing_closing_paren
        PASS [   0.012s] (2723/4367) stylex_css_parser css_types::easing_function::easing_function_coverage_test::steps_keyword_from_string_unknown_returns_error
        PASS [   0.012s] (2724/4367) stylex_css_parser css_types::easing_function::easing_function_coverage_test::steps_parse_error_eof_after_comma
        PASS [   0.013s] (2725/4367) stylex_css_parser css_types::easing_function::easing_function_coverage_test::steps_parse_error_eof_after_step_count
        PASS [   0.011s] (2726/4367) stylex_css_parser css_types::easing_function::easing_function_coverage_test::steps_parse_error_fractional_step_count
        PASS [   0.012s] (2727/4367) stylex_css_parser css_types::easing_function::easing_function_coverage_test::steps_parse_error_eof_at_start
        PASS [   0.012s] (2728/4367) stylex_css_parser css_types::easing_function::easing_function_coverage_test::steps_parse_error_non_ident_start_type
        PASS [   0.013s] (2729/4367) stylex_css_parser css_types::easing_function::easing_function_coverage_test::steps_parse_error_non_number_step_count
        PASS [   0.011s] (2730/4367) stylex_css_parser css_types::easing_function::easing_function_coverage_test::steps_parse_error_unknown_start_type
        PASS [   0.013s] (2731/4367) stylex_css_parser css_types::easing_function::easing_function_coverage_test::steps_parse_error_wrong_function_token
        PASS [   0.013s] (2732/4367) stylex_css_parser css_types::easing_function::easing_function_coverage_test::steps_parse_succeeds_end_variant
        PASS [   0.014s] (2733/4367) stylex_css_parser css_types::easing_function::easing_function_coverage_test::steps_parse_error_wrong_token_instead_of_comma
        PASS [   0.013s] (2734/4367) stylex_css_parser css_types::easing_function::easing_function_coverage_test::steps_parse_succeeds_with_whitespace
        PASS [   0.011s] (2735/4367) stylex_css_parser css_types::easing_function::easing_function_coverage_test::steps_parse_tokens_error_eof_at_start
        PASS [   0.011s] (2736/4367) stylex_css_parser css_types::easing_function::easing_function_coverage_test::steps_parse_tokens_error_eof_start_type
        PASS [   0.012s] (2737/4367) stylex_css_parser css_types::easing_function::easing_function_coverage_test::steps_parse_tokens_error_eof_step_count
        PASS [   0.012s] (2738/4367) stylex_css_parser css_types::easing_function::easing_function_coverage_test::steps_parse_tokens_error_eof_where_comma_expected
        PASS [   0.012s] (2739/4367) stylex_css_parser css_types::easing_function::easing_function_coverage_test::steps_parse_tokens_error_fractional_step_count
        PASS [   0.013s] (2740/4367) stylex_css_parser css_types::easing_function::easing_function_coverage_test::steps_parse_tokens_error_non_ident_start_type
        PASS [   0.012s] (2741/4367) stylex_css_parser css_types::easing_function::easing_function_coverage_test::steps_parse_tokens_error_non_number_step_count
        PASS [   0.012s] (2742/4367) stylex_css_parser css_types::easing_function::easing_function_coverage_test::steps_parse_tokens_error_unknown_start_type
        PASS [   0.013s] (2743/4367) stylex_css_parser css_types::easing_function::easing_function_coverage_test::steps_parse_tokens_error_none_closing_paren
        PASS [   0.012s] (2744/4367) stylex_css_parser css_types::easing_function::easing_function_coverage_test::steps_parse_tokens_error_wrong_token_instead_of_comma
        PASS [   0.011s] (2745/4367) stylex_css_parser css_types::easing_function::easing_function_coverage_test::steps_parse_tokens_whitespace_after_comma
        PASS [   0.012s] (2746/4367) stylex_css_parser css_types::easing_function::easing_function_coverage_test::steps_parse_tokens_error_wrong_function_name
        PASS [   0.015s] (2747/4367) stylex_css_parser css_types::easing_function::easing_function_coverage_test::steps_parse_tokens_error_wrong_closing_token
        PASS [   0.013s] (2748/4367) stylex_css_parser css_types::easing_function::easing_function_coverage_test::steps_parse_tokens_whitespace_before_closing_paren
        PASS [   0.013s] (2749/4367) stylex_css_parser css_types::easing_function::easing_function_coverage_test::steps_parse_tokens_whitespace_before_comma
        PASS [   0.010s] (2750/4367) stylex_css_parser css_types::easing_function::easing_function_precision_test::malformed_and_extreme_input::a_control_point_of_the_wrong_type_is_still_refused
        PASS [   0.012s] (2751/4367) stylex_css_parser css_types::easing_function::easing_function_coverage_test::steps_parse_tokens_whitespace_skipped_before_step_count
        PASS [   0.012s] (2752/4367) stylex_css_parser css_types::easing_function::easing_function_precision_test::malformed_and_extreme_input::a_very_long_linear_list_prints_every_point
        PASS [   0.014s] (2753/4367) stylex_css_parser css_types::easing_function::easing_function_precision_test::malformed_and_extreme_input::a_wrong_control_point_count_is_still_refused
        PASS [   0.013s] (2754/4367) stylex_css_parser css_types::easing_function::easing_function_precision_test::malformed_and_extreme_input::an_absurdly_long_control_point_collapses_to_the_nearest_double
        PASS [   0.014s] (2755/4367) stylex_css_parser css_types::easing_function::easing_function_precision_test::malformed_and_extreme_input::an_escaped_function_name_still_names_the_function
        PASS [   0.014s] (2756/4367) stylex_css_parser css_types::easing_function::easing_function_precision_test::malformed_and_extreme_input::an_unclosed_function_is_still_tolerated
        PASS [   0.012s] (2757/4367) stylex_css_parser css_types::easing_function::easing_function_precision_test::malformed_and_extreme_input::malformed_syntax_is_refused_rather_than_panicking
        PASS [   0.013s] (2758/4367) stylex_css_parser css_types::easing_function::easing_function_precision_test::precision_past_six_decimals_survives::a_cubic_bezier_keeps_every_control_point
        PASS [   0.012s] (2759/4367) stylex_css_parser css_types::easing_function::easing_function_precision_test::precision_past_six_decimals_survives::a_curve_at_full_double_precision_round_trips
        PASS [   0.011s] (2760/4367) stylex_css_parser css_types::easing_function::easing_function_precision_test::precision_past_six_decimals_survives::a_linear_curve_keeps_every_point
        PASS [   0.013s] (2761/4367) stylex_css_parser css_types::easing_function::easing_function_precision_test::precision_past_six_decimals_survives::a_curve_past_what_a_double_holds_prints_the_double_it_became
        PASS [   0.012s] (2762/4367) stylex_css_parser css_types::easing_function::easing_function_precision_test::precision_past_six_decimals_survives::a_whole_number_past_the_i64_range_is_not_saturated
        PASS [   0.012s] (2763/4367) stylex_css_parser css_types::easing_function::easing_function_precision_test::the_reference_compilers_own_easing_cases
        PASS [   0.012s] (2764/4367) stylex_css_parser css_types::easing_function::easing_function_precision_test::the_shared_formatter_spellings::and_a_steps_count_stays_an_integer
        PASS [   0.013s] (2765/4367) stylex_css_parser css_types::easing_function::easing_function_precision_test::the_shared_formatter_spellings::but_a_keyword_curve_is_untouched
        PASS [   0.013s] (2766/4367) stylex_css_parser css_types::easing_function::easing_function_precision_test::the_shared_formatter_spellings::past_the_lower_threshold
        PASS [   0.011s] (2767/4367) stylex_css_parser css_types::easing_function::tests::test_css_type_easing_function::fails_to_parse_invalid_css_easing_function_types_strings
        PASS [   0.014s] (2768/4367) stylex_css_parser css_types::easing_function::easing_function_precision_test::the_shared_formatter_spellings::on_a_negative_zero_and_an_overflow
        PASS [   0.014s] (2769/4367) stylex_css_parser css_types::easing_function::easing_function_precision_test::the_shared_formatter_spellings::past_the_upper_threshold
        PASS [   0.011s] (2770/4367) stylex_css_parser css_types::easing_function::tests::test_css_type_easing_function::parses_cubic_bezier_keywords
        PASS [   0.012s] (2771/4367) stylex_css_parser css_types::easing_function::tests::test_css_type_easing_function::parses_cubic_bezier_with_decimals
        PASS [   0.013s] (2772/4367) stylex_css_parser css_types::easing_function::tests::test_css_type_easing_function::parses_linear_with_fractional_points
        PASS [   0.013s] (2773/4367) stylex_css_parser css_types::easing_function::tests::test_css_type_easing_function::parses_steps_keywords
        PASS [   0.011s] (2774/4367) stylex_css_parser css_types::filter_function::filter_function_coverage_test::blur_parse_public_error_eof
        PASS [   0.012s] (2775/4367) stylex_css_parser css_types::easing_function::tests::test_css_type_easing_function::parses_valid_css_easing_function_types_strings_correctly
        PASS [   0.011s] (2776/4367) stylex_css_parser css_types::filter_function::filter_function_coverage_test::blur_parse_public_error_wrong_function
        PASS [   0.014s] (2777/4367) stylex_css_parser css_types::easing_function::tests::test_css_type_easing_function::parses_steps_with_multiple_steps
        PASS [   0.012s] (2778/4367) stylex_css_parser css_types::filter_function::filter_function_coverage_test::blur_parse_tokens_error_bad_length_arg
        PASS [   0.011s] (2779/4367) stylex_css_parser css_types::filter_function::filter_function_coverage_test::blur_parse_tokens_error_eof_at_start
        PASS [   0.012s] (2780/4367) stylex_css_parser css_types::filter_function::filter_function_coverage_test::blur_parse_public_happy_path
        PASS [   0.015s] (2781/4367) stylex_css_parser css_types::filter_function::filter_function_coverage_test::blur_parse_tokens_error_eof_on_closing_paren
        PASS [   0.014s] (2782/4367) stylex_css_parser css_types::filter_function::filter_function_coverage_test::blur_parse_tokens_error_not_a_function_token
        PASS [   0.011s] (2783/4367) stylex_css_parser css_types::filter_function::filter_function_coverage_test::blur_parse_tokens_error_wrong_closing_token
        PASS [   0.012s] (2784/4367) stylex_css_parser css_types::filter_function::filter_function_coverage_test::brightness_parse_public_error_eof
        PASS [   0.013s] (2785/4367) stylex_css_parser css_types::filter_function::filter_function_coverage_test::blur_parse_tokens_error_wrong_function_name
        PASS [   0.012s] (2786/4367) stylex_css_parser css_types::filter_function::filter_function_coverage_test::blur_parse_tokens_whitespace_after_length
        PASS [   0.012s] (2787/4367) stylex_css_parser css_types::filter_function::filter_function_coverage_test::blur_parse_tokens_whitespace_before_length
        PASS [   0.012s] (2788/4367) stylex_css_parser css_types::filter_function::filter_function_coverage_test::brightness_parse_tokens_error_bad_value_arg
        PASS [   0.011s] (2789/4367) stylex_css_parser css_types::filter_function::filter_function_coverage_test::brightness_parse_public_happy_path
        PASS [   0.014s] (2790/4367) stylex_css_parser css_types::filter_function::filter_function_coverage_test::brightness_parse_public_error_wrong_function
        PASS [   0.011s] (2791/4367) stylex_css_parser css_types::filter_function::filter_function_coverage_test::brightness_parse_tokens_error_eof_at_start
        PASS [   0.012s] (2792/4367) stylex_css_parser css_types::filter_function::filter_function_coverage_test::brightness_parse_tokens_error_eof_on_closing_paren
        PASS [   0.013s] (2793/4367) stylex_css_parser css_types::filter_function::filter_function_coverage_test::brightness_parse_tokens_error_not_a_function_token
        PASS [   0.012s] (2794/4367) stylex_css_parser css_types::filter_function::filter_function_coverage_test::brightness_parse_tokens_error_wrong_closing_token
        PASS [   0.011s] (2795/4367) stylex_css_parser css_types::filter_function::filter_function_coverage_test::brightness_parse_tokens_percentage_variant
        PASS [   0.012s] (2796/4367) stylex_css_parser css_types::filter_function::filter_function_coverage_test::brightness_parse_tokens_error_wrong_function_name
        PASS [   0.013s] (2797/4367) stylex_css_parser css_types::filter_function::filter_function_coverage_test::brightness_parse_tokens_number_variant
        PASS [   0.012s] (2798/4367) stylex_css_parser css_types::filter_function::filter_function_coverage_test::brightness_parse_tokens_whitespace_after_value
        PASS [   0.012s] (2799/4367) stylex_css_parser css_types::filter_function::filter_function_coverage_test::contrast_parse_public_error_eof
        PASS [   0.014s] (2800/4367) stylex_css_parser css_types::filter_function::filter_function_coverage_test::brightness_parse_tokens_whitespace_before_value
        PASS [   0.012s] (2801/4367) stylex_css_parser css_types::filter_function::filter_function_coverage_test::contrast_parse_public_error_wrong_function
        PASS [   0.011s] (2802/4367) stylex_css_parser css_types::filter_function::filter_function_coverage_test::contrast_parse_tokens_error_eof_at_start
        PASS [   0.014s] (2803/4367) stylex_css_parser css_types::filter_function::filter_function_coverage_test::contrast_parse_public_happy_path
        PASS [   0.011s] (2804/4367) stylex_css_parser css_types::filter_function::filter_function_coverage_test::contrast_parse_tokens_error_eof_on_closing_paren
        PASS [   0.013s] (2805/4367) stylex_css_parser css_types::filter_function::filter_function_coverage_test::contrast_parse_tokens_error_bad_value_arg
        PASS [   0.012s] (2806/4367) stylex_css_parser css_types::filter_function::filter_function_coverage_test::contrast_parse_tokens_error_not_a_function_token
        PASS [   0.014s] (2807/4367) stylex_css_parser css_types::filter_function::filter_function_coverage_test::contrast_parse_tokens_error_wrong_closing_token
        PASS [   0.015s] (2808/4367) stylex_css_parser css_types::filter_function::filter_function_coverage_test::contrast_parse_tokens_error_wrong_function_name
        PASS [   0.012s] (2809/4367) stylex_css_parser css_types::filter_function::filter_function_coverage_test::contrast_parse_tokens_percentage_variant
        PASS [   0.013s] (2810/4367) stylex_css_parser css_types::filter_function::filter_function_coverage_test::contrast_parse_tokens_whitespace_after_value
        PASS [   0.016s] (2811/4367) stylex_css_parser css_types::filter_function::filter_function_coverage_test::contrast_parse_tokens_number_variant
        PASS [   0.011s] (2812/4367) stylex_css_parser css_types::filter_function::filter_function_coverage_test::filter_function_parser_selects_blur
        PASS [   0.013s] (2813/4367) stylex_css_parser css_types::filter_function::filter_function_coverage_test::filter_function_parser_selects_brightness
        PASS [   0.015s] (2814/4367) stylex_css_parser css_types::filter_function::filter_function_coverage_test::filter_function_parser_error_unknown
        PASS [   0.013s] (2815/4367) stylex_css_parser css_types::filter_function::filter_function_coverage_test::filter_function_parser_selects_grayscale
        PASS [   0.011s] (2816/4367) stylex_css_parser css_types::filter_function::filter_function_coverage_test::filter_function_parser_selects_hue_rotate
        PASS [   0.018s] (2817/4367) stylex_css_parser css_types::filter_function::filter_function_coverage_test::contrast_parse_tokens_whitespace_before_value
        PASS [   0.011s] (2818/4367) stylex_css_parser css_types::filter_function::filter_function_coverage_test::filter_function_parser_selects_opacity
        PASS [   0.014s] (2819/4367) stylex_css_parser css_types::filter_function::filter_function_coverage_test::filter_function_parser_selects_invert
        PASS [   0.020s] (2820/4367) stylex_css_parser css_types::filter_function::filter_function_coverage_test::filter_function_parser_selects_contrast
        PASS [   0.016s] (2821/4367) stylex_css_parser css_types::filter_function::filter_function_coverage_test::filter_function_parser_selects_saturate
        PASS [   0.014s] (2822/4367) stylex_css_parser css_types::filter_function::filter_function_coverage_test::filter_function_parser_selects_sepia
        PASS [   0.010s] (2823/4367) stylex_css_parser css_types::filter_function::filter_function_coverage_test::grayscale_parse_tokens_error_eof_at_start
        PASS [   0.012s] (2824/4367) stylex_css_parser css_types::filter_function::filter_function_coverage_test::grayscale_parse_tokens_error_bad_value_arg
        PASS [   0.011s] (2825/4367) stylex_css_parser css_types::filter_function::filter_function_coverage_test::grayscale_parse_tokens_error_not_a_function_token
        PASS [   0.015s] (2826/4367) stylex_css_parser css_types::filter_function::filter_function_coverage_test::grayscale_parse_public_error_wrong_function
        PASS [   0.017s] (2827/4367) stylex_css_parser css_types::filter_function::filter_function_coverage_test::grayscale_parse_public_error_eof
        PASS [   0.012s] (2828/4367) stylex_css_parser css_types::filter_function::filter_function_coverage_test::grayscale_parse_tokens_error_eof_on_closing_paren
        PASS [   0.016s] (2829/4367) stylex_css_parser css_types::filter_function::filter_function_coverage_test::grayscale_parse_public_happy_path
        PASS [   0.012s] (2830/4367) stylex_css_parser css_types::filter_function::filter_function_coverage_test::grayscale_parse_tokens_whitespace_after_value
        PASS [   0.013s] (2831/4367) stylex_css_parser css_types::filter_function::filter_function_coverage_test::grayscale_parse_tokens_percentage_variant
        PASS [   0.015s] (2832/4367) stylex_css_parser css_types::filter_function::filter_function_coverage_test::grayscale_parse_tokens_number_variant
        PASS [   0.016s] (2833/4367) stylex_css_parser css_types::filter_function::filter_function_coverage_test::grayscale_parse_tokens_error_wrong_function_name
        PASS [   0.013s] (2834/4367) stylex_css_parser css_types::filter_function::filter_function_coverage_test::grayscale_parse_tokens_whitespace_before_value
        PASS [   0.013s] (2835/4367) stylex_css_parser css_types::filter_function::filter_function_coverage_test::hue_rotate_parse_public_error_eof
        PASS [   0.013s] (2836/4367) stylex_css_parser css_types::filter_function::filter_function_coverage_test::hue_rotate_parse_public_happy_path
        PASS [   0.021s] (2837/4367) stylex_css_parser css_types::filter_function::filter_function_coverage_test::grayscale_parse_tokens_error_wrong_closing_token
        PASS [   0.017s] (2838/4367) stylex_css_parser css_types::filter_function::filter_function_coverage_test::hue_rotate_parse_public_error_wrong_function
        PASS [   0.018s] (2839/4367) stylex_css_parser css_types::filter_function::filter_function_coverage_test::hue_rotate_parse_tokens_error_bad_angle_arg
        PASS [   0.012s] (2840/4367) stylex_css_parser css_types::filter_function::filter_function_coverage_test::hue_rotate_parse_tokens_error_eof_on_closing_paren
        PASS [   0.012s] (2841/4367) stylex_css_parser css_types::filter_function::filter_function_coverage_test::hue_rotate_parse_tokens_error_wrong_closing_token
        PASS [   0.015s] (2842/4367) stylex_css_parser css_types::filter_function::filter_function_coverage_test::hue_rotate_parse_tokens_error_eof_at_start
        PASS [   0.015s] (2843/4367) stylex_css_parser css_types::filter_function::filter_function_coverage_test::hue_rotate_parse_tokens_error_not_a_function_token
        PASS [   0.011s] (2844/4367) stylex_css_parser css_types::filter_function::filter_function_coverage_test::hue_rotate_parse_tokens_whitespace_after_angle
        PASS [   0.012s] (2845/4367) stylex_css_parser css_types::filter_function::filter_function_coverage_test::hue_rotate_parse_tokens_error_wrong_function_name
        PASS [   0.013s] (2846/4367) stylex_css_parser css_types::filter_function::filter_function_coverage_test::hue_rotate_parse_tokens_whitespace_before_angle
        PASS [   0.013s] (2847/4367) stylex_css_parser css_types::filter_function::filter_function_coverage_test::invert_parse_public_error_eof
        PASS [   0.015s] (2848/4367) stylex_css_parser css_types::filter_function::filter_function_coverage_test::invert_parse_public_error_wrong_function
        PASS [   0.013s] (2849/4367) stylex_css_parser css_types::filter_function::filter_function_coverage_test::invert_parse_tokens_error_eof_at_start
        PASS [   0.013s] (2850/4367) stylex_css_parser css_types::filter_function::filter_function_coverage_test::invert_parse_tokens_error_bad_value_arg
        PASS [   0.011s] (2851/4367) stylex_css_parser css_types::filter_function::filter_function_coverage_test::invert_parse_tokens_error_wrong_function_name
        PASS [   0.012s] (2852/4367) stylex_css_parser css_types::filter_function::filter_function_coverage_test::invert_parse_tokens_error_not_a_function_token
        PASS [   0.012s] (2853/4367) stylex_css_parser css_types::filter_function::filter_function_coverage_test::invert_parse_tokens_error_wrong_closing_token
        PASS [   0.013s] (2854/4367) stylex_css_parser css_types::filter_function::filter_function_coverage_test::invert_parse_tokens_error_eof_on_closing_paren
        PASS [   0.016s] (2855/4367) stylex_css_parser css_types::filter_function::filter_function_coverage_test::invert_parse_public_happy_path
        PASS [   0.014s] (2856/4367) stylex_css_parser css_types::filter_function::filter_function_coverage_test::invert_parse_tokens_percentage_variant
        PASS [   0.015s] (2857/4367) stylex_css_parser css_types::filter_function::filter_function_coverage_test::invert_parse_tokens_number_variant
        PASS [   0.012s] (2858/4367) stylex_css_parser css_types::filter_function::filter_function_coverage_test::invert_parse_tokens_whitespace_after_value
        PASS [   0.011s] (2859/4367) stylex_css_parser css_types::filter_function::filter_function_coverage_test::invert_parse_tokens_whitespace_before_value
        PASS [   0.011s] (2860/4367) stylex_css_parser css_types::filter_function::filter_function_coverage_test::opacity_parse_public_error_eof
        PASS [   0.011s] (2861/4367) stylex_css_parser css_types::filter_function::filter_function_coverage_test::opacity_parse_tokens_error_bad_value_arg
        PASS [   0.012s] (2862/4367) stylex_css_parser css_types::filter_function::filter_function_coverage_test::opacity_parse_public_error_wrong_function
        PASS [   0.013s] (2863/4367) stylex_css_parser css_types::filter_function::filter_function_coverage_test::opacity_parse_tokens_error_eof_at_start
        PASS [   0.011s] (2864/4367) stylex_css_parser css_types::filter_function::filter_function_coverage_test::opacity_parse_tokens_error_not_a_function_token
        PASS [   0.011s] (2865/4367) stylex_css_parser css_types::filter_function::filter_function_coverage_test::opacity_parse_tokens_error_wrong_closing_token
        PASS [   0.017s] (2866/4367) stylex_css_parser css_types::filter_function::filter_function_coverage_test::opacity_parse_public_happy_path
        PASS [   0.013s] (2867/4367) stylex_css_parser css_types::filter_function::filter_function_coverage_test::opacity_parse_tokens_error_wrong_function_name
        PASS [   0.010s] (2868/4367) stylex_css_parser css_types::filter_function::filter_function_coverage_test::opacity_parse_tokens_whitespace_after_value
        PASS [   0.012s] (2869/4367) stylex_css_parser css_types::filter_function::filter_function_coverage_test::opacity_parse_tokens_number_variant
        PASS [   0.011s] (2870/4367) stylex_css_parser css_types::filter_function::filter_function_coverage_test::opacity_parse_tokens_whitespace_before_value
        PASS [   0.015s] (2871/4367) stylex_css_parser css_types::filter_function::filter_function_coverage_test::opacity_parse_tokens_percentage_variant
        PASS [   0.012s] (2872/4367) stylex_css_parser css_types::filter_function::filter_function_coverage_test::saturate_parse_public_error_eof
        PASS [   0.026s] (2873/4367) stylex_css_parser css_types::filter_function::filter_function_coverage_test::opacity_parse_tokens_error_eof_on_closing_paren
        PASS [   0.011s] (2874/4367) stylex_css_parser css_types::filter_function::filter_function_coverage_test::saturate_parse_public_error_wrong_function
        PASS [   0.011s] (2875/4367) stylex_css_parser css_types::filter_function::filter_function_coverage_test::saturate_parse_public_happy_path
        PASS [   0.011s] (2876/4367) stylex_css_parser css_types::filter_function::filter_function_coverage_test::saturate_parse_tokens_error_bad_value_arg
        PASS [   0.011s] (2877/4367) stylex_css_parser css_types::filter_function::filter_function_coverage_test::saturate_parse_tokens_error_eof_on_closing_paren
        PASS [   0.012s] (2878/4367) stylex_css_parser css_types::filter_function::filter_function_coverage_test::saturate_parse_tokens_error_eof_at_start
        PASS [   0.014s] (2879/4367) stylex_css_parser css_types::filter_function::filter_function_coverage_test::saturate_parse_tokens_error_not_a_function_token
        PASS [   0.014s] (2880/4367) stylex_css_parser css_types::filter_function::filter_function_coverage_test::saturate_parse_tokens_error_wrong_closing_token
        PASS [   0.012s] (2881/4367) stylex_css_parser css_types::filter_function::filter_function_coverage_test::saturate_parse_tokens_error_wrong_function_name
        PASS [   0.012s] (2882/4367) stylex_css_parser css_types::filter_function::filter_function_coverage_test::saturate_parse_tokens_number_variant
        PASS [   0.013s] (2883/4367) stylex_css_parser css_types::filter_function::filter_function_coverage_test::saturate_parse_tokens_percentage_variant
        PASS [   0.013s] (2884/4367) stylex_css_parser css_types::filter_function::filter_function_coverage_test::saturate_parse_tokens_whitespace_before_value
        PASS [   0.014s] (2885/4367) stylex_css_parser css_types::filter_function::filter_function_coverage_test::sepia_parse_public_error_eof
        PASS [   0.015s] (2886/4367) stylex_css_parser css_types::filter_function::filter_function_coverage_test::saturate_parse_tokens_whitespace_after_value
        PASS [   0.012s] (2887/4367) stylex_css_parser css_types::filter_function::filter_function_coverage_test::sepia_parse_public_happy_path
        PASS [   0.012s] (2888/4367) stylex_css_parser css_types::filter_function::filter_function_coverage_test::sepia_parse_public_error_wrong_function
        PASS [   0.012s] (2889/4367) stylex_css_parser css_types::filter_function::filter_function_coverage_test::sepia_parse_tokens_error_bad_value_arg
        PASS [   0.012s] (2890/4367) stylex_css_parser css_types::filter_function::filter_function_coverage_test::sepia_parse_tokens_error_eof_on_closing_paren
        PASS [   0.011s] (2891/4367) stylex_css_parser css_types::filter_function::filter_function_coverage_test::sepia_parse_tokens_error_not_a_function_token
        PASS [   0.011s] (2892/4367) stylex_css_parser css_types::filter_function::filter_function_coverage_test::sepia_parse_tokens_error_wrong_closing_token
        PASS [   0.015s] (2893/4367) stylex_css_parser css_types::filter_function::filter_function_coverage_test::sepia_parse_tokens_error_eof_at_start
        PASS [   0.013s] (2894/4367) stylex_css_parser css_types::filter_function::filter_function_coverage_test::sepia_parse_tokens_error_wrong_function_name
        PASS [   0.014s] (2895/4367) stylex_css_parser css_types::filter_function::filter_function_coverage_test::sepia_parse_tokens_error_wrong_function_token_in_body
        PASS [   0.014s] (2896/4367) stylex_css_parser css_types::filter_function::filter_function_coverage_test::sepia_parse_tokens_number_variant
        PASS [   0.012s] (2897/4367) stylex_css_parser css_types::filter_function::filter_function_coverage_test::sepia_parse_tokens_percentage_variant
        PASS [   0.011s] (2898/4367) stylex_css_parser css_types::filter_function::filter_function_coverage_test::sepia_parse_tokens_whitespace_after_value
        PASS [   0.013s] (2899/4367) stylex_css_parser css_types::filter_function::filter_function_coverage_test::sepia_parse_tokens_whitespace_before_value
        PASS [   0.012s] (2900/4367) stylex_css_parser css_types::filter_function::tests::filter_function_parse::blur_to_string
        PASS [   0.012s] (2901/4367) stylex_css_parser css_types::filter_function::tests::filter_function_parse::brightness_number_to_string
        PASS [   0.012s] (2902/4367) stylex_css_parser css_types::filter_function::tests::filter_function_parse::brightness_percentage_to_string
        PASS [   0.013s] (2903/4367) stylex_css_parser css_types::filter_function::tests::filter_function_parse::contrast_to_string
        PASS [   0.012s] (2904/4367) stylex_css_parser css_types::filter_function::tests::filter_function_parse::grayscale_number_to_string
        PASS [   0.012s] (2905/4367) stylex_css_parser css_types::filter_function::tests::filter_function_parse::grayscale_percentage_to_string
        PASS [   0.012s] (2906/4367) stylex_css_parser css_types::filter_function::tests::filter_function_parse::opacity_number_to_string
        PASS [   0.012s] (2907/4367) stylex_css_parser css_types::filter_function::tests::filter_function_parse::invert_to_string
        PASS [   0.014s] (2908/4367) stylex_css_parser css_types::filter_function::tests::filter_function_parse::hue_rotate_to_string
        PASS [   0.011s] (2909/4367) stylex_css_parser css_types::filter_function::tests::filter_function_parse::parses_blur_filter
        PASS [   0.012s] (2910/4367) stylex_css_parser css_types::filter_function::tests::filter_function_parse::parses_brightness_filter
        PASS [   0.013s] (2911/4367) stylex_css_parser css_types::filter_function::tests::filter_function_parse::opacity_percentage_to_string
        PASS [   0.012s] (2912/4367) stylex_css_parser css_types::filter_function::tests::filter_function_parse::parses_contrast_filter
        PASS [   0.011s] (2913/4367) stylex_css_parser css_types::filter_function::tests::filter_function_parse::parses_hue_rotate_filter
        PASS [   0.013s] (2914/4367) stylex_css_parser css_types::filter_function::tests::filter_function_parse::parses_grayscale_filter
        PASS [   0.012s] (2915/4367) stylex_css_parser css_types::filter_function::tests::filter_function_parse::parses_invert_filter
        PASS [   0.011s] (2916/4367) stylex_css_parser css_types::filter_function::tests::filter_function_parse::parses_saturate_filter
        PASS [   0.012s] (2917/4367) stylex_css_parser css_types::filter_function::tests::filter_function_parse::parses_sepia_filter
        PASS [   0.015s] (2918/4367) stylex_css_parser css_types::filter_function::tests::filter_function_parse::parses_opacity_filter
        PASS [   0.011s] (2919/4367) stylex_css_parser css_types::filter_function::tests::filter_function_parse::rejects_invalid_filter_functions
        PASS [   0.012s] (2920/4367) stylex_css_parser css_types::filter_function::tests::filter_function_parse::saturate_to_string
        PASS [   0.012s] (2921/4367) stylex_css_parser css_types::flex::flex_coverage_test::extract_dimension_token_returns_flex_for_fr_dimension
        PASS [   0.015s] (2922/4367) stylex_css_parser css_types::filter_function::tests::filter_function_parse::sepia_to_string
        PASS [   0.013s] (2923/4367) stylex_css_parser css_types::flex::flex_coverage_test::extract_dimension_token_panics_for_non_dimension
        PASS [   0.011s] (2924/4367) stylex_css_parser css_types::flex::flex_coverage_test::is_valid_fr_dimension_returns_false_for_negative_value
        PASS [   0.011s] (2925/4367) stylex_css_parser css_types::flex::flex_coverage_test::is_valid_fr_dimension_returns_false_for_non_dimension_token
        PASS [   0.011s] (2926/4367) stylex_css_parser css_types::flex::flex_coverage_test::is_valid_fr_dimension_returns_false_for_wrong_unit
        PASS [   0.013s] (2927/4367) stylex_css_parser css_types::flex::flex_coverage_test::is_valid_fr_dimension_returns_true_for_valid_fr
        PASS [   0.012s] (2928/4367) stylex_css_parser css_types::flex::flex_test::flex_parse::rejects_invalid_fr_values
        PASS [   0.013s] (2929/4367) stylex_css_parser css_types::flex::tests::test_flex_common_values
        PASS [   0.011s] (2930/4367) stylex_css_parser css_types::flex::tests::test_flex_decimal_precision
        PASS [   0.011s] (2931/4367) stylex_css_parser css_types::flex::tests::test_flex_display
        PASS [   0.016s] (2932/4367) stylex_css_parser css_types::flex::flex_test::flex_parse::parses_valid_fr_values
        PASS [   0.012s] (2933/4367) stylex_css_parser css_types::flex::tests::test_flex_creation
        PASS [   0.011s] (2934/4367) stylex_css_parser css_types::flex::tests::test_flex_large_values
        PASS [   0.014s] (2935/4367) stylex_css_parser css_types::flex::tests::test_flex_equality
        PASS [   0.012s] (2936/4367) stylex_css_parser css_types::flex::tests::test_flex_parser_creation
        PASS [   0.012s] (2937/4367) stylex_css_parser css_types::flex::tests::test_flex_precision
        PASS [   0.017s] (2938/4367) stylex_css_parser css_types::flex::tests::test_flex_grid_layout_values
        PASS [   0.012s] (2939/4367) stylex_css_parser css_types::flex::tests::test_flex_zero_value
        PASS [   0.011s] (2940/4367) stylex_css_parser css_types::frequency::frequency_coverage_test::extract_frequency_token_returns_none_for_invalid_unit
        PASS [   0.011s] (2941/4367) stylex_css_parser css_types::flex::tests::test_is_valid_fraction
        PASS [   0.012s] (2942/4367) stylex_css_parser css_types::frequency::frequency_coverage_test::extract_frequency_token_returns_some_for_valid_hz
        PASS [   0.012s] (2943/4367) stylex_css_parser css_types::frequency::frequency_coverage_test::extract_frequency_token_returns_none_for_non_dimension_token
        PASS [   0.011s] (2944/4367) stylex_css_parser css_types::frequency::frequency_coverage_test::extract_frequency_token_returns_some_for_valid_khz
        PASS [   0.015s] (2945/4367) stylex_css_parser css_types::frequency::frequency_test::frequency_parse::fails_to_parse_invalid_css_frequency_types_strings
        PASS [   0.012s] (2946/4367) stylex_css_parser css_types::frequency::frequency_test::frequency_parse::parses_valid_css_frequency_types_strings_correctly
        PASS [   0.011s] (2947/4367) stylex_css_parser css_types::frequency::tests::test_frequency_display
        PASS [   0.013s] (2948/4367) stylex_css_parser css_types::frequency::tests::test_frequency_creation
        PASS [   0.013s] (2949/4367) stylex_css_parser css_types::frequency::tests::test_frequency_parser_creation
        PASS [   0.012s] (2950/4367) stylex_css_parser css_types::frequency::tests::test_frequency_units_constant
        PASS [   0.012s] (2951/4367) stylex_css_parser css_types::js_number_spelling_test::a_composite_type_reaches_the_formatter_through_its_parts::a_bare_calc_number_leaf_has_its_own_display_arm
        PASS [   0.012s] (2952/4367) stylex_css_parser css_types::js_number_spelling_test::a_composite_type_reaches_the_formatter_through_its_parts::a_calc_tree_spells_every_leaf_the_same_way
        PASS [   0.012s] (2953/4367) stylex_css_parser css_types::js_number_spelling_test::a_composite_type_reaches_the_formatter_through_its_parts::a_filter_function_spells_its_argument_the_same_way
        PASS [   0.014s] (2954/4367) stylex_css_parser css_types::frequency::tests::test_valid_frequency_units
        PASS [   0.012s] (2955/4367) stylex_css_parser css_types::js_number_spelling_test::a_negative_zero_loses_its_sign::on_every_dimension_and_number_type
        PASS [   0.013s] (2956/4367) stylex_css_parser css_types::js_number_spelling_test::a_negative_zero_loses_its_sign::after_a_print_time_division
        PASS [   0.013s] (2957/4367) stylex_css_parser css_types::js_number_spelling_test::a_negative_zero_loses_its_sign::when_the_caller_computed_it_rather_than_authoring_it
        PASS [   0.012s] (2958/4367) stylex_css_parser css_types::js_number_spelling_test::a_print_time_division_is_spelled_the_same_way::a_duration_in_milliseconds_below_the_lower_threshold
        PASS [   0.011s] (2959/4367) stylex_css_parser css_types::js_number_spelling_test::an_overflow_is_named_infinity::rather_than_abbreviated_the_way_rust_abbreviates_it
        PASS [   0.013s] (2960/4367) stylex_css_parser css_types::js_number_spelling_test::a_print_time_division_is_spelled_the_same_way::a_percentage_has_no_print_time_arithmetic_left
        PASS [   0.013s] (2961/4367) stylex_css_parser css_types::js_number_spelling_test::a_print_time_division_is_spelled_the_same_way::a_frequency_in_hertz_below_the_lower_threshold
        PASS [   0.012s] (2962/4367) stylex_css_parser css_types::js_number_spelling_test::an_overflow_is_named_infinity::including_one_the_caller_handed_in_directly
        PASS [   0.012s] (2963/4367) stylex_css_parser css_types::js_number_spelling_test::an_overflow_is_named_infinity::and_not_a_number_is_named_the_way_javascript_names_it
        PASS [   0.011s] (2964/4367) stylex_css_parser css_types::js_number_spelling_test::malformed_and_extreme_input::a_custom_property_reference_takes_no_numeric_path
        PASS [   0.011s] (2965/4367) stylex_css_parser css_types::js_number_spelling_test::malformed_and_extreme_input::a_non_ascii_unit_is_refused_rather_than_panicking
        PASS [   0.013s] (2966/4367) stylex_css_parser css_types::js_number_spelling_test::malformed_and_extreme_input::a_deeply_nested_calc_prints_without_exhausting_the_stack
        PASS [   0.013s] (2967/4367) stylex_css_parser css_types::js_number_spelling_test::malformed_and_extreme_input::a_vendor_prefixed_unit_is_still_refused
        PASS [   0.013s] (2968/4367) stylex_css_parser css_types::js_number_spelling_test::malformed_and_extreme_input::an_absurdly_long_digit_string_collapses_to_the_nearest_double
        PASS [   0.012s] (2969/4367) stylex_css_parser css_types::js_number_spelling_test::malformed_and_extreme_input::an_escaped_unit_still_names_the_unit_it_escapes_to
        PASS [   0.011s] (2970/4367) stylex_css_parser css_types::js_number_spelling_test::malformed_and_extreme_input::structurally_invalid_input_is_still_refused
        PASS [   0.011s] (2971/4367) stylex_css_parser css_types::js_number_spelling_test::malformed_and_extreme_input::an_unclosed_quote_is_refused_rather_than_panicking
        PASS [   0.014s] (2972/4367) stylex_css_parser css_types::js_number_spelling_test::the_edges_of_the_double_range::and_round_trip_back_to_the_same_double
        PASS [   0.013s] (2973/4367) stylex_css_parser css_types::js_number_spelling_test::the_edges_of_the_double_range::are_spelled_in_exponential_form
        PASS [   0.016s] (2974/4367) stylex_css_parser css_types::js_number_spelling_test::malformed_and_extreme_input::an_unclosed_function_is_still_tolerated
        PASS [   0.012s] (2975/4367) stylex_css_parser css_types::js_number_spelling_test::the_exponential_thresholds::every_dimension_crosses_the_threshold_alike
        PASS [   0.012s] (2976/4367) stylex_css_parser css_types::js_number_spelling_test::the_exponential_thresholds::the_lower_threshold_is_one_e_minus_seven
        PASS [   0.012s] (2977/4367) stylex_css_parser css_types::js_number_spelling_test::the_exponential_thresholds::the_upper_threshold_is_one_e_twenty_one
        PASS [   0.011s] (2978/4367) stylex_css_parser css_types::length::length_coverage_test::extract_length_token_returns_none_for_non_dimension_token
        PASS [   0.015s] (2979/4367) stylex_css_parser css_types::js_number_spelling_test::the_exponential_thresholds::a_value_past_seventeen_digits_prints_the_double_it_became
        PASS [   0.011s] (2980/4367) stylex_css_parser css_types::length::length_coverage_test::is_valid_length_opt_returns_false_for_invalid_unit
        PASS [   0.013s] (2981/4367) stylex_css_parser css_types::length::length_coverage_test::extract_length_token_returns_some_for_dimension
        PASS [   0.011s] (2982/4367) stylex_css_parser css_types::length::length_coverage_test::is_valid_length_opt_returns_false_for_none
        PASS [   0.011s] (2983/4367) stylex_css_parser css_types::length::length_coverage_test::is_valid_length_opt_returns_true_for_valid_unit
        PASS [   0.015s] (2984/4367) stylex_css_parser css_types::length::length_coverage_test::is_zero_number_returns_false_for_non_number_token
        PASS [   0.012s] (2985/4367) stylex_css_parser css_types::length::length_coverage_test::is_zero_number_returns_false_for_nonzero
        PASS [   0.012s] (2986/4367) stylex_css_parser css_types::length::length_coverage_test::is_zero_number_returns_true_for_zero
        PASS [   0.012s] (2987/4367) stylex_css_parser css_types::length::length_test::test_css_type_length::parses_absolute_units
        PASS [   0.012s] (2988/4367) stylex_css_parser css_types::length::length_test::test_css_type_length::parses_viewport_based_units
        PASS [   0.013s] (2989/4367) stylex_css_parser css_types::length::length_test::test_css_type_length::parses_container_based_units
        PASS [   0.013s] (2990/4367) stylex_css_parser css_types::length::length_test::test_css_type_length::parses_font_based_units
        PASS [   0.013s] (2991/4367) stylex_css_parser css_types::length::length_test::test_css_type_length::rejects_invalid_units
        PASS [   0.014s] (2992/4367) stylex_css_parser css_types::length::tests::test_all_units_included
        PASS [   0.013s] (2993/4367) stylex_css_parser css_types::length::tests::test_length_creation
        PASS [   0.013s] (2994/4367) stylex_css_parser css_types::length::tests::test_length_display
        PASS [   0.012s] (2995/4367) stylex_css_parser css_types::length::tests::test_length_parser_creation
        PASS [   0.012s] (2996/4367) stylex_css_parser css_types::length::tests::test_units_constants
        PASS [   0.012s] (2997/4367) stylex_css_parser css_types::length_percentage::length_percentage_coverage_test::as_calc_returns_none_for_length_variant
        PASS [   0.012s] (2998/4367) stylex_css_parser css_types::length::tests::test_valid_units
        PASS [   0.012s] (2999/4367) stylex_css_parser css_types::length_percentage::length_percentage_coverage_test::as_calc_returns_some_for_calc_variant
        PASS [   0.014s] (3000/4367) stylex_css_parser css_types::length_percentage::length_percentage_coverage_test::as_calc_returns_none_for_percentage_variant
        PASS [   0.012s] (3001/4367) stylex_css_parser css_types::length_percentage::length_percentage_coverage_test::is_calc_returns_false_for_length_variant
        PASS [   0.011s] (3002/4367) stylex_css_parser css_types::length_percentage::length_percentage_coverage_test::is_calc_returns_false_for_percentage_variant
        PASS [   0.013s] (3003/4367) stylex_css_parser css_types::length_percentage::length_percentage_coverage_test::is_calc_returns_true_for_calc_variant
        PASS [   0.011s] (3004/4367) stylex_css_parser css_types::length_percentage::length_percentage_test::test_css_type_length_percentage::parses_percentage_values
        PASS [   0.013s] (3005/4367) stylex_css_parser css_types::length_percentage::length_percentage_test::test_css_type_length_percentage::parses_calc_expressions
        PASS [   0.012s] (3006/4367) stylex_css_parser css_types::length_percentage::tests::test_length_percentage_accessors
        PASS [   0.012s] (3007/4367) stylex_css_parser css_types::length_percentage::length_percentage_test::test_css_type_length_percentage::rejects_invalid_length_percentage_values
        PASS [   0.013s] (3008/4367) stylex_css_parser css_types::length_percentage::tests::test_length_percentage_creation
        PASS [   0.015s] (3009/4367) stylex_css_parser css_types::length_percentage::length_percentage_test::test_css_type_length_percentage::parses_length_values
        PASS [   0.011s] (3010/4367) stylex_css_parser css_types::length_percentage::tests::test_length_percentage_edge_cases
        PASS [   0.013s] (3011/4367) stylex_css_parser css_types::length_percentage::tests::test_length_percentage_display
        PASS [   0.014s] (3012/4367) stylex_css_parser css_types::length_percentage::tests::test_length_percentage_equality
        PASS [   0.014s] (3013/4367) stylex_css_parser css_types::length_percentage::tests::test_length_percentage_parser_creation
        PASS [   0.011s] (3014/4367) stylex_css_parser css_types::number::tests::test_css_number_alias
        PASS [   0.011s] (3015/4367) stylex_css_parser css_types::percentage::tests::test_css_percentage_alias
        PASS [   0.012s] (3016/4367) stylex_css_parser css_types::number::tests::test_number_reexport
        PASS [   0.011s] (3017/4367) stylex_css_parser css_types::percentage::tests::test_percentage_reexport
        PASS [   0.011s] (3018/4367) stylex_css_parser css_types::position::position_coverage_test::is_horizontal_ident_returns_false_for_non_ident
        PASS [   0.012s] (3019/4367) stylex_css_parser css_types::position::position_coverage_test::both_keywords_rewinds_when_vertical_first_second_component_fails
        PASS [   0.011s] (3020/4367) stylex_css_parser css_types::position::position_coverage_test::is_horizontal_ident_returns_true_for_valid_idents
        PASS [   0.015s] (3021/4367) stylex_css_parser css_types::position::position_coverage_test::is_horizontal_ident_returns_false_for_unknown_ident
        PASS [   0.012s] (3022/4367) stylex_css_parser css_types::position::position_coverage_test::is_vertical_ident_returns_false_for_non_ident
        PASS [   0.011s] (3023/4367) stylex_css_parser css_types::position::position_coverage_test::is_vertical_ident_returns_true_for_valid_idents
        PASS [   0.014s] (3024/4367) stylex_css_parser css_types::position::position_coverage_test::is_vertical_ident_returns_false_for_unknown_ident
        PASS [   0.012s] (3025/4367) stylex_css_parser css_types::position::position_coverage_test::numbers_only_rewinds_trailing_whitespace_without_second_length
        PASS [   0.011s] (3026/4367) stylex_css_parser css_types::position::position_coverage_test::parses_top_left_vertical_then_horizontal
        PASS [   0.012s] (3027/4367) stylex_css_parser css_types::position::position_coverage_test::parses_bottom_right_vertical_then_horizontal
        PASS [   0.014s] (3028/4367) stylex_css_parser css_types::position::position_coverage_test::parses_length_plus_horizontal
        PASS [   0.011s] (3029/4367) stylex_css_parser css_types::position::position_coverage_test::position_parser_fn_parses_top
        PASS [   0.013s] (3030/4367) stylex_css_parser css_types::position::position_coverage_test::parses_vertical_keyword_plus_horizontal_length
        PASS [   0.012s] (3031/4367) stylex_css_parser css_types::position::position_coverage_test::position_parser_fn_works
        PASS [   0.013s] (3032/4367) stylex_css_parser css_types::position::position_coverage_test::token_to_horizontal_keyword_happy_path
        PASS [   0.011s] (3033/4367) stylex_css_parser css_types::position::position_coverage_test::token_to_horizontal_keyword_non_ident_panics
        PASS [   0.011s] (3034/4367) stylex_css_parser css_types::position::position_coverage_test::token_to_vertical_keyword_happy_path
        PASS [   0.012s] (3035/4367) stylex_css_parser css_types::position::position_coverage_test::token_to_horizontal_keyword_wildcard_panics
        PASS [   0.012s] (3036/4367) stylex_css_parser css_types::position::position_coverage_test::token_to_vertical_keyword_wildcard_panics
        PASS [   0.013s] (3037/4367) stylex_css_parser css_types::position::position_coverage_test::token_to_vertical_keyword_non_ident_panics
        PASS [   0.011s] (3038/4367) stylex_css_parser css_types::position::position_coverage_test::vertical_keyword_plus_horizontal_length_rewinds_when_length_fails
        PASS [   0.013s] (3039/4367) stylex_css_parser css_types::position::position_coverage_test::vertical_keyword_as_str_center
        PASS [   0.012s] (3040/4367) stylex_css_parser css_types::position::position_test::test_css_type_position::parses_center_center
        PASS [   0.016s] (3041/4367) stylex_css_parser css_types::position::position_coverage_test::vertical_keyword_plus_horizontal_length_requires_whitespace
        PASS [   0.012s] (3042/4367) stylex_css_parser css_types::position::position_test::test_css_type_position::parses_keyword_combinations
        PASS [   0.012s] (3043/4367) stylex_css_parser css_types::position::position_test::test_css_type_position::parses_keyword_plus_length
        PASS [   0.012s] (3044/4367) stylex_css_parser css_types::position::position_test::test_css_type_position::parses_keyword_with_offset
        PASS [   0.012s] (3045/4367) stylex_css_parser css_types::position::position_test::test_css_type_position::parses_keyword_with_length_percentage
        PASS [   0.011s] (3046/4367) stylex_css_parser css_types::position::position_test::test_css_type_position::parses_length_percentage_combinations
        PASS [   0.012s] (3047/4367) stylex_css_parser css_types::position::position_test::test_css_type_position::parses_left_top
        PASS [   0.015s] (3048/4367) stylex_css_parser css_types::position::position_test::test_css_type_position::parses_length_plus_keyword
        PASS [   0.012s] (3049/4367) stylex_css_parser css_types::position::position_test::test_css_type_position::parses_single_keywords
        PASS [   0.016s] (3050/4367) stylex_css_parser css_types::position::position_test::test_css_type_position::parses_single_center_keyword
        PASS [   0.012s] (3051/4367) stylex_css_parser css_types::position::position_test::test_css_type_position::parses_two_lengths
        PASS [   0.016s] (3052/4367) stylex_css_parser css_types::position::position_test::test_css_type_position::parses_single_horizontal_keyword
        PASS [   0.016s] (3053/4367) stylex_css_parser css_types::position::position_test::test_css_type_position::parses_single_vertical_keyword
        PASS [   0.012s] (3054/4367) stylex_css_parser css_types::position::tests::test_horizontal_keyword
        PASS [   0.011s] (3055/4367) stylex_css_parser css_types::position::tests::test_keyword_with_offset_display
        PASS [   0.013s] (3056/4367) stylex_css_parser css_types::position::position_test::test_css_type_position::rejects_invalid_positions
        PASS [   0.012s] (3057/4367) stylex_css_parser css_types::position::tests::test_horizontal_keyword_as_str
        PASS [   0.012s] (3058/4367) stylex_css_parser css_types::position::tests::test_numbers_only
        PASS [   0.011s] (3059/4367) stylex_css_parser css_types::position::tests::test_position_basic
        PASS [   0.012s] (3060/4367) stylex_css_parser css_types::position::tests::test_position_display
        PASS [   0.011s] (3061/4367) stylex_css_parser css_types::position::tests::test_two_keywords
        PASS [   0.012s] (3062/4367) stylex_css_parser css_types::position::tests::test_two_lengths
        PASS [   0.011s] (3063/4367) stylex_css_parser css_types::resolution::resolution_coverage_test::extract_dimension_token_panics_for_non_dimension
        PASS [   0.011s] (3064/4367) stylex_css_parser css_types::resolution::resolution_coverage_test::extract_dimension_token_returns_resolution_for_valid_dimension
        PASS [   0.012s] (3065/4367) stylex_css_parser css_types::position::tests::test_vertical_keyword_as_str
        PASS [   0.013s] (3066/4367) stylex_css_parser css_types::position::tests::test_vertical_keyword
        PASS [   0.016s] (3067/4367) stylex_css_parser css_types::resolution::resolution_coverage_test::is_valid_resolution_dimension_returns_false_for_invalid_unit
        PASS [   0.011s] (3068/4367) stylex_css_parser css_types::resolution::resolution_coverage_test::is_valid_resolution_dimension_returns_false_for_non_dimension_token
        PASS [   0.014s] (3069/4367) stylex_css_parser css_types::resolution::resolution_coverage_test::is_valid_resolution_dimension_returns_true_for_dpcm
        PASS [   0.012s] (3070/4367) stylex_css_parser css_types::resolution::resolution_coverage_test::is_valid_resolution_dimension_returns_true_for_dppx
        PASS [   0.012s] (3071/4367) stylex_css_parser css_types::resolution::resolution_test::test_css_type_resolution::parses_dpcm_values
        PASS [   0.014s] (3072/4367) stylex_css_parser css_types::resolution::resolution_coverage_test::is_valid_resolution_dimension_returns_true_for_dpi
        PASS [   0.010s] (3073/4367) stylex_css_parser css_types::resolution::resolution_test::test_css_type_resolution::rejects_invalid_resolution_values
        PASS [   0.011s] (3074/4367) stylex_css_parser css_types::resolution::resolution_test::test_css_type_resolution::parses_dppx_values
        PASS [   0.014s] (3075/4367) stylex_css_parser css_types::resolution::resolution_test::test_css_type_resolution::parses_dpi_values
        PASS [   0.010s] (3076/4367) stylex_css_parser css_types::resolution::tests::test_resolution_parser_creation
        PASS [   0.011s] (3077/4367) stylex_css_parser css_types::resolution::tests::test_resolution_display
        PASS [   0.015s] (3078/4367) stylex_css_parser css_types::resolution::tests::test_resolution_creation
        PASS [   0.012s] (3079/4367) stylex_css_parser css_types::resolution::tests::test_valid_resolution_units
        PASS [   0.011s] (3080/4367) stylex_css_parser css_types::time::tests::test_time_units_constant
        PASS [   0.012s] (3081/4367) stylex_css_parser css_types::time::tests::test_time_display
        PASS [   0.014s] (3082/4367) stylex_css_parser css_types::resolution::tests::test_resolution_units_constant
        PASS [   0.013s] (3083/4367) stylex_css_parser css_types::time::tests::test_time_creation
        PASS [   0.015s] (3084/4367) stylex_css_parser css_types::time::tests::test_time_parser_creation
        PASS [   0.013s] (3085/4367) stylex_css_parser css_types::time::tests::test_valid_time_units
        PASS [   0.012s] (3086/4367) stylex_css_parser css_types::time::time_coverage_test::extract_time_token_returns_none_for_non_dimension_token
        PASS [   0.012s] (3087/4367) stylex_css_parser css_types::time::time_coverage_test::extract_time_token_returns_some_for_valid_ms
        PASS [   0.013s] (3088/4367) stylex_css_parser css_types::time::time_coverage_test::extract_time_token_returns_none_for_invalid_unit
        PASS [   0.012s] (3089/4367) stylex_css_parser css_types::time::time_coverage_test::extract_time_token_returns_some_for_valid_s
        PASS [   0.011s] (3090/4367) stylex_css_parser css_types::time::time_test::time_parse::parses_valid_css_time_types_strings_correctly
        PASS [   0.013s] (3091/4367) stylex_css_parser css_types::transform_function::tests::test_css_type_transform_function::test_matrix3d_function::invalid_uses
        PASS [   0.014s] (3092/4367) stylex_css_parser css_types::time::time_test::time_parse::fails_to_parse_invalid_css_time_types_strings
        PASS [   0.013s] (3093/4367) stylex_css_parser css_types::transform_function::tests::test_css_type_transform_function::test_matrix3d_function::valid_uses
        PASS [   0.012s] (3094/4367) stylex_css_parser css_types::transform_function::tests::test_css_type_transform_function::test_matrix3d_parse_to_string::identity_matrix3d
        PASS [   0.011s] (3095/4367) stylex_css_parser css_types::transform_function::tests::test_css_type_transform_function::test_perspective_function::invalid_uses
        PASS [   0.012s] (3096/4367) stylex_css_parser css_types::transform_function::tests::test_css_type_transform_function::test_matrix_function::invalid_uses
        PASS [   0.012s] (3097/4367) stylex_css_parser css_types::transform_function::tests::test_css_type_transform_function::test_matrix_function::valid_uses
        PASS [   0.011s] (3098/4367) stylex_css_parser css_types::transform_function::tests::test_css_type_transform_function::test_perspective_function::valid_uses
        PASS [   0.012s] (3099/4367) stylex_css_parser css_types::transform_function::tests::test_css_type_transform_function::test_perspective_parse_to_string::perspective_100px
        PASS [   0.015s] (3100/4367) stylex_css_parser css_types::transform_function::tests::test_css_type_transform_function::test_rotate3d_function::invalid_uses
        PASS [   0.013s] (3101/4367) stylex_css_parser css_types::transform_function::tests::test_css_type_transform_function::test_rotate3d_function::valid_uses
        PASS [   0.012s] (3102/4367) stylex_css_parser css_types::transform_function::tests::test_css_type_transform_function::test_rotate_axis_function::valid_uses
        PASS [   0.013s] (3103/4367) stylex_css_parser css_types::transform_function::tests::test_css_type_transform_function::test_rotate_axis_function::invalid_uses
        PASS [   0.013s] (3104/4367) stylex_css_parser css_types::transform_function::tests::test_css_type_transform_function::test_rotate3d_parse_to_string::rotate3d_x_axis
        PASS [   0.011s] (3105/4367) stylex_css_parser css_types::transform_function::tests::test_css_type_transform_function::test_rotate_function::valid_uses
        PASS [   0.014s] (3106/4367) stylex_css_parser css_types::transform_function::tests::test_css_type_transform_function::test_scale3d_parse_to_string::scale3d_values
        PASS [   0.014s] (3107/4367) stylex_css_parser css_types::transform_function::tests::test_css_type_transform_function::test_rotate_function::invalid_uses
        PASS [   0.013s] (3108/4367) stylex_css_parser css_types::transform_function::tests::test_css_type_transform_function::test_scale_function::invalid_uses
        PASS [   0.012s] (3109/4367) stylex_css_parser css_types::transform_function::tests::test_css_type_transform_function::test_scale_function::valid_uses
        PASS [   0.011s] (3110/4367) stylex_css_parser css_types::transform_function::tests::test_css_type_transform_function::test_translate3d_parse_to_string::translate3d_with_px_values
        PASS [   0.012s] (3111/4367) stylex_css_parser css_types::transform_function::tests::test_css_type_transform_function::test_skew_parse_to_string::skew_two_angles
        PASS [   0.013s] (3112/4367) stylex_css_parser css_types::transform_function::tests::test_css_type_transform_function::test_skew_axis_parse_to_string::skew_x
        PASS [   0.012s] (3113/4367) stylex_css_parser css_types::transform_function::tests::test_css_type_transform_function::test_skew_axis_parse_to_string::skew_y
        PASS [   0.013s] (3114/4367) stylex_css_parser css_types::transform_function::tests::test_css_type_transform_function::test_skew_parse_to_string::skew_single_angle
        PASS [   0.012s] (3115/4367) stylex_css_parser css_types::transform_function::tests::test_css_type_transform_function::test_translate_function::valid_uses
        PASS [   0.015s] (3116/4367) stylex_css_parser css_types::transform_function::tests::test_css_type_transform_function::test_translate_function::invalid_uses
        PASS [   0.012s] (3117/4367) stylex_css_parser css_types::transform_function::transform_function_coverage_test::consume_comma_errors_on_eof
        PASS [   0.011s] (3118/4367) stylex_css_parser css_types::transform_function::transform_function_coverage_test::consume_right_paren_errors_on_eof
        PASS [   0.014s] (3119/4367) stylex_css_parser css_types::transform_function::transform_function_coverage_test::consume_comma_errors_on_wrong_token
        PASS [   0.011s] (3120/4367) stylex_css_parser css_types::transform_function::transform_function_coverage_test::extract_number_value_returns_zero_for_non_number_token
        PASS [   0.011s] (3121/4367) stylex_css_parser css_types::transform_function::transform_function_coverage_test::matrix3d_parse_error_eof_at_start
        PASS [   0.012s] (3122/4367) stylex_css_parser css_types::transform_function::transform_function_coverage_test::consume_right_paren_errors_on_wrong_token
        PASS [   0.014s] (3123/4367) stylex_css_parser css_types::transform_function::transform_function_coverage_test::extract_number_value_returns_value_for_number_token
        PASS [   0.014s] (3124/4367) stylex_css_parser css_types::transform_function::transform_function_coverage_test::matrix3d_parse_error_missing_comma
        PASS [   0.011s] (3125/4367) stylex_css_parser css_types::transform_function::transform_function_coverage_test::matrix3d_parse_error_wrong_function_name
        PASS [   0.013s] (3126/4367) stylex_css_parser css_types::transform_function::transform_function_coverage_test::matrix3d_parse_error_non_number_at_pos_1
        PASS [   0.011s] (3127/4367) stylex_css_parser css_types::transform_function::transform_function_coverage_test::matrix3d_parse_whitespace_before_close
        PASS [   0.011s] (3128/4367) stylex_css_parser css_types::transform_function::transform_function_coverage_test::matrix3d_parse_whitespace_before_comma
        PASS [   0.014s] (3129/4367) stylex_css_parser css_types::transform_function::transform_function_coverage_test::matrix3d_parse_error_wrong_close_token
        PASS [   0.011s] (3130/4367) stylex_css_parser css_types::transform_function::transform_function_coverage_test::matrix_parse_error_eof_at_start
        PASS [   0.012s] (3131/4367) stylex_css_parser css_types::transform_function::transform_function_coverage_test::matrix_parse_error_eof_before_close
        PASS [   0.014s] (3132/4367) stylex_css_parser css_types::transform_function::transform_function_coverage_test::matrix3d_parse_whitespace_before_values
        PASS [   0.011s] (3133/4367) stylex_css_parser css_types::transform_function::transform_function_coverage_test::matrix_parse_error_eof_before_comma
        PASS [   0.013s] (3134/4367) stylex_css_parser css_types::transform_function::transform_function_coverage_test::matrix_parse_error_eof_before_number
        PASS [   0.012s] (3135/4367) stylex_css_parser css_types::transform_function::transform_function_coverage_test::matrix_parse_error_non_number_in_args
        PASS [   0.011s] (3136/4367) stylex_css_parser css_types::transform_function::transform_function_coverage_test::matrix_parse_error_wrong_close_token
        PASS [   0.012s] (3137/4367) stylex_css_parser css_types::transform_function::transform_function_coverage_test::matrix_parse_error_wrong_function_name
        PASS [   0.014s] (3138/4367) stylex_css_parser css_types::transform_function::transform_function_coverage_test::matrix_parse_error_non_function_token
        PASS [   0.012s] (3139/4367) stylex_css_parser css_types::transform_function::transform_function_coverage_test::matrix_parse_error_wrong_separator
        PASS [   0.011s] (3140/4367) stylex_css_parser css_types::transform_function::transform_function_coverage_test::matrix_parse_whitespace_before_comma
        PASS [   0.014s] (3141/4367) stylex_css_parser css_types::transform_function::transform_function_coverage_test::matrix_parse_whitespace_before_close
        PASS [   0.013s] (3142/4367) stylex_css_parser css_types::transform_function::transform_function_coverage_test::matrix_parse_whitespace_before_first_number
        PASS [   0.011s] (3143/4367) stylex_css_parser css_types::transform_function::transform_function_coverage_test::rotate3d_parse_error_angle_not_an_angle
        PASS [   0.014s] (3144/4367) stylex_css_parser css_types::transform_function::transform_function_coverage_test::rotate3d_display_generic_case
        PASS [   0.013s] (3145/4367) stylex_css_parser css_types::transform_function::transform_function_coverage_test::rotate3d_display_optimises_to_rotate_z
        PASS [   0.012s] (3146/4367) stylex_css_parser css_types::transform_function::transform_function_coverage_test::rotate3d_parse_error_eof_at_start
        PASS [   0.014s] (3147/4367) stylex_css_parser css_types::transform_function::transform_function_coverage_test::rotate3d_display_optimises_to_rotate_y
        PASS [   0.012s] (3148/4367) stylex_css_parser css_types::transform_function::transform_function_coverage_test::rotate3d_parse_error_missing_first_comma
        PASS [   0.013s] (3149/4367) stylex_css_parser css_types::transform_function::transform_function_coverage_test::rotate3d_parse_error_missing_second_comma
        PASS [   0.012s] (3150/4367) stylex_css_parser css_types::transform_function::transform_function_coverage_test::rotate3d_parse_error_missing_third_comma
        PASS [   0.011s] (3151/4367) stylex_css_parser css_types::transform_function::transform_function_coverage_test::rotate3d_parse_error_x_not_a_number
        PASS [   0.014s] (3152/4367) stylex_css_parser css_types::transform_function::transform_function_coverage_test::rotate3d_parse_error_wrong_close_token
        PASS [   0.011s] (3153/4367) stylex_css_parser css_types::transform_function::transform_function_coverage_test::rotate3d_parse_error_y_not_a_number
        PASS [   0.015s] (3154/4367) stylex_css_parser css_types::transform_function::transform_function_coverage_test::rotate3d_parse_error_wrong_function_name
        PASS [   0.011s] (3155/4367) stylex_css_parser css_types::transform_function::transform_function_coverage_test::rotate3d_parse_whitespace_before_close
        PASS [   0.012s] (3156/4367) stylex_css_parser css_types::transform_function::transform_function_coverage_test::rotate3d_parse_whitespace_before_angle
        PASS [   0.013s] (3157/4367) stylex_css_parser css_types::transform_function::transform_function_coverage_test::rotate3d_parse_error_z_not_a_number
        PASS [   0.013s] (3158/4367) stylex_css_parser css_types::transform_function::transform_function_coverage_test::rotate3d_parse_whitespace_before_first_comma
        PASS [   0.012s] (3159/4367) stylex_css_parser css_types::transform_function::transform_function_coverage_test::rotate3d_parse_whitespace_before_second_comma
        PASS [   0.012s] (3160/4367) stylex_css_parser css_types::transform_function::transform_function_coverage_test::rotate3d_parse_whitespace_before_third_comma
        PASS [   0.012s] (3161/4367) stylex_css_parser css_types::transform_function::transform_function_coverage_test::rotate3d_parse_whitespace_before_z
        PASS [   0.012s] (3162/4367) stylex_css_parser css_types::transform_function::transform_function_coverage_test::rotate3d_parse_whitespace_before_x
        PASS [   0.013s] (3163/4367) stylex_css_parser css_types::transform_function::transform_function_coverage_test::rotate3d_parse_whitespace_before_y
        PASS [   0.012s] (3164/4367) stylex_css_parser css_types::transform_function::transform_function_coverage_test::rotate_xyz_display_all_axes
        PASS [   0.012s] (3165/4367) stylex_css_parser css_types::transform_function::transform_function_coverage_test::scale3d_parse_error_sx_not_a_number
        PASS [   0.014s] (3166/4367) stylex_css_parser css_types::transform_function::transform_function_coverage_test::scale3d_parse_error_eof_at_start
        PASS [   0.013s] (3167/4367) stylex_css_parser css_types::transform_function::transform_function_coverage_test::scale3d_parse_error_missing_second_comma
        PASS [   0.015s] (3168/4367) stylex_css_parser css_types::transform_function::transform_function_coverage_test::scale3d_parse_error_missing_first_comma
        PASS [   0.015s] (3169/4367) stylex_css_parser css_types::transform_function::transform_function_coverage_test::scale3d_parse_error_sy_not_a_number
        PASS [   0.012s] (3170/4367) stylex_css_parser css_types::transform_function::transform_function_coverage_test::scale3d_parse_error_wrong_close_token
        PASS [   0.015s] (3171/4367) stylex_css_parser css_types::transform_function::transform_function_coverage_test::scale3d_parse_error_sz_not_a_number
        PASS [   0.012s] (3172/4367) stylex_css_parser css_types::transform_function::transform_function_coverage_test::scale3d_parse_error_wrong_function_name
        PASS [   0.012s] (3173/4367) stylex_css_parser css_types::transform_function::transform_function_coverage_test::scale3d_parse_percentage_values
        PASS [   0.012s] (3174/4367) stylex_css_parser css_types::transform_function::transform_function_coverage_test::scale3d_parse_whitespace_before_close
        PASS [   0.012s] (3175/4367) stylex_css_parser css_types::transform_function::transform_function_coverage_test::scale3d_parse_whitespace_before_second_comma
        PASS [   0.011s] (3176/4367) stylex_css_parser css_types::transform_function::transform_function_coverage_test::scale3d_parse_whitespace_before_sy
        PASS [   0.014s] (3177/4367) stylex_css_parser css_types::transform_function::transform_function_coverage_test::scale3d_parse_whitespace_before_first_comma
        PASS [   0.012s] (3178/4367) stylex_css_parser css_types::transform_function::transform_function_coverage_test::scale3d_parse_whitespace_before_sz
        PASS [   0.015s] (3179/4367) stylex_css_parser css_types::transform_function::transform_function_coverage_test::scale3d_parse_whitespace_before_sx
        PASS [   0.012s] (3180/4367) stylex_css_parser css_types::transform_function::transform_function_coverage_test::scale_axis_display_all_variants
        PASS [   0.011s] (3181/4367) stylex_css_parser css_types::transform_function::transform_function_coverage_test::scale_axis_y_exercises_flat_map_closures
        PASS [   0.012s] (3182/4367) stylex_css_parser css_types::transform_function::transform_function_coverage_test::scale_axis_x_exercises_flat_map_closures
        PASS [   0.012s] (3183/4367) stylex_css_parser css_types::transform_function::transform_function_coverage_test::scale_axis_x_percentage_value
        PASS [   0.012s] (3184/4367) stylex_css_parser css_types::transform_function::transform_function_coverage_test::scale_axis_z_exercises_flat_map_closures
        PASS [   0.011s] (3185/4367) stylex_css_parser css_types::transform_function::transform_function_coverage_test::scale_parse_error_eof_at_start
        PASS [   0.012s] (3186/4367) stylex_css_parser css_types::transform_function::transform_function_coverage_test::scale_parse_error_eof_before_close
        PASS [   0.011s] (3187/4367) stylex_css_parser css_types::transform_function::transform_function_coverage_test::scale_parse_error_non_function_token
        PASS [   0.014s] (3188/4367) stylex_css_parser css_types::transform_function::transform_function_coverage_test::scale_display_single_and_two_value
        PASS [   0.014s] (3189/4367) stylex_css_parser css_types::transform_function::transform_function_coverage_test::scale_parse_error_sy_not_a_number
        PASS [   0.011s] (3190/4367) stylex_css_parser css_types::transform_function::transform_function_coverage_test::scale_parse_whitespace_before_close
        PASS [   0.013s] (3191/4367) stylex_css_parser css_types::transform_function::transform_function_coverage_test::scale_parse_error_wrong_close_token
        PASS [   0.011s] (3192/4367) stylex_css_parser css_types::transform_function::transform_function_coverage_test::scale_parse_whitespace_before_comma_and_sy
        PASS [   0.013s] (3193/4367) stylex_css_parser css_types::transform_function::transform_function_coverage_test::scale_parse_whitespace_before_close_with_sy
        PASS [   0.011s] (3194/4367) stylex_css_parser css_types::transform_function::transform_function_coverage_test::scale_with_percentage_covers_percentage_to_f64_arm
        PASS [   0.017s] (3195/4367) stylex_css_parser css_types::transform_function::transform_function_coverage_test::scale_parse_error_wrong_function_name
        PASS [   0.012s] (3196/4367) stylex_css_parser css_types::transform_function::transform_function_coverage_test::skew_axis_display_x_and_y
        PASS [   0.011s] (3197/4367) stylex_css_parser css_types::transform_function::transform_function_coverage_test::skew_display_with_two_angles
        PASS [   0.011s] (3198/4367) stylex_css_parser css_types::transform_function::transform_function_coverage_test::skew_parse_accepts_whitespace_and_second_angle
        PASS [   0.011s] (3199/4367) stylex_css_parser css_types::transform_function::transform_function_coverage_test::skew_parse_errors_on_eof
        PASS [   0.012s] (3200/4367) stylex_css_parser css_types::transform_function::transform_function_coverage_test::skew_parse_propagates_close_paren_error
        PASS [   0.013s] (3201/4367) stylex_css_parser css_types::transform_function::transform_function_coverage_test::skew_parse_propagates_first_angle_error
        PASS [   0.013s] (3202/4367) stylex_css_parser css_types::transform_function::transform_function_coverage_test::skew_parse_propagates_second_angle_error
        PASS [   0.014s] (3203/4367) stylex_css_parser css_types::transform_function::transform_function_coverage_test::translate3d_new_constructor
        PASS [   0.012s] (3204/4367) stylex_css_parser css_types::transform_function::transform_function_coverage_test::translate3d_parse_accepts_comma_separated_values
        PASS [   0.012s] (3205/4367) stylex_css_parser css_types::transform_function::transform_function_coverage_test::translate3d_parse_errors_on_eof
        PASS [   0.014s] (3206/4367) stylex_css_parser css_types::transform_function::transform_function_coverage_test::translate3d_parse_propagates_first_comma_error
        PASS [   0.013s] (3207/4367) stylex_css_parser css_types::transform_function::transform_function_coverage_test::translate3d_parse_propagates_second_comma_error
        PASS [   0.015s] (3208/4367) stylex_css_parser css_types::transform_function::transform_function_coverage_test::translate3d_parse_propagates_close_paren_error
        PASS [   0.011s] (3209/4367) stylex_css_parser css_types::transform_function::transform_function_coverage_test::translate3d_parse_propagates_ty_error
        PASS [   0.014s] (3210/4367) stylex_css_parser css_types::transform_function::transform_function_coverage_test::translate3d_parse_propagates_tx_error
        PASS [   0.011s] (3211/4367) stylex_css_parser css_types::transform_function::transform_function_coverage_test::translate_axis_display_all_variants
        PASS [   0.013s] (3212/4367) stylex_css_parser css_types::transform_function::transform_function_coverage_test::translate3d_parse_propagates_tz_error
        PASS [   0.011s] (3213/4367) stylex_css_parser css_types::transform_function::transform_function_coverage_test::translate_axis_z_exercises_flat_map_closures
        PASS [   0.012s] (3214/4367) stylex_css_parser css_types::transform_function::transform_function_coverage_test::translate_axis_y_exercises_flat_map_closures
        PASS [   0.012s] (3215/4367) stylex_css_parser css_types::transform_function::transform_function_coverage_test::translate_axis_x_exercises_flat_map_closures
        PASS [   0.012s] (3216/4367) stylex_css_parser css_types::transform_function::transform_function_coverage_test::translate_parse_error_eof_at_start
        PASS [   0.013s] (3217/4367) stylex_css_parser css_types::transform_function::transform_function_coverage_test::translate_display_single_and_two_value
        PASS [   0.012s] (3218/4367) stylex_css_parser css_types::transform_function::transform_function_coverage_test::translate_parse_error_eof_before_close
        PASS [   0.013s] (3219/4367) stylex_css_parser css_types::transform_function::transform_function_coverage_test::translate_parse_error_non_function_token
        PASS [   0.012s] (3220/4367) stylex_css_parser css_types::transform_function::transform_function_coverage_test::translate_parse_error_ty_not_a_length
        PASS [   0.012s] (3221/4367) stylex_css_parser css_types::transform_function::transform_function_coverage_test::translate_parse_error_wrong_close_token
        PASS [   0.011s] (3222/4367) stylex_css_parser css_types::transform_function::transform_function_coverage_test::translate_parse_whitespace_before_close_with_ty
        PASS [   0.012s] (3223/4367) stylex_css_parser css_types::transform_function::transform_function_coverage_test::translate_parse_whitespace_before_close
        PASS [   0.014s] (3224/4367) stylex_css_parser css_types::transform_function::transform_function_coverage_test::translate_parse_error_wrong_function_name
        PASS [   0.016s] (3225/4367) stylex_css_parser css_types::transform_function::transform_function_coverage_test::translate_parse_whitespace_after_comma
        PASS [   0.011s] (3226/4367) stylex_css_parser css_types::transform_function::transform_function_precision_test::malformed_and_extreme_input::a_variable_argument_is_refused
        PASS [   0.012s] (3227/4367) stylex_css_parser css_types::transform_function::transform_function_coverage_test::translate_parse_whitespace_before_comma_check
        PASS [   0.011s] (3228/4367) stylex_css_parser css_types::transform_function::transform_function_precision_test::malformed_and_extreme_input::a_wrong_argument_count_is_still_refused
        PASS [   0.013s] (3229/4367) stylex_css_parser css_types::transform_function::transform_function_precision_test::malformed_and_extreme_input::a_misread_escape_names_no_function
        PASS [   0.015s] (3230/4367) stylex_css_parser css_types::transform_function::transform_function_precision_test::malformed_and_extreme_input::an_absurdly_long_argument_collapses_to_the_nearest_double
        PASS [   0.012s] (3231/4367) stylex_css_parser css_types::transform_function::transform_function_precision_test::malformed_and_extreme_input::an_argument_of_the_wrong_type_is_still_refused
        PASS [   0.011s] (3232/4367) stylex_css_parser css_types::transform_function::transform_function_precision_test::malformed_and_extreme_input::an_unclosed_function_is_still_tolerated
        PASS [   0.012s] (3233/4367) stylex_css_parser css_types::transform_function::transform_function_precision_test::malformed_and_extreme_input::an_escaped_function_name_still_names_the_function
        PASS [   0.011s] (3234/4367) stylex_css_parser css_types::transform_function::transform_function_precision_test::malformed_and_extreme_input::malformed_syntax_is_refused_rather_than_panicking
        PASS [   0.012s] (3235/4367) stylex_css_parser css_types::transform_function::transform_function_precision_test::precision_past_six_decimals_survives::a_matrix3d_keeps_every_argument_it_was_given
        PASS [   0.012s] (3236/4367) stylex_css_parser css_types::transform_function::transform_function_precision_test::precision_past_six_decimals_survives::a_matrix_keeps_every_argument_it_was_given
        PASS [   0.013s] (3237/4367) stylex_css_parser css_types::transform_function::transform_function_precision_test::precision_past_six_decimals_survives::a_matrix_at_full_double_precision_round_trips
        PASS [   0.012s] (3238/4367) stylex_css_parser css_types::transform_function::transform_function_precision_test::precision_past_six_decimals_survives::a_whole_number_past_the_i64_range_is_not_saturated
        PASS [   0.013s] (3239/4367) stylex_css_parser css_types::transform_function::transform_function_precision_test::precision_past_six_decimals_survives::the_scale_and_rotate_arms_keep_their_arguments
        PASS [   0.011s] (3240/4367) stylex_css_parser css_types::transform_function::transform_function_precision_test::the_shared_formatter_spellings::past_the_lower_threshold
        PASS [   0.013s] (3241/4367) stylex_css_parser css_types::transform_function::transform_function_precision_test::the_reference_compilers_own_matrix_cases
        PASS [   0.013s] (3242/4367) stylex_css_parser css_types::transform_function::transform_function_precision_test::the_shared_formatter_spellings::on_a_negative_zero_and_an_overflow
        PASS [   0.015s] (3243/4367) stylex_css_parser css_types::transform_function::transform_function_precision_test::the_shared_formatter_spellings::past_the_upper_threshold
        PASS [   0.012s] (3244/4367) stylex_css_parser css_value::css_value_coverage_test::as_angle_returns_none_for_ident
        PASS [   0.011s] (3245/4367) stylex_css_parser css_value::css_value_coverage_test::as_angle_returns_none_for_number
        PASS [   0.017s] (3246/4367) stylex_css_parser css_types::transform_function::transform_function_precision_test::the_shared_formatter_spellings::without_disturbing_the_rotate3d_axis_shorthands
        PASS [   0.011s] (3247/4367) stylex_css_parser css_value::css_value_coverage_test::as_color_returns_none_for_number
        PASS [   0.013s] (3248/4367) stylex_css_parser css_value::css_value_coverage_test::as_angle_returns_some_for_angle_variant
        PASS [   0.012s] (3249/4367) stylex_css_parser css_value::css_value_coverage_test::as_color_returns_none_for_string
        PASS [   0.012s] (3250/4367) stylex_css_parser css_value::css_value_coverage_test::as_color_returns_some_for_color_variant
        PASS [   0.013s] (3251/4367) stylex_css_parser css_value::css_value_coverage_test::as_dimension_returns_none_for_number
        PASS [   0.013s] (3252/4367) stylex_css_parser css_value::css_value_coverage_test::as_dimension_returns_none_for_percentage
        PASS [   0.012s] (3253/4367) stylex_css_parser css_value::css_value_coverage_test::as_number_returns_none_for_ident
        PASS [   0.011s] (3254/4367) stylex_css_parser css_value::css_value_coverage_test::as_number_returns_none_for_none_variant
        PASS [   0.011s] (3255/4367) stylex_css_parser css_value::css_value_coverage_test::as_number_returns_some_for_dimension
        PASS [   0.012s] (3256/4367) stylex_css_parser css_value::css_value_coverage_test::as_number_returns_some_for_percentage
        PASS [   0.013s] (3257/4367) stylex_css_parser css_value::css_value_coverage_test::as_percentage_returns_none_for_dimension
        PASS [   0.013s] (3258/4367) stylex_css_parser css_value::css_value_coverage_test::as_percentage_returns_none_for_number
        PASS [   0.013s] (3259/4367) stylex_css_parser css_value::css_value_coverage_test::as_string_returns_none_for_none_variant
        PASS [   0.011s] (3260/4367) stylex_css_parser css_value::css_value_coverage_test::display_angle_variant
        PASS [   0.015s] (3261/4367) stylex_css_parser css_value::css_value_coverage_test::as_string_returns_none_for_number
        PASS [   0.013s] (3262/4367) stylex_css_parser css_value::css_value_coverage_test::display_color_variant
        PASS [   0.012s] (3263/4367) stylex_css_parser css_value::css_value_coverage_test::display_function_propagates_writer_errors_on_every_inner_write
        PASS [   0.012s] (3264/4367) stylex_css_parser css_value::css_value_coverage_test::display_function_single_arg_no_comma
        PASS [   0.012s] (3265/4367) stylex_css_parser css_value::css_value_coverage_test::display_function_zero_args
        PASS [   0.014s] (3266/4367) stylex_css_parser css_value::css_value_coverage_test::display_function_with_args_formats_correctly
        PASS [   0.014s] (3267/4367) stylex_css_parser css_value::css_value_coverage_test::display_length_variant
        PASS [   0.012s] (3268/4367) stylex_css_parser css_value::css_value_coverage_test::display_none_variant
        PASS [   0.013s] (3269/4367) stylex_css_parser css_value::css_value_coverage_test::display_sequence_multiple_items_space_separated
        PASS [   0.012s] (3270/4367) stylex_css_parser css_value::css_value_coverage_test::display_sequence_single_item_no_space
        PASS [   0.011s] (3271/4367) stylex_css_parser css_value::css_value_coverage_test::from_simple_token_dimension_becomes_css_value_dimension
        PASS [   0.011s] (3272/4367) stylex_css_parser css_value::css_value_coverage_test::display_string_variant_wraps_in_quotes
        PASS [   0.017s] (3273/4367) stylex_css_parser css_value::css_value_coverage_test::display_sequence_propagates_writer_errors_on_every_inner_write
        PASS [   0.016s] (3274/4367) stylex_css_parser css_value::css_value_coverage_test::display_token_variant_uses_debug_format
        PASS [   0.014s] (3275/4367) stylex_css_parser css_value::css_value_coverage_test::from_simple_token_percentage_becomes_css_value_percentage
        PASS [   0.015s] (3276/4367) stylex_css_parser css_value::css_value_coverage_test::from_simple_token_string_becomes_css_value_string
        PASS [   0.013s] (3277/4367) stylex_css_parser css_value::css_value_coverage_test::has_unit_returns_false_for_percentage
        PASS [   0.014s] (3278/4367) stylex_css_parser css_value::css_value_coverage_test::has_unit_returns_false_for_number
        PASS [   0.011s] (3279/4367) stylex_css_parser css_value::css_value_coverage_test::has_unit_returns_false_for_wrong_unit
        PASS [   0.012s] (3280/4367) stylex_css_parser css_value::css_value_coverage_test::is_angle_true_for_angle_variant
        PASS [   0.012s] (3281/4367) stylex_css_parser css_value::css_value_coverage_test::is_color_false_for_string
        PASS [   0.013s] (3282/4367) stylex_css_parser css_value::css_value_coverage_test::is_angle_false_for_dimension
        PASS [   0.010s] (3283/4367) stylex_css_parser css_value::css_value_coverage_test::is_function_false_for_ident
        PASS [   0.014s] (3284/4367) stylex_css_parser css_value::css_value_coverage_test::is_color_true_for_color_variant
        PASS [   0.011s] (3285/4367) stylex_css_parser css_value::css_value_coverage_test::is_function_true_for_function_variant
        PASS [   0.011s] (3286/4367) stylex_css_parser css_value::css_value_coverage_test::is_sequence_false_for_number
        PASS [   0.012s] (3287/4367) stylex_css_parser css_value::css_value_coverage_test::is_ident_false_for_string
        PASS [   0.013s] (3288/4367) stylex_css_parser css_value::css_value_coverage_test::is_ident_true_for_ident_variant
        PASS [   0.012s] (3289/4367) stylex_css_parser css_value::css_value_coverage_test::is_sequence_true_for_sequence_variant
        PASS [   0.013s] (3290/4367) stylex_css_parser css_value::css_value_coverage_test::is_string_false_for_ident
        PASS [   0.013s] (3291/4367) stylex_css_parser css_value::css_value_coverage_test::is_string_true_for_string_variant
        PASS [   0.012s] (3292/4367) stylex_css_parser css_value::tests::test_as_color_returns_none_for_non_color
        PASS [   0.014s] (3293/4367) stylex_css_parser css_value::tests::test_as_angle_returns_none_for_non_angle
        PASS [   0.012s] (3294/4367) stylex_css_parser css_value::tests::test_as_function_returns_none_for_non_function
        PASS [   0.014s] (3295/4367) stylex_css_parser css_value::tests::test_as_sequence_returns_none_for_non_sequence
        PASS [   0.012s] (3296/4367) stylex_css_parser css_value::tests::test_css_value_creation
        PASS [   0.012s] (3297/4367) stylex_css_parser css_value::tests::test_from_color
        PASS [   0.012s] (3298/4367) stylex_css_parser css_value::tests::test_from_angle
        PASS [   0.017s] (3299/4367) stylex_css_parser css_value::tests::test_display_formatting
        PASS [   0.010s] (3300/4367) stylex_css_parser css_value::tests::test_from_simple_token_ident
        PASS [   0.011s] (3301/4367) stylex_css_parser css_value::tests::test_from_percentage
        PASS [   0.011s] (3302/4367) stylex_css_parser css_value::tests::test_from_length
        PASS [   0.012s] (3303/4367) stylex_css_parser css_value::tests::test_from_f64
        PASS [   0.013s] (3304/4367) stylex_css_parser css_value::tests::test_from_simple_token_number
        PASS [   0.012s] (3305/4367) stylex_css_parser css_value::tests::test_from_simple_token_unknown
        PASS [   0.012s] (3306/4367) stylex_css_parser css_value::tests::test_from_str
        PASS [   0.011s] (3307/4367) stylex_css_parser css_value::tests::test_from_string
        PASS [   0.014s] (3308/4367) stylex_css_parser css_value::tests::test_function_value
        PASS [   0.012s] (3309/4367) stylex_css_parser css_value::tests::test_get_unit
        PASS [   0.012s] (3310/4367) stylex_css_parser css_value::tests::test_is_none
        PASS [   0.012s] (3311/4367) stylex_css_parser flex_parser::tests::test_mixed_sequence
        PASS [   0.013s] (3312/4367) stylex_css_parser css_value::tests::test_sequence_value
        PASS [   0.015s] (3313/4367) stylex_css_parser css_value::tests::test_type_checking
        PASS [   0.011s] (3314/4367) stylex_css_parser flex_parser::tests::test_smart_tokens
        PASS [   0.011s] (3315/4367) stylex_css_parser flex_parser::tests::test_try_all_flexibility
        PASS [   0.011s] (3316/4367) stylex_css_parser lib_tests::test_api_exports_available
        PASS [   0.014s] (3317/4367) stylex_css_parser lib_tests::test_crate_level_types
        PASS [   0.013s] (3318/4367) stylex_css_parser lib_tests::test_error_types_comprehensive
        PASS [   0.010s] (3319/4367) stylex_css_parser lib_tests::test_readme_example_compatibility
        PASS [   0.012s] (3320/4367) stylex_css_parser lib_tests::test_module_accessibility
        PASS [   0.012s] (3321/4367) stylex_css_parser properties::border_radius::border_radius_coverage_test::expand_radii_four_values
        PASS [   0.012s] (3322/4367) stylex_css_parser lib_tests::test_standard_imports
        PASS [   0.011s] (3323/4367) stylex_css_parser properties::border_radius::border_radius_coverage_test::expand_radii_one_value
        PASS [   0.012s] (3324/4367) stylex_css_parser properties::border_radius::border_radius_coverage_test::expand_radii_two_values
        PASS [   0.011s] (3325/4367) stylex_css_parser properties::border_radius::border_radius_coverage_test::expand_radii_zero_values_panics
        PASS [   0.015s] (3326/4367) stylex_css_parser properties::border_radius::border_radius_coverage_test::expand_radii_three_values
        PASS [   0.011s] (3327/4367) stylex_css_parser properties::border_radius::border_radius_coverage_test::to_string_four_distinct_value_vertical_shorthand
        PASS [   0.013s] (3328/4367) stylex_css_parser properties::border_radius::border_radius_coverage_test::parser_clamps_more_than_four_values_to_first_four
        PASS [   0.012s] (3329/4367) stylex_css_parser properties::border_radius::border_radius_coverage_test::shorthand_new_with_all_vertical_explicit
        PASS [   0.013s] (3330/4367) stylex_css_parser properties::border_radius::border_radius_coverage_test::to_string_four_distinct_value_horizontal_shorthand
        PASS [   0.012s] (3331/4367) stylex_css_parser properties::border_radius::border_radius_coverage_test::to_string_three_value_vertical_shorthand
        PASS [   0.013s] (3332/4367) stylex_css_parser properties::border_radius::border_radius_coverage_test::to_string_three_value_horizontal_shorthand
        PASS [   0.013s] (3333/4367) stylex_css_parser properties::border_radius::border_radius_coverage_test::to_string_two_value_horizontal_shorthand
        PASS [   0.012s] (3334/4367) stylex_css_parser properties::border_radius::border_radius_test::test_css_property_border_dir_dir_radius::border_radius_individual_various_units
        PASS [   0.013s] (3335/4367) stylex_css_parser properties::border_radius::border_radius_coverage_test::to_string_two_value_vertical_shorthand
        PASS [   0.011s] (3336/4367) stylex_css_parser properties::border_radius::border_radius_test::test_css_property_border_dir_dir_radius::valid_border_dir_dir_radius_calc_expressions
        PASS [   0.011s] (3337/4367) stylex_css_parser properties::border_radius::border_radius_test::test_css_property_border_dir_dir_radius::valid_border_dir_dir_radius_length_percentage_length_percentage
        PASS [   0.014s] (3338/4367) stylex_css_parser properties::border_radius::border_radius_test::test_css_property_border_dir_dir_radius::invalid_border_dir_dir_radius
        PASS [   0.012s] (3339/4367) stylex_css_parser properties::border_radius::border_radius_test::test_css_property_border_radius_shorthand::valid_border_radius_length_percentage
        PASS [   0.012s] (3340/4367) stylex_css_parser properties::border_radius::border_radius_test::test_css_property_border_radius_shorthand::valid_border_radius_length_percentage_length_percentage_length_percentage
        PASS [   0.016s] (3341/4367) stylex_css_parser properties::border_radius::border_radius_test::test_css_property_border_dir_dir_radius::valid_border_dir_dir_radius_length_percentage
        PASS [   0.013s] (3342/4367) stylex_css_parser properties::border_radius::border_radius_test::test_css_property_border_radius_shorthand::valid_border_radius_length_percentage_length_percentage
        PASS [   0.012s] (3343/4367) stylex_css_parser properties::border_radius::border_radius_test::test_css_property_border_radius_shorthand::valid_border_radius_length_percentage_length_percentage_length_percentage_length_percentage
        PASS [   0.012s] (3344/4367) stylex_css_parser properties::border_radius::border_radius_test::test_css_property_border_radius_shorthand::valid_border_radius_length_percentage_length_percentage_length_percentage_slash_length_percentage_length_percentage_length_percentage
        PASS [   0.012s] (3345/4367) stylex_css_parser properties::border_radius::border_radius_test::test_css_property_border_radius_shorthand::valid_border_radius_length_percentage_slash_length_percentage
        PASS [   0.015s] (3346/4367) stylex_css_parser properties::border_radius::border_radius_test::test_css_property_border_radius_shorthand::valid_border_radius_length_percentage_length_percentage_slash_length_percentage_length_percentage
        PASS [   0.011s] (3347/4367) stylex_css_parser properties::border_radius::border_radius_test::test_css_property_border_radius_shorthand::valid_border_radius_percentage
        PASS [   0.011s] (3348/4367) stylex_css_parser properties::border_radius::tests::test_border_radius_common_css_values
        PASS [   0.012s] (3349/4367) stylex_css_parser properties::border_radius::tests::test_border_radius_elliptical
        PASS [   0.011s] (3350/4367) stylex_css_parser properties::border_radius::tests::test_border_radius_equality
        PASS [   0.012s] (3351/4367) stylex_css_parser properties::border_radius::tests::test_border_radius_individual_creation
        PASS [   0.011s] (3352/4367) stylex_css_parser properties::border_radius::tests::test_border_radius_individual_display
        PASS [   0.011s] (3353/4367) stylex_css_parser properties::border_radius::tests::test_border_radius_individual_parser_creation
        PASS [   0.015s] (3354/4367) stylex_css_parser properties::border_radius::tests::test_border_radius_individual_different_values
        PASS [   0.012s] (3355/4367) stylex_css_parser properties::border_radius::tests::test_border_radius_parser_creation
        PASS [   0.012s] (3356/4367) stylex_css_parser properties::border_radius::tests::test_border_radius_shorthand_creation
        PASS [   0.015s] (3357/4367) stylex_css_parser properties::border_radius::tests::test_border_radius_mixed_units
        PASS [   0.015s] (3358/4367) stylex_css_parser properties::border_radius::tests::test_border_radius_shorthand_css_expansion
        PASS [   0.012s] (3359/4367) stylex_css_parser properties::border_radius::tests::test_border_radius_shorthand_display_single_value
        PASS [   0.011s] (3360/4367) stylex_css_parser properties::border_radius::tests::test_border_radius_shorthand_no_slash_when_same
        PASS [   0.011s] (3361/4367) stylex_css_parser properties::border_radius::tests::test_border_radius_shorthand_parser_creation
        PASS [   0.014s] (3362/4367) stylex_css_parser properties::border_radius::tests::test_border_radius_shorthand_slash_separated
        PASS [   0.011s] (3363/4367) stylex_css_parser properties::box_shadow::box_shadow_coverage_test::is_inset_ident_returns_false_for_other_ident
        PASS [   0.012s] (3364/4367) stylex_css_parser properties::box_shadow::box_shadow_coverage_test::is_inset_ident_returns_false_for_non_ident
        PASS [   0.011s] (3365/4367) stylex_css_parser properties::box_shadow::box_shadow_coverage_test::is_inset_ident_returns_true_for_inset
        PASS [   0.010s] (3366/4367) stylex_css_parser properties::box_shadow::box_shadow_coverage_test::is_none_ident_returns_true_for_none
        PASS [   0.011s] (3367/4367) stylex_css_parser properties::box_shadow::box_shadow_coverage_test::simple_with_explicit_blur_and_spread
        PASS [   0.015s] (3368/4367) stylex_css_parser properties::box_shadow::box_shadow_coverage_test::is_none_ident_returns_false_for_non_ident
        PASS [   0.012s] (3369/4367) stylex_css_parser properties::box_shadow::box_shadow_coverage_test::is_none_ident_returns_false_for_other_ident
        PASS [   0.012s] (3370/4367) stylex_css_parser properties::box_shadow::box_shadow_coverage_test::simple_with_none_blur_and_spread_defaults_to_zero
        PASS [   0.014s] (3371/4367) stylex_css_parser properties::box_shadow::box_shadow_test::test_css_property_box_shadow::box_shadow::valid_box_shadow_with_blur_and_spread_radius_offsetx_offsety_blurradius_spreadradius_color
        PASS [   0.011s] (3372/4367) stylex_css_parser properties::box_shadow::box_shadow_test::test_css_property_box_shadow::box_shadow::valid_box_shadow_with_different_length_units
        PASS [   0.011s] (3373/4367) stylex_css_parser properties::box_shadow::box_shadow_test::test_css_property_box_shadow::box_shadow::valid_box_shadow_with_hsla_color
        PASS [   0.013s] (3374/4367) stylex_css_parser properties::box_shadow::box_shadow_test::test_css_property_box_shadow::box_shadow::valid_box_shadow_with_blur_radius_offsetx_offsety_blurradius_color
        PASS [   0.013s] (3375/4367) stylex_css_parser properties::box_shadow::box_shadow_test::test_css_property_box_shadow::box_shadow::valid_box_shadow_with_inset_keyword
        PASS [   0.012s] (3376/4367) stylex_css_parser properties::box_shadow::box_shadow_test::test_css_property_box_shadow::box_shadow::valid_box_shadow_with_inset_keyword_and_blur_spread_radius
        PASS [   0.011s] (3377/4367) stylex_css_parser properties::box_shadow::box_shadow_test::test_css_property_box_shadow::box_shadow::valid_box_shadow_with_rgba_color
        PASS [   0.011s] (3378/4367) stylex_css_parser properties::box_shadow::box_shadow_test::test_css_property_box_shadow::box_shadow_list::valid_box_shadows_with_whitespace_around_commas
        PASS [   0.013s] (3379/4367) stylex_css_parser properties::box_shadow::box_shadow_test::test_css_property_box_shadow::box_shadow::valid_box_shadow_with_required_parameters_offsetx_offsety_color
        PASS [   0.016s] (3380/4367) stylex_css_parser properties::box_shadow::box_shadow_test::test_css_property_box_shadow::box_shadow_list::valid_multiple_box_shadows
        PASS [   0.012s] (3381/4367) stylex_css_parser properties::box_shadow::box_shadow_test::test_css_property_box_shadow::invalid_cases::invalid_malformed_values
        PASS [   0.012s] (3382/4367) stylex_css_parser properties::box_shadow::box_shadow_test::test_css_property_box_shadow::invalid_cases::invalid_missing_required_parameters
        PASS [   0.013s] (3383/4367) stylex_css_parser properties::box_shadow::box_shadow_test::test_css_property_box_shadow::invalid_cases::invalid_incorrect_order_of_parameters
        PASS [   0.015s] (3384/4367) stylex_css_parser properties::box_shadow::box_shadow_test::test_css_property_box_shadow::box_shadow_list::valid_single_box_shadow
        PASS [   0.013s] (3385/4367) stylex_css_parser properties::box_shadow::box_shadow_test::test_css_property_box_shadow_list::box_shadow_list_complex
        PASS [   0.013s] (3386/4367) stylex_css_parser properties::box_shadow::box_shadow_test::test_css_property_box_shadow_list::box_shadow_list_edge_cases
        PASS [   0.012s] (3387/4367) stylex_css_parser properties::box_shadow::box_shadow_test::test_css_property_box_shadow_list::box_shadow_list_single
        PASS [   0.012s] (3388/4367) stylex_css_parser properties::box_shadow::box_shadow_test::test_css_property_box_shadow_list::box_shadow_list_whitespace_handling
        PASS [   0.014s] (3389/4367) stylex_css_parser properties::box_shadow::box_shadow_test::test_css_property_box_shadow_list::box_shadow_list_multiple
        PASS [   0.011s] (3390/4367) stylex_css_parser properties::box_shadow::box_shadow_test::test_css_property_box_shadow_list::box_shadow_none_edge_cases
        PASS [   0.013s] (3391/4367) stylex_css_parser properties::box_shadow::box_shadow_test::test_css_property_box_shadow_list::box_shadow_none
        PASS [   0.013s] (3392/4367) stylex_css_parser properties::box_shadow::box_shadow_test::test_css_property_box_shadow_list::box_shadow_none_comprehensive
        PASS [   0.013s] (3393/4367) stylex_css_parser properties::box_shadow::box_shadow_test::test_css_property_box_shadow_list::invalid_box_shadow_list
        PASS [   0.013s] (3394/4367) stylex_css_parser properties::box_shadow::tests::test_box_shadow_common_values
        PASS [   0.012s] (3395/4367) stylex_css_parser properties::box_shadow::tests::test_box_shadow_display
        PASS [   0.014s] (3396/4367) stylex_css_parser properties::box_shadow::tests::test_box_shadow_creation
        PASS [   0.013s] (3397/4367) stylex_css_parser properties::box_shadow::tests::test_box_shadow_inset
        PASS [   0.014s] (3398/4367) stylex_css_parser properties::box_shadow::tests::test_box_shadow_equality
        PASS [   0.011s] (3399/4367) stylex_css_parser properties::box_shadow::tests::test_box_shadow_list_creation
        PASS [   0.011s] (3400/4367) stylex_css_parser properties::box_shadow::tests::test_box_shadow_list_display
        PASS [   0.016s] (3401/4367) stylex_css_parser properties::box_shadow::tests::test_box_shadow_display_zero_values
        PASS [   0.011s] (3402/4367) stylex_css_parser properties::box_shadow::tests::test_box_shadow_parser_creation
        PASS [   0.011s] (3403/4367) stylex_css_parser properties::box_shadow::tests::test_box_shadow_simple_constructor
        PASS [   0.013s] (3404/4367) stylex_css_parser properties::box_shadow::tests::test_box_shadow_with_spread
        PASS [   0.012s] (3405/4367) stylex_css_parser properties::transform::tests::test_transform_common_functions
        PASS [   0.011s] (3406/4367) stylex_css_parser properties::transform::tests::test_transform_display
        PASS [   0.014s] (3407/4367) stylex_css_parser properties::transform::tests::test_transform_complex_combination
        PASS [   0.013s] (3408/4367) stylex_css_parser properties::transform::tests::test_transform_creation
        PASS [   0.011s] (3409/4367) stylex_css_parser properties::transform::tests::test_transform_function_creation
        PASS [   0.012s] (3410/4367) stylex_css_parser properties::transform::tests::test_transform_empty
        PASS [   0.013s] (3411/4367) stylex_css_parser properties::transform::tests::test_transform_equality
        PASS [   0.013s] (3412/4367) stylex_css_parser properties::transform::tests::test_transform_parser_creation
        PASS [   0.015s] (3413/4367) stylex_css_parser properties::transform::tests::test_transform_function_display
        PASS [   0.013s] (3414/4367) stylex_css_parser properties::transform::tests::test_transform_single_function
        PASS [   0.013s] (3415/4367) stylex_css_parser properties::transform::transform_test::test_css_property_transform::multiple_functions::perspective_plus_matrix3d
        PASS [   0.012s] (3416/4367) stylex_css_parser properties::transform::transform_test::test_css_property_transform::multiple_functions::scale_plus_rotate
        PASS [   0.012s] (3417/4367) stylex_css_parser properties::transform::transform_test::test_css_property_transform::multiple_functions::scale_plus_rotate_plus_translate_plus_skew
        PASS [   0.013s] (3418/4367) stylex_css_parser properties::transform::transform_test::test_css_property_transform::multiple_functions::scale3d_plus_rotate3d
        PASS [   0.012s] (3419/4367) stylex_css_parser properties::transform::transform_test::test_css_property_transform::single_functions::matrix3d
        PASS [   0.012s] (3420/4367) stylex_css_parser properties::transform::transform_test::test_css_property_transform::single_functions::matrix
        PASS [   0.012s] (3421/4367) stylex_css_parser properties::transform::transform_test::test_css_property_transform::single_functions::perspective
        PASS [   0.010s] (3422/4367) stylex_css_parser properties::transform::transform_test::test_css_property_transform::single_functions::rotatex
        PASS [   0.013s] (3423/4367) stylex_css_parser properties::transform::transform_test::test_css_property_transform::single_functions::rotate
        PASS [   0.012s] (3424/4367) stylex_css_parser properties::transform::transform_test::test_css_property_transform::single_functions::rotate3d
        PASS [   0.011s] (3425/4367) stylex_css_parser properties::transform::transform_test::test_css_property_transform::single_functions::rotatez
        PASS [   0.012s] (3426/4367) stylex_css_parser properties::transform::transform_test::test_css_property_transform::single_functions::rotatey
        PASS [   0.012s] (3427/4367) stylex_css_parser token_parser::tests::test_flat_map_parser
        PASS [   0.012s] (3428/4367) stylex_css_parser token_parser::tests::test_label_preservation
        PASS [   0.013s] (3429/4367) stylex_css_parser token_parser::tests::test_map_parser
        PASS [   0.015s] (3430/4367) stylex_css_parser token_parser::tests::test_always_parser
        PASS [   0.013s] (3431/4367) stylex_css_parser token_parser::tests::test_never_parser
        PASS [   0.011s] (3432/4367) stylex_css_parser token_parser::tests::test_one_of_parser
        PASS [   0.011s] (3433/4367) stylex_css_parser token_parser::tests::test_or_parser
        PASS [   0.011s] (3434/4367) stylex_css_parser token_parser::tests::test_optional_parser
        PASS [   0.012s] (3435/4367) stylex_css_parser token_parser::tests::test_where_predicate_parser
        PASS [   0.014s] (3436/4367) stylex_css_parser token_parser::tests::test_parse_to_end
        PASS [   0.011s] (3437/4367) stylex_css_parser token_parser::token_parser_coverage_test::always_make_label_non_unit_type_returns_always_fmt
        PASS [   0.011s] (3438/4367) stylex_css_parser token_parser::token_parser_coverage_test::always_make_label_unit_type_returns_optional
        PASS [   0.015s] (3439/4367) stylex_css_parser token_parser::tests::test_sequence_parser
        PASS [   0.011s] (3440/4367) stylex_css_parser token_parser::token_parser_coverage_test::always_unit_type_uses_optional_label
        PASS [   0.011s] (3441/4367) stylex_css_parser token_parser::token_parser_coverage_test::collect_set_results_all_some
        PASS [   0.011s] (3442/4367) stylex_css_parser token_parser::token_parser_coverage_test::debug_log_result_failure_branch
        PASS [   0.013s] (3443/4367) stylex_css_parser token_parser::token_parser_coverage_test::collect_set_results_has_none_returns_err
        PASS [   0.015s] (3444/4367) stylex_css_parser token_parser::token_parser_coverage_test::build_parse_with_context_error_contains_context_info
        PASS [   0.012s] (3445/4367) stylex_css_parser token_parser::token_parser_coverage_test::debug_method_failure
        PASS [   0.012s] (3446/4367) stylex_css_parser token_parser::token_parser_coverage_test::debug_method_success
        PASS [   0.011s] (3447/4367) stylex_css_parser token_parser::token_parser_coverage_test::extract_function_value_happy_path
        PASS [   0.011s] (3448/4367) stylex_css_parser token_parser::token_parser_coverage_test::extract_ident_value_happy_path
        PASS [   0.014s] (3449/4367) stylex_css_parser token_parser::token_parser_coverage_test::debug_log_result_success_branch
        PASS [   0.011s] (3450/4367) stylex_css_parser token_parser::token_parser_coverage_test::extract_function_value_unreachable_arm
        PASS [   0.011s] (3451/4367) stylex_css_parser token_parser::token_parser_coverage_test::flat_map_second_parser_fails_rewinds
        PASS [   0.012s] (3452/4367) stylex_css_parser token_parser::token_parser_coverage_test::extract_ident_value_unreachable_arm
        PASS [   0.011s] (3453/4367) stylex_css_parser token_parser::token_parser_coverage_test::flexible_sequence_first_parser_is_optional_err
        PASS [   0.014s] (3454/4367) stylex_css_parser token_parser::token_parser_coverage_test::flexible_sequence_first_parser_is_optional_success
        PASS [   0.014s] (3455/4367) stylex_css_parser token_parser::token_parser_coverage_test::flexible_sequence_optional_err_with_separator_consumed
        PASS [   0.013s] (3456/4367) stylex_css_parser token_parser::token_parser_coverage_test::flexible_sequence_optional_none_with_separator_consumed
        PASS [   0.014s] (3457/4367) stylex_css_parser token_parser::token_parser_coverage_test::flexible_sequence_first_right_err_path
        PASS [   0.014s] (3458/4367) stylex_css_parser token_parser::token_parser_coverage_test::flexible_sequence_optional_none_no_separator
        PASS [   0.011s] (3459/4367) stylex_css_parser token_parser::token_parser_coverage_test::flexible_sequence_separated_by_required_missing_separator
        PASS [   0.015s] (3460/4367) stylex_css_parser token_parser::token_parser_coverage_test::flexible_sequence_optional_err_no_separator
        PASS [   0.014s] (3461/4367) stylex_css_parser token_parser::token_parser_coverage_test::flexible_sequence_separated_by_optional_err_rewinds_separator
        PASS [   0.012s] (3462/4367) stylex_css_parser token_parser::token_parser_coverage_test::flexible_sequence_separated_by_optional_matched_without_separator
        PASS [   0.013s] (3463/4367) stylex_css_parser token_parser::token_parser_coverage_test::flexible_sequence_separated_by_optional_none_rewinds_separator
        PASS [   0.013s] (3464/4367) stylex_css_parser token_parser::token_parser_coverage_test::flexible_sequence_separated_by_required_parser_fails
        PASS [   0.011s] (3465/4367) stylex_css_parser token_parser::token_parser_coverage_test::map_error_path_rewinds
        PASS [   0.011s] (3466/4367) stylex_css_parser token_parser::token_parser_coverage_test::match_next_token_eof
        PASS [   0.011s] (3467/4367) stylex_css_parser token_parser::token_parser_coverage_test::match_next_token_err_arm_via_err_result
        PASS [   0.012s] (3468/4367) stylex_css_parser token_parser::token_parser_coverage_test::fn_name_parser_success
        PASS [   0.011s] (3469/4367) stylex_css_parser token_parser::token_parser_coverage_test::match_next_token_success
        PASS [   0.012s] (3470/4367) stylex_css_parser token_parser::token_parser_coverage_test::fn_name_parser_wrong_name_fails
        PASS [   0.013s] (3471/4367) stylex_css_parser token_parser::token_parser_coverage_test::label_method_returns_label
        PASS [   0.015s] (3472/4367) stylex_css_parser token_parser::token_parser_coverage_test::match_next_token_mismatch
        PASS [   0.014s] (3473/4367) stylex_css_parser token_parser::token_parser_coverage_test::one_of_error_with_multiple_errors
        PASS [   0.013s] (3474/4367) stylex_css_parser token_parser::token_parser_coverage_test::one_of_error_with_no_errors
        PASS [   0.010s] (3475/4367) stylex_css_parser token_parser::token_parser_coverage_test::one_or_more_separated_by_first_fails
        PASS [   0.011s] (3476/4367) stylex_css_parser token_parser::token_parser_coverage_test::one_or_more_separated_by_multiple_values
        PASS [   0.012s] (3477/4367) stylex_css_parser token_parser::token_parser_coverage_test::one_or_more_first_match_succeeds_loop_exits
        PASS [   0.012s] (3478/4367) stylex_css_parser token_parser::token_parser_coverage_test::one_of_first_parser_succeeds
        PASS [   0.012s] (3479/4367) stylex_css_parser token_parser::token_parser_coverage_test::one_or_more_first_match_fails
        PASS [   0.014s] (3480/4367) stylex_css_parser token_parser::token_parser_coverage_test::one_of_first_fails_second_succeeds
        PASS [   0.014s] (3481/4367) stylex_css_parser token_parser::token_parser_coverage_test::one_or_more_separated_by_sep_fails_breaks
        PASS [   0.011s] (3482/4367) stylex_css_parser token_parser::token_parser_coverage_test::one_or_more_separated_by_val_fails_rewinds_breaks
        PASS [   0.012s] (3483/4367) stylex_css_parser token_parser::token_parser_coverage_test::one_or_more_static_fails_on_empty
        PASS [   0.012s] (3484/4367) stylex_css_parser token_parser::token_parser_coverage_test::one_or_more_static_multiple
        PASS [   0.012s] (3485/4367) stylex_css_parser token_parser::token_parser_coverage_test::one_or_more_static_single
        PASS [   0.011s] (3486/4367) stylex_css_parser token_parser::token_parser_coverage_test::optional_as_token_parser_parser_succeeds_returns_some
        PASS [   0.012s] (3487/4367) stylex_css_parser token_parser::token_parser_coverage_test::optional_as_token_parser_parser_fails_returns_none
        PASS [   0.012s] (3488/4367) stylex_css_parser token_parser::token_parser_coverage_test::optional_method_produces_optional_label
        PASS [   0.013s] (3489/4367) stylex_css_parser token_parser::token_parser_coverage_test::or_label_one_of_when_other_is_not_optional
        PASS [   0.011s] (3490/4367) stylex_css_parser token_parser::token_parser_coverage_test::or_label_optional_when_other_is_optional_label
        PASS [   0.012s] (3491/4367) stylex_css_parser token_parser::token_parser_coverage_test::or_right_branch
        PASS [   0.011s] (3492/4367) stylex_css_parser token_parser::token_parser_coverage_test::parse_to_end_error_formats_message
        PASS [   0.018s] (3493/4367) stylex_css_parser token_parser::token_parser_coverage_test::or_both_fail
        PASS [   0.012s] (3494/4367) stylex_css_parser token_parser::token_parser_coverage_test::parse_to_end_fails_when_tokens_remain
        PASS [   0.013s] (3495/4367) stylex_css_parser token_parser::token_parser_coverage_test::parse_to_end_tokens_remain_via_always
        PASS [   0.012s] (3496/4367) stylex_css_parser token_parser::token_parser_coverage_test::parse_with_context_success
        PASS [   0.013s] (3497/4367) stylex_css_parser token_parser::token_parser_coverage_test::parse_with_context_error
        PASS [   0.012s] (3498/4367) stylex_css_parser token_parser::token_parser_coverage_test::peek_remaining_none_when_exhausted
        PASS [   0.012s] (3499/4367) stylex_css_parser token_parser::token_parser_coverage_test::peek_remaining_some_when_tokens_present
        PASS [   0.012s] (3500/4367) stylex_css_parser token_parser::token_parser_coverage_test::raw_coverage_set_result_helpers_with_string
        PASS [   0.011s] (3501/4367) stylex_css_parser token_parser::token_parser_coverage_test::raw_coverage_simple_token_surrounded_by_same_prefix_all_paths
        PASS [   0.013s] (3502/4367) stylex_css_parser token_parser::token_parser_coverage_test::raw_coverage_string_one_or_more_separated_by_optional_simple_token_all_paths
        PASS [   0.013s] (3503/4367) stylex_css_parser token_parser::token_parser_coverage_test::raw_coverage_string_one_or_more_separated_by_simple_token_all_paths
        PASS [   0.013s] (3504/4367) stylex_css_parser token_parser::token_parser_coverage_test::raw_coverage_string_or_instantiation_all_paths
        PASS [   0.011s] (3505/4367) stylex_css_parser token_parser::token_parser_coverage_test::raw_coverage_unit_or_instantiation_all_paths
        PASS [   0.013s] (3506/4367) stylex_css_parser token_parser::token_parser_coverage_test::raw_coverage_string_surrounded_by_same_prefix_all_paths
        PASS [   0.013s] (3507/4367) stylex_css_parser token_parser::token_parser_coverage_test::raw_coverage_string_zero_or_more_separated_by_simple_token_all_paths
        PASS [   0.012s] (3508/4367) stylex_css_parser token_parser::token_parser_coverage_test::rewind_if_err_rewinds_when_failed_true
        PASS [   0.013s] (3509/4367) stylex_css_parser token_parser::token_parser_coverage_test::rewind_if_err_does_not_rewind_when_failed_false
        PASS [   0.013s] (3510/4367) stylex_css_parser token_parser::token_parser_coverage_test::separated_by_optional_whitespace_multiple_with_whitespace
        PASS [   0.013s] (3511/4367) stylex_css_parser token_parser::token_parser_coverage_test::separated_by_optional_whitespace_single
        PASS [   0.011s] (3512/4367) stylex_css_parser token_parser::token_parser_coverage_test::separated_parser_as_token_parser
        PASS [   0.011s] (3513/4367) stylex_css_parser token_parser::token_parser_coverage_test::sequence_parsers_as_token_parser_succeeds
        PASS [   0.013s] (3514/4367) stylex_css_parser token_parser::token_parser_coverage_test::sequence_parsers_as_token_parser_fails
        PASS [   0.012s] (3515/4367) stylex_css_parser token_parser::token_parser_coverage_test::sequence_separated_by_both_attempts_fail
        PASS [   0.011s] (3516/4367) stylex_css_parser token_parser::token_parser_coverage_test::sequence_separated_by_retry_ok_value_path
        PASS [   0.012s] (3517/4367) stylex_css_parser token_parser::token_parser_coverage_test::sequence_separated_by_retry_after_separator_consumed
        PASS [   0.013s] (3518/4367) stylex_css_parser token_parser::token_parser_coverage_test::sequence_separated_by_no_separator_and_parser_fails
        PASS [   0.011s] (3519/4367) stylex_css_parser token_parser::token_parser_coverage_test::sequence_separated_by_separator_consumed_retry_success
        PASS [   0.015s] (3520/4367) stylex_css_parser token_parser::token_parser_coverage_test::sequence_separated_by_first_parser_fails
        PASS [   0.015s] (3521/4367) stylex_css_parser token_parser::token_parser_coverage_test::sequence_static_fails_on_second_parser
        PASS [   0.014s] (3522/4367) stylex_css_parser token_parser::token_parser_coverage_test::sequence_static_succeeds
        PASS [   0.012s] (3523/4367) stylex_css_parser token_parser::token_parser_coverage_test::set_of_as_token_parser_no_match
        PASS [   0.013s] (3524/4367) stylex_css_parser token_parser::token_parser_coverage_test::set_of_as_token_parser_two_elements_complete
        PASS [   0.011s] (3525/4367) stylex_css_parser token_parser::token_parser_coverage_test::set_of_incomplete_error_err_rewinds_and_returns_error
        PASS [   0.011s] (3526/4367) stylex_css_parser token_parser::token_parser_coverage_test::set_of_incomplete_error_ok_values
        PASS [   0.012s] (3527/4367) stylex_css_parser token_parser::token_parser_coverage_test::set_of_separated_by_no_parser_matches
        PASS [   0.011s] (3528/4367) stylex_css_parser token_parser::token_parser_coverage_test::strict_flexible_sequence_builder_instantiation_exercises_error_paths
        PASS [   0.014s] (3529/4367) stylex_css_parser token_parser::token_parser_coverage_test::set_of_separated_by_missing_separator_error
        PASS [   0.013s] (3530/4367) stylex_css_parser token_parser::token_parser_coverage_test::set_of_separated_by_two_elements_complete
        PASS [   0.012s] (3531/4367) stylex_css_parser token_parser::token_parser_coverage_test::strict_never_unit_instantiation_is_run
        PASS [   0.012s] (3532/4367) stylex_css_parser token_parser::token_parser_coverage_test::strict_flexible_sequence_string_direct_instantiation_exercises_remaining_paths
        PASS [   0.011s] (3533/4367) stylex_css_parser token_parser::token_parser_coverage_test::strict_one_of_error_instantiations_are_run
        PASS [   0.012s] (3534/4367) stylex_css_parser token_parser::token_parser_coverage_test::strict_one_or_more_separated_by_remaining_instantiations
        PASS [   0.012s] (3535/4367) stylex_css_parser token_parser::token_parser_coverage_test::strict_one_or_more_separated_by_transform_and_number_instantiations
        PASS [   0.011s] (3536/4367) stylex_css_parser token_parser::token_parser_coverage_test::strict_or_i32_instantiation_exercises_all_paths
        PASS [   0.012s] (3537/4367) stylex_css_parser token_parser::token_parser_coverage_test::strict_sequence_i32_instantiation_rewinds_on_error
        PASS [   0.012s] (3538/4367) stylex_css_parser token_parser::token_parser_coverage_test::strict_surrounded_by_optional_prefix_simple_token_instantiation_runs
        PASS [   0.014s] (3539/4367) stylex_css_parser token_parser::token_parser_coverage_test::strict_or_optional_label_instantiations_are_built
        PASS [   0.013s] (3540/4367) stylex_css_parser token_parser::token_parser_coverage_test::surrounded_by_none_suffix_success
        PASS [   0.015s] (3541/4367) stylex_css_parser token_parser::token_parser_coverage_test::surrounded_by_none_suffix_main_fails
        PASS [   0.014s] (3542/4367) stylex_css_parser token_parser::token_parser_coverage_test::surrounded_by_none_suffix_prefix_fails
        PASS [   0.013s] (3543/4367) stylex_css_parser token_parser::token_parser_coverage_test::surrounded_by_none_suffix_suffix_fails
        PASS [   0.013s] (3544/4367) stylex_css_parser token_parser::token_parser_coverage_test::surrounded_by_some_suffix_main_fails
        PASS [   0.014s] (3545/4367) stylex_css_parser token_parser::token_parser_coverage_test::surrounded_by_some_suffix_suffix_fails
        PASS [   0.011s] (3546/4367) stylex_css_parser token_parser::token_parser_coverage_test::token_parser_eof_returns_error
        PASS [   0.010s] (3547/4367) stylex_css_parser token_parser::token_parser_coverage_test::tokens_close_curly_success
        PASS [   0.015s] (3548/4367) stylex_css_parser token_parser::token_parser_coverage_test::surrounded_by_some_suffix_prefix_fails
        PASS [   0.016s] (3549/4367) stylex_css_parser token_parser::token_parser_coverage_test::token_parser_tokens_accessor
        PASS [   0.012s] (3550/4367) stylex_css_parser token_parser::token_parser_coverage_test::tokens_close_square_success
        PASS [   0.012s] (3551/4367) stylex_css_parser token_parser::token_parser_coverage_test::tokens_delim_success
        PASS [   0.012s] (3552/4367) stylex_css_parser token_parser::token_parser_coverage_test::tokens_close_paren_success
        PASS [   0.011s] (3553/4367) stylex_css_parser token_parser::token_parser_coverage_test::tokens_hash_success
        PASS [   0.014s] (3554/4367) stylex_css_parser token_parser::token_parser_coverage_test::tokens_function_success
        PASS [   0.011s] (3555/4367) stylex_css_parser token_parser::token_parser_coverage_test::tokens_open_curly_success
        PASS [   0.011s] (3556/4367) stylex_css_parser token_parser::token_parser_coverage_test::tokens_semicolon_success
        PASS [   0.012s] (3557/4367) stylex_css_parser token_parser::token_parser_coverage_test::tokens_open_square_success
        PASS [   0.012s] (3558/4367) stylex_css_parser token_parser::token_parser_coverage_test::tokens_open_paren_success
        PASS [   0.011s] (3559/4367) stylex_css_parser token_parser::token_parser_coverage_test::tokens_struct_at_keyword
        PASS [   0.013s] (3560/4367) stylex_css_parser token_parser::token_parser_coverage_test::tokens_string_success
        PASS [   0.011s] (3561/4367) stylex_css_parser token_parser::token_parser_coverage_test::tokens_struct_close_paren
        PASS [   0.013s] (3562/4367) stylex_css_parser token_parser::token_parser_coverage_test::tokens_struct_close_curly
        PASS [   0.012s] (3563/4367) stylex_css_parser token_parser::token_parser_coverage_test::tokens_struct_close_square
        PASS [   0.010s] (3564/4367) stylex_css_parser token_parser::token_parser_coverage_test::tokens_struct_delim
        PASS [   0.012s] (3565/4367) stylex_css_parser token_parser::token_parser_coverage_test::tokens_struct_comma
        PASS [   0.013s] (3566/4367) stylex_css_parser token_parser::token_parser_coverage_test::tokens_struct_colon
        PASS [   0.012s] (3567/4367) stylex_css_parser token_parser::token_parser_coverage_test::tokens_struct_dimension
        PASS [   0.014s] (3568/4367) stylex_css_parser token_parser::token_parser_coverage_test::tokens_struct_function
        PASS [   0.010s] (3569/4367) stylex_css_parser token_parser::token_parser_coverage_test::tokens_struct_ident
        PASS [   0.011s] (3570/4367) stylex_css_parser token_parser::token_parser_coverage_test::tokens_struct_number
        PASS [   0.012s] (3571/4367) stylex_css_parser token_parser::token_parser_coverage_test::tokens_struct_open_curly
        PASS [   0.011s] (3572/4367) stylex_css_parser token_parser::token_parser_coverage_test::tokens_struct_open_square
        PASS [   0.016s] (3573/4367) stylex_css_parser token_parser::token_parser_coverage_test::tokens_struct_hash
        PASS [   0.012s] (3574/4367) stylex_css_parser token_parser::token_parser_coverage_test::tokens_struct_open_paren
        PASS [   0.011s] (3575/4367) stylex_css_parser token_parser::token_parser_coverage_test::tokens_struct_semicolon
        PASS [   0.011s] (3576/4367) stylex_css_parser token_parser::token_parser_coverage_test::tokens_struct_percentage
        PASS [   0.014s] (3577/4367) stylex_css_parser token_parser::token_parser_coverage_test::tokens_struct_string
        PASS [   0.011s] (3578/4367) stylex_css_parser token_parser::token_parser_coverage_test::tokens_url_success
        PASS [   0.013s] (3579/4367) stylex_css_parser token_parser::token_parser_coverage_test::tokens_struct_whitespace
        PASS [   0.014s] (3580/4367) stylex_css_parser token_parser::token_parser_coverage_test::with_label_changes_label
        PASS [   0.011s] (3581/4367) stylex_css_parser token_parser::token_parser_coverage_test::zero_or_more_separated_by_first_succeeds_sep_fails
        PASS [   0.012s] (3582/4367) stylex_css_parser token_parser::token_parser_coverage_test::zero_or_more_done_true_break
        PASS [   0.014s] (3583/4367) stylex_css_parser token_parser::token_parser_coverage_test::zero_or_more_done_false_continues
        PASS [   0.013s] (3584/4367) stylex_css_parser token_parser::token_parser_coverage_test::zero_or_more_separated_by_first_fails_returns_empty
        PASS [   0.013s] (3585/4367) stylex_css_parser token_parser::token_parser_coverage_test::zero_or_more_separated_by_val_fails_after_sep
        PASS [   0.014s] (3586/4367) stylex_css_parser token_parser::token_parser_coverage_test::zero_or_more_separated_by_multiple_values
        PASS [   0.011s] (3587/4367) stylex_css_parser token_parser::token_parser_coverage_test::zero_or_more_static_empty
        PASS [   0.011s] (3588/4367) stylex_css_parser token_parser::token_parser_coverage_test::zero_or_more_static_multiple
        PASS [   0.012s] (3589/4367) stylex_css_parser token_parser::token_parser_test::test_token_parser::flat_map_combinator::chains_ident_to_uppercase
        PASS [   0.011s] (3590/4367) stylex_css_parser token_parser::token_parser_test::test_token_parser::map_combinator::maps_ident_to_uppercase
        PASS [   0.013s] (3591/4367) stylex_css_parser token_parser::token_parser_test::test_token_parser::flat_map_combinator::chains_string_to_next_token
        PASS [   0.011s] (3592/4367) stylex_css_parser token_parser::token_parser_test::test_token_parser::map_combinator::maps_number_token
        PASS [   0.013s] (3593/4367) stylex_css_parser token_parser::token_parser_test::test_token_parser::flat_map_combinator::chains_two_parsers_with_whitespace
        PASS [   0.014s] (3594/4367) stylex_css_parser token_parser::token_parser_test::test_token_parser::never_and_always::always_succeeds_on_empty_input
        PASS [   0.013s] (3595/4367) stylex_css_parser token_parser::token_parser_test::test_token_parser::never_and_always::always_succeeds_with_value
        PASS [   0.011s] (3596/4367) stylex_css_parser token_parser::token_parser_test::test_token_parser::one_of::fails_to_parse_a_different_string
        PASS [   0.013s] (3597/4367) stylex_css_parser token_parser::token_parser_test::test_token_parser::never_and_always::never_always_fails
        PASS [   0.010s] (3598/4367) stylex_css_parser token_parser::token_parser_test::test_token_parser::one_of::parses_the_first_parser
        PASS [   0.014s] (3599/4367) stylex_css_parser token_parser::token_parser_test::test_token_parser::never_and_always::never_fails_on_empty_input
        PASS [   0.012s] (3600/4367) stylex_css_parser token_parser::token_parser_test::test_token_parser::one_or_more::fails_to_parse_a_different_string
        PASS [   0.011s] (3601/4367) stylex_css_parser token_parser::token_parser_test::test_token_parser::optional_combinator::returns_none_on_empty_input
        PASS [   0.013s] (3602/4367) stylex_css_parser token_parser::token_parser_test::test_token_parser::one_or_more::parses_one_or_more
        PASS [   0.014s] (3603/4367) stylex_css_parser token_parser::token_parser_test::test_token_parser::optional_combinator::returns_none_when_absent
        PASS [   0.012s] (3604/4367) stylex_css_parser token_parser::token_parser_test::test_token_parser::or_combinator::first_fails_second_succeeds
        PASS [   0.012s] (3605/4367) stylex_css_parser token_parser::token_parser_test::test_token_parser::or_combinator::first_succeeds
        PASS [   0.013s] (3606/4367) stylex_css_parser token_parser::token_parser_test::test_token_parser::optional_combinator::returns_some_when_present
        PASS [   0.014s] (3607/4367) stylex_css_parser token_parser::token_parser_test::test_token_parser::or_combinator::both_fail
        PASS [   0.013s] (3608/4367) stylex_css_parser token_parser::token_parser_test::test_token_parser::peek_tokens_fn::returns_empty_for_empty_input
        PASS [   0.015s] (3609/4367) stylex_css_parser token_parser::token_parser_test::test_token_parser::peek_tokens_fn::returns_expected_tokens
        PASS [   0.013s] (3610/4367) stylex_css_parser token_parser::token_parser_test::test_token_parser::peek_tokens_fn::returns_fewer_tokens_when_input_is_short
        PASS [   0.013s] (3611/4367) stylex_css_parser token_parser::token_parser_test::test_token_parser::prefix_and_suffix::prefix_fails_when_prefix_missing
        PASS [   0.014s] (3612/4367) stylex_css_parser token_parser::token_parser_test::test_token_parser::prefix_and_suffix::prefix_parses_prefix_then_value
        PASS [   0.012s] (3613/4367) stylex_css_parser token_parser::token_parser_test::test_token_parser::prefix_and_suffix::suffix_fails_when_suffix_missing
        PASS [   0.012s] (3614/4367) stylex_css_parser token_parser::token_parser_test::test_token_parser::separated_parser::one_or_more_single_element
        PASS [   0.015s] (3615/4367) stylex_css_parser token_parser::token_parser_test::test_token_parser::separated_parser::one_or_more_comma_separated
        PASS [   0.015s] (3616/4367) stylex_css_parser token_parser::token_parser_test::test_token_parser::prefix_and_suffix::suffix_parses_value_then_suffix
        PASS [   0.014s] (3617/4367) stylex_css_parser token_parser::token_parser_test::test_token_parser::separated_parser::zero_or_more_empty
        PASS [   0.012s] (3618/4367) stylex_css_parser token_parser::token_parser_test::test_token_parser::sequence::enhanced_mixed_sequence
        PASS [   0.013s] (3619/4367) stylex_css_parser token_parser::token_parser_test::test_token_parser::sequence::debug_sequence_with_optional
        PASS [   0.019s] (3620/4367) stylex_css_parser token_parser::token_parser_test::test_token_parser::sequence::debug_individual_parsers
        PASS [   0.016s] (3621/4367) stylex_css_parser token_parser::token_parser_test::test_token_parser::sequence::debug_optional_parser
        PASS [   0.013s] (3622/4367) stylex_css_parser token_parser::token_parser_test::test_token_parser::sequence::parses_a_sequence_separated_by_whitespace
        PASS [   0.014s] (3623/4367) stylex_css_parser token_parser::token_parser_test::test_token_parser::sequence::parses_a_sequence
        PASS [   0.014s] (3624/4367) stylex_css_parser token_parser::token_parser_test::test_token_parser::sequence::parses_a_sequence_separated_commas_and_optional_whitespace
        PASS [   0.012s] (3625/4367) stylex_css_parser token_parser::token_parser_test::test_token_parser::sequence_parsers_basic::separated_by_whitespace
        PASS [   0.012s] (3626/4367) stylex_css_parser token_parser::token_parser_test::test_token_parser::sequence_parsers_basic::as_token_parser_without_separator
        PASS [   0.016s] (3627/4367) stylex_css_parser token_parser::token_parser_test::test_token_parser::set::makes_separators_optional_for_optional_parsers
        PASS [   0.012s] (3628/4367) stylex_css_parser token_parser::token_parser_test::test_token_parser::skip_combinator::skips_following_token
        PASS [   0.014s] (3629/4367) stylex_css_parser token_parser::token_parser_test::test_token_parser::set_of_as_token_parser::matches_in_any_order_without_separator
        PASS [   0.016s] (3630/4367) stylex_css_parser token_parser::token_parser_test::test_token_parser::set::parses_a_set
        PASS [   0.017s] (3631/4367) stylex_css_parser token_parser::token_parser_test::test_token_parser::set::makes_separators_optional_for_optional_parsers_in_set
        PASS [   0.016s] (3632/4367) stylex_css_parser token_parser::token_parser_test::test_token_parser::skip_combinator::skip_fails_when_skipped_token_missing
        PASS [   0.013s] (3633/4367) stylex_css_parser token_parser::token_parser_test::test_token_parser::where_fn_combinator::fails_when_predicate_does_not_match
        PASS [   0.013s] (3634/4367) stylex_css_parser token_parser::token_parser_test::test_token_parser::where_fn_combinator::passes_when_predicate_matches
        PASS [   0.014s] (3635/4367) stylex_css_parser token_parser::token_parser_test::test_token_parser::where_fn_combinator::where_predicate_filters_ident
        PASS [   0.020s] (3636/4367) stylex_css_parser token_parser::token_parser_test::test_token_parser::set_of_as_token_parser::matches_in_original_order
        PASS [   0.012s] (3637/4367) stylex_css_parser token_types::tests::test_rewind_and_slice
        PASS [   0.016s] (3638/4367) stylex_css_parser token_parser::token_parser_test::test_token_parser::zero_or_more::parses_zero_or_more
        PASS [   0.012s] (3639/4367) stylex_css_parser token_types::tests::test_token_list_basic_peek_consume
        PASS [   0.014s] (3640/4367) stylex_css_parser token_types::tests::test_basic_tokenization
        PASS [   0.013s] (3641/4367) stylex_css_parser token_types::token_types_coverage_test::first_does_not_consume_token
        PASS [   0.011s] (3642/4367) stylex_css_parser token_types::token_types_coverage_test::first_returns_none_for_empty_list
        PASS [   0.012s] (3643/4367) stylex_css_parser token_types::token_types_coverage_test::first_returns_same_as_peek_for_non_empty_list
        PASS [   0.011s] (3644/4367) stylex_css_parser token_types::token_types_coverage_test::leading_f64_reads_the_number_in_front_of_its_unit
        PASS [   0.012s] (3645/4367) stylex_css_parser token_types::token_types_coverage_test::leading_f64_reads_nothing_from_text_without_digits
        PASS [   0.016s] (3646/4367) stylex_css_parser token_types::token_types_coverage_test::map_css_token_bad_string_produces_unknown_token
        PASS [   0.013s] (3647/4367) stylex_css_parser token_types::token_types_coverage_test::map_css_token_bad_url_produces_unknown_token
        PASS [   0.011s] (3648/4367) stylex_css_parser token_types::token_types_coverage_test::map_css_token_cdo_produces_delim_lt
        PASS [   0.013s] (3649/4367) stylex_css_parser token_types::token_types_coverage_test::map_css_token_cdc_produces_delim_gt
        PASS [   0.012s] (3650/4367) stylex_css_parser token_types::token_types_coverage_test::map_css_token_close_curly_bracket_produces_delim_close_brace
        PASS [   0.012s] (3651/4367) stylex_css_parser token_types::token_types_coverage_test::map_css_token_curly_bracket_block_produces_delim_brace
        PASS [   0.014s] (3652/4367) stylex_css_parser token_types::token_types_coverage_test::map_css_token_delim_open_paren_produces_left_paren
        PASS [   0.016s] (3653/4367) stylex_css_parser token_types::token_types_coverage_test::map_css_token_close_parenthesis_produces_right_paren
        PASS [   0.014s] (3654/4367) stylex_css_parser token_types::token_types_coverage_test::map_css_token_delim_close_paren_produces_right_paren
        PASS [   0.020s] (3655/4367) stylex_css_parser token_types::token_types_coverage_test::map_css_token_close_square_bracket_produces_delim_close
        PASS [   0.014s] (3656/4367) stylex_css_parser token_types::token_types_coverage_test::map_css_token_function_variant_produces_function_token
        PASS [   0.012s] (3657/4367) stylex_css_parser token_types::token_types_coverage_test::map_css_token_unquoted_url_produces_string_token
        PASS [   0.012s] (3658/4367) stylex_css_parser token_types::token_types_coverage_test::map_css_token_wildcard_produces_unknown_for_comment
        PASS [   0.015s] (3659/4367) stylex_css_parser token_types::token_types_coverage_test::map_css_token_square_bracket_block_produces_delim_bracket
        PASS [   0.014s] (3660/4367) stylex_css_parser token_types::token_types_coverage_test::nested_content_misc_tokens_mapped_via_map_css_token
        PASS [   0.016s] (3661/4367) stylex_css_parser token_types::token_types_coverage_test::map_css_token_wildcard_produces_unknown_for_include_match
        PASS [   0.012s] (3662/4367) stylex_css_parser token_types::token_types_coverage_test::nested_function_inside_function_is_tokenized
        PASS [   0.012s] (3663/4367) stylex_css_parser token_types::token_types_coverage_test::nested_paren_inside_function_is_tokenized
        PASS [   0.014s] (3664/4367) stylex_css_parser token_types::token_types_coverage_test::parse_nested_or_panic_panics_when_nested_parse_errors
        PASS [   0.015s] (3665/4367) stylex_css_parser token_types::token_types_precision_test::authored_digits_survive_tokenization::a_fractional_rem_keeps_every_digit
        PASS [   0.015s] (3666/4367) stylex_css_parser token_types::token_types_precision_test::authored_digits_survive_tokenization::a_value_f32_cannot_represent_is_read_at_full_width
        PASS [   0.016s] (3667/4367) stylex_css_parser token_types::token_types_precision_test::authored_digits_survive_tokenization::bare_numbers_and_percentages_are_read_the_same_way
        PASS [   0.021s] (3668/4367) stylex_css_parser token_types::token_types_precision_test::authored_digits_survive_tokenization::seventeen_significant_digits_round_trip
        PASS [   0.015s] (3669/4367) stylex_css_parser token_types::token_types_precision_test::number_syntax_edges::a_subnormal_is_not_flattened_to_zero
        PASS [   0.017s] (3670/4367) stylex_css_parser token_types::token_types_precision_test::number_syntax_edges::a_complete_exponent_is_part_of_the_number
        PASS [   0.017s] (3671/4367) stylex_css_parser token_types::token_types_precision_test::number_syntax_edges::a_magnitude_past_the_double_range_is_infinite
        PASS [   0.019s] (3672/4367) stylex_css_parser token_types::token_types_precision_test::authored_digits_survive_tokenization::the_derived_bound_is_the_one_babel_computes
        PASS [   0.017s] (3673/4367) stylex_css_parser token_types::token_types_precision_test::number_syntax_edges::a_trailing_dot_is_not_part_of_the_number
        PASS [   0.017s] (3674/4367) stylex_css_parser token_types::token_types_precision_test::number_syntax_edges::an_incomplete_exponent_belongs_to_the_unit
        PASS [   0.016s] (3675/4367) stylex_css_parser token_types::token_types_precision_test::number_syntax_edges::negative_zero_keeps_its_sign_in_the_token
        PASS [   0.016s] (3676/4367) stylex_css_parser token_types::token_types_precision_test::number_syntax_edges::signs_and_bare_dots_are_read_as_written
        PASS [   0.017s] (3677/4367) stylex_css_parser token_types::token_types_precision_test::numbers_in_context::a_long_run_of_numbers_stays_aligned
        PASS [   0.013s] (3678/4367) stylex_css_parser token_types::token_types_precision_test::numbers_in_context::arguments_nested_in_functions_keep_their_digits
        PASS [   0.015s] (3679/4367) stylex_css_parser token_types::token_types_precision_test::numbers_in_context::unclosed_constructs_do_not_disturb_a_number_they_expose
        PASS [   0.016s] (3680/4367) stylex_css_parser token_types::token_types_precision_test::numbers_in_context::a_number_after_multibyte_text_is_still_read_from_its_own_bytes
        PASS [   0.018s] (3681/4367) stylex_css_parser token_types::token_types_precision_test::numbers_in_context::a_number_after_an_escaped_identifier_is_read_correctly
        PASS [   0.017s] (3682/4367) stylex_css_parser token_types::token_types_test::test_token_types::basic_tokenization_functionality
        PASS [   0.018s] (3683/4367) stylex_css_parser token_types::token_types_test::test_token_types::consume_next_token_basic_functionality
        PASS [   0.017s] (3684/4367) stylex_css_parser token_types::token_types_test::test_token_types::empty_input_handling
        PASS [   0.015s] (3685/4367) stylex_css_parser token_types::token_types_test::test_token_types::extract_value_spells_a_number_the_way_javascript_does
        PASS [   0.015s] (3686/4367) stylex_css_parser token_types::token_types_test::test_token_types::handle_special_css_tokens
        PASS [   0.012s] (3687/4367) stylex_css_parser token_types::token_types_test::test_token_types::peek_returns_next_token_without_consuming
        PASS [   0.014s] (3688/4367) stylex_css_parser token_types::token_types_test::test_token_types::is_empty_returns_correct_status
        PASS [   0.014s] (3689/4367) stylex_css_parser token_types::token_types_test::test_token_types::save_and_restore_position
        PASS [   0.012s] (3690/4367) stylex_css_parser token_types::token_types_test::test_token_types::slice_with_none_end_parameter
        PASS [   0.014s] (3691/4367) stylex_css_parser token_types::token_types_test::test_token_types::slice_returns_token_range
        PASS [   0.013s] (3692/4367) stylex_css_parser token_types::token_types_test::test_token_types::test_extract_number
        PASS [   0.012s] (3693/4367) stylex_css_parser token_types::token_types_test::test_token_types::test_extract_value_for_all_token_types
        PASS [   0.012s] (3694/4367) stylex_css_parser token_types::token_types_test::test_token_types::test_token_list_is_empty
        PASS [   0.014s] (3695/4367) stylex_css_parser token_types::token_types_test::test_token_types::test_token_list_consume_past_end
        PASS [   0.014s] (3696/4367) stylex_css_parser token_types::token_types_test::test_token_types::test_token_list_restore_invalid_position
        PASS [   0.014s] (3697/4367) stylex_css_parser token_types::token_types_test::test_token_types::test_token_list_save_restore_position
        PASS [   0.016s] (3698/4367) stylex_css_parser token_types::token_types_test::test_token_types::token_iterator_interface_compatibility
        PASS [   0.013s] (3699/4367) stylex_enums css_syntax::css_syntax_error_paths_test::from_string_unknown_variant_panics
        PASS [   0.013s] (3700/4367) stylex_enums css_syntax::tests::display_all_variants
        PASS [   0.014s] (3701/4367) stylex_css_parser token_types::token_types_test::test_token_types::token_list_constructor_from_string
        PASS [   0.012s] (3702/4367) stylex_enums css_syntax::tests::from_string_all_variants
        PASS [   0.015s] (3703/4367) stylex_enums css_syntax::tests::as_ref_returns_canonical_str_for_all_variants
        PASS [   0.012s] (3704/4367) stylex_enums theme_ref::tests::as_css_var_with_css_var
        PASS [   0.013s] (3705/4367) stylex_enums theme_ref::tests::as_css_var_with_proxy
        PASS [   0.011s] (3706/4367) stylex_enums theme_ref::tests::as_is_proxy_with_css_var
        PASS [   0.014s] (3707/4367) stylex_enums theme_ref::tests::as_css_var_with_to_string
        PASS [   0.013s] (3708/4367) stylex_enums theme_ref::tests::as_is_proxy_with_proxy
        PASS [   0.011s] (3709/4367) stylex_enums value_with_default::tests::as_map_with_map_returns_some
        PASS [   0.012s] (3710/4367) stylex_enums theme_ref::tests::as_is_proxy_with_to_string
        PASS [   0.012s] (3711/4367) stylex_enums value_with_default::tests::as_map_with_number_returns_none
        PASS [   0.013s] (3712/4367) stylex_enums value_with_default::tests::as_map_with_string_returns_none
        PASS [   0.015s] (3713/4367) stylex_evaluator common::tests::resolve_node_package_path_from_basedir_includes_package_in_error
        PASS [   0.012s] (3714/4367) stylex_evaluator nested::tests::flatten_nested_consts_config_emits_string_and_number_exprs
        PASS [   0.014s] (3715/4367) stylex_evaluator common::tests::resolve_node_package_path_wrapper_calls_basedir_resolver
        PASS [   0.013s] (3716/4367) stylex_evaluator nested::tests::flatten_nested_consts_config_panics_on_key_with_dot
        PASS [   0.013s] (3717/4367) stylex_evaluator nested::tests::flatten_nested_consts_config_recurses_into_namespace
        PASS [   0.013s] (3718/4367) stylex_evaluator nested::tests::flatten_nested_consts_leaf_panics_for_namespace
        PASS [   0.018s] (3719/4367) stylex_evaluator nested::tests::_sanity_convert_lit_to_string_through_consts_parsing
        PASS [   0.013s] (3720/4367) stylex_evaluator nested::tests::flatten_nested_overrides_config_csstype_uses_value_with_default
        PASS [   0.013s] (3721/4367) stylex_evaluator nested::tests::flatten_nested_overrides_config_str_and_conditional
        PASS [   0.012s] (3722/4367) stylex_evaluator nested::tests::flatten_nested_vars_config_covers_conditional_leaf
        PASS [   0.012s] (3723/4367) stylex_evaluator nested::tests::flatten_nested_vars_config_handles_leaf_and_nested
        PASS [   0.010s] (3724/4367) stylex_evaluator nested::tests::is_conditional_object_false_with_non_at_key
        PASS [   0.015s] (3725/4367) stylex_evaluator nested::tests::flatten_nested_vars_config_covers_csstype_leaf
        PASS [   0.013s] (3726/4367) stylex_evaluator nested::tests::flatten_nested_vars_config_panics_on_key_with_dot
        PASS [   0.011s] (3727/4367) stylex_evaluator nested::tests::is_conditional_object_true_with_default_and_at_keys
        PASS [   0.012s] (3728/4367) stylex_evaluator nested::tests::is_css_type_object_false_when_only_one_key_present
        PASS [   0.014s] (3729/4367) stylex_evaluator nested::tests::is_conditional_object_false_without_default
        PASS [   0.013s] (3730/4367) stylex_evaluator nested::tests::nested_vars_as_namespace_returns_map_for_namespace_variant
        PASS [   0.014s] (3731/4367) stylex_evaluator nested::tests::is_css_type_object_true_when_both_keys_present
        PASS [   0.012s] (3732/4367) stylex_evaluator nested::tests::nested_vars_as_namespace_returns_none_for_non_namespace_variants
        PASS [   0.011s] (3733/4367) stylex_evaluator nested::tests::nested_vars_is_not_leaf_for_namespace
        PASS [   0.012s] (3734/4367) stylex_evaluator nested::tests::nested_vars_is_leaf_for_str_csstype_conditional
        PASS [   0.015s] (3735/4367) stylex_evaluator nested::tests::object_lit_to_nested_consts_config_str_num_and_namespace
        PASS [   0.014s] (3736/4367) stylex_evaluator nested::tests::object_lit_to_nested_string_config_skips_non_str_non_object
        PASS [   0.013s] (3737/4367) stylex_evaluator nested::tests::object_lit_to_nested_string_config_str_and_namespace
        PASS [   0.016s] (3738/4367) stylex_evaluator nested::tests::object_lit_to_nested_consts_config_skips_unsupported_value_types
        PASS [   0.011s] (3739/4367) stylex_evaluator nested::tests::object_lit_to_nested_vars_config_namespace_for_arbitrary_object
        PASS [   0.010s] (3740/4367) stylex_evaluator nested::tests::object_lit_to_nested_vars_config_str_value
        PASS [   0.011s] (3741/4367) stylex_evaluator nested::tests::object_lit_to_nested_vars_config_recognises_css_type_object
        PASS [   0.016s] (3742/4367) stylex_evaluator nested::tests::object_lit_to_nested_vars_config_recognises_conditional_object
        PASS [   0.012s] (3743/4367) stylex_evaluator nested::tests::to_vars_config_value_conditional_emits_object
        PASS [   0.012s] (3744/4367) stylex_evaluator nested::tests::object_lit_to_nested_vars_filters_unsupported_value_types
        PASS [   0.012s] (3745/4367) stylex_evaluator nested::tests::transform_vars_leaf_panics_for_namespace
        PASS [   0.012s] (3746/4367) stylex_evaluator nested::tests::to_vars_config_value_str
        PASS [   0.012s] (3747/4367) stylex_evaluator nested::tests::value_with_default_to_expr_map_recurses
        PASS [   0.013s] (3748/4367) stylex_evaluator nested::tests::transform_overrides_leaf_panics_for_namespace
        PASS [   0.014s] (3749/4367) stylex_evaluator nested::tests::to_vars_config_value_css_type_into_expr
        PASS [   0.012s] (3750/4367) stylex_evaluator nested::tests::value_with_default_to_expr_number_emits_string_expr
        PASS [   0.013s] (3751/4367) stylex_evaluator nested::tests::to_vars_config_value_namespace_emits_object
        PASS [   0.012s] (3752/4367) stylex_evaluator nested::tests::value_with_default_to_expr_string_emits_string_expr
        PASS [   0.011s] (3753/4367) stylex_evaluator nested::tests::vars_config_handles_literal_value_kinds_via_conditional_object
        PASS [   0.011s] (3754/4367) stylex_evaluator nested::tests::vars_config_handles_object_value_via_conditional_nested_value
        PASS [   0.010s] (3755/4367) stylex_evaluator::common_test evaluate_bin_expr_tests::addition_with_negative_numbers
        PASS [   0.010s] (3756/4367) stylex_evaluator::common_test evaluate_bin_expr_tests::bitwise_xor
        PASS [   0.011s] (3757/4367) stylex_evaluator::common_test evaluate_bin_expr_tests::addition_with_zero
        PASS [   0.012s] (3758/4367) stylex_evaluator::common_test evaluate_bin_expr_tests::addition
        PASS [   0.011s] (3759/4367) stylex_evaluator::common_test evaluate_bin_expr_tests::bitwise_or
        PASS [   0.013s] (3760/4367) stylex_evaluator nested::tests::vars_config_handles_unsupported_value_via_conditional_nested_value
        PASS [   0.013s] (3761/4367) stylex_evaluator::common_test evaluate_bin_expr_tests::bitwise_and
        PASS [   0.011s] (3762/4367) stylex_evaluator::common_test evaluate_bin_expr_tests::division
        PASS [   0.012s] (3763/4367) stylex_evaluator::common_test evaluate_bin_expr_tests::division_negative_by_zero_yields_neg_infinity
        PASS [   0.013s] (3764/4367) stylex_evaluator::common_test evaluate_bin_expr_tests::division_by_zero_yields_infinity
        PASS [   0.010s] (3765/4367) stylex_evaluator::common_test evaluate_bin_expr_tests::exponentiation
        PASS [   0.011s] (3766/4367) stylex_evaluator::common_test evaluate_bin_expr_tests::exponentiation_negative_exponent
        PASS [   0.011s] (3767/4367) stylex_evaluator::common_test evaluate_bin_expr_tests::modulo
        PASS [   0.010s] (3768/4367) stylex_evaluator::common_test evaluate_bin_expr_tests::multiplication
        PASS [   0.012s] (3769/4367) stylex_evaluator::common_test evaluate_bin_expr_tests::exponentiation_zero_power
        PASS [   0.012s] (3770/4367) stylex_evaluator::common_test evaluate_bin_expr_tests::modulo_by_zero_is_nan
        PASS [   0.013s] (3771/4367) stylex_evaluator::common_test evaluate_bin_expr_tests::left_shift
        PASS [   0.010s] (3772/4367) stylex_evaluator::common_test evaluate_bin_expr_tests::multiplication_with_negative_numbers
        PASS [   0.011s] (3773/4367) stylex_evaluator::common_test evaluate_bin_expr_tests::multiplication_with_zero
        PASS [   0.011s] (3774/4367) stylex_evaluator::common_test evaluate_bin_expr_tests::right_shift
        PASS [   0.011s] (3775/4367) stylex_evaluator::common_test evaluate_bin_expr_tests::right_shift_negative_number
        PASS [   0.010s] (3776/4367) stylex_evaluator::common_test evaluate_bin_expr_tests::subtraction
        PASS [   0.012s] (3777/4367) stylex_evaluator::common_test evaluate_bin_expr_tests::subtraction_with_negative_numbers
        PASS [   0.012s] (3778/4367) stylex_evaluator::common_test evaluate_bin_expr_tests::unsupported_operator_panics
        PASS [   0.012s] (3779/4367) stylex_evaluator::common_test evaluate_bin_expr_tests::zero_fill_right_shift_negative
        PASS [   0.013s] (3780/4367) stylex_evaluator::common_test evaluate_bin_expr_tests::zero_divided_by_zero_is_nan
        PASS [   0.010s] (3781/4367) stylex_evaluator::common_test get_expr_from_var_decl_tests::panics_when_no_init
        PASS [   0.014s] (3782/4367) stylex_evaluator::common_test evaluate_bin_expr_tests::zero_fill_right_shift_positive
        PASS [   0.011s] (3783/4367) stylex_evaluator::common_test get_expr_from_var_decl_tests::returns_init_expression_string
        PASS [   0.010s] (3784/4367) stylex_evaluator::common_test normalize_expr_tests::nested_parens_unwrapped_recursively
        PASS [   0.010s] (3785/4367) stylex_evaluator::common_test normalize_expr_tests::non_paren_expression_returned_as_is
        PASS [   0.013s] (3786/4367) stylex_evaluator::common_test get_expr_from_var_decl_tests::returns_init_expression_number
        PASS [   0.009s] (3787/4367) stylex_evaluator::common_test normalize_expr_tests::paren_wrapping_string_unwrapped
        PASS [   0.012s] (3788/4367) stylex_evaluator::common_test normalize_expr_tests::parenthesized_expression_is_unwrapped
        PASS [   0.012s] (3789/4367) stylex_evaluator::common_test normalize_expr_tests::span_is_preserved_for_non_paren
        PASS [   0.012s] (3790/4367) stylex_evaluator::common_test normalize_expr_tests::string_literal_passes_through
        PASS [   0.011s] (3791/4367) stylex_evaluator::common_test resolve_node_package_path_tests::error_message_contains_package_name
        PASS [   0.013s] (3792/4367) stylex_evaluator::common_test resolve_node_package_path_tests::empty_package_name_returns_err
        PASS [   0.011s] (3793/4367) stylex_evaluator::common_test resolve_node_package_path_tests::nonexistent_package_returns_err
        PASS [   0.013s] (3794/4367) stylex_evaluator::common_test resolve_node_package_path_tests::existing_package_returns_ok
        PASS [   0.012s] (3795/4367) stylex_evaluator::common_test resolve_node_package_path_tests::scoped_nonexistent_package_returns_err
        PASS [   0.012s] (3796/4367) stylex_js coercions::tests::a_big_integer_renders_its_digits_without_the_suffix
        PASS [   0.010s] (3797/4367) stylex_js coercions::tests::a_character_no_numeric_literal_holds_is_refused
        PASS [   0.012s] (3798/4367) stylex_js coercions::tests::a_conversion_arrow_the_crate_cannot_read_has_no_coercion
        PASS [   0.012s] (3799/4367) stylex_js coercions::tests::a_conversion_method_written_as_a_method_or_an_accessor_has_no_coercion
        PASS [   0.011s] (3800/4367) stylex_js coercions::tests::a_function_coerces_to_not_a_number
        PASS [   0.012s] (3801/4367) stylex_js coercions::tests::a_function_coerces_to_an_object_that_says_it_is_a_function
        PASS [   0.011s] (3802/4367) stylex_js coercions::tests::a_function_has_no_compile_time_coercion
        PASS [   0.015s] (3803/4367) stylex_js coercions::tests::a_falsy_value_that_is_not_nullish_says_so
        PASS [   0.010s] (3804/4367) stylex_js coercions::tests::a_method_in_a_form_that_cannot_be_applied_has_no_coercion
        PASS [   0.010s] (3805/4367) stylex_js coercions::tests::a_primitive_that_is_not_on_that_list_is_truthy
        PASS [   0.012s] (3806/4367) stylex_js coercions::tests::a_key_that_is_not_a_name_is_not_a_conversion_method
        PASS [   0.011s] (3807/4367) stylex_js coercions::tests::a_missing_method_falls_through_the_way_object_prototype_does
        PASS [   0.012s] (3808/4367) stylex_js coercions::tests::a_radix_prefix_without_digits_of_that_radix_is_not_a_number
        PASS [   0.011s] (3809/4367) stylex_js coercions::tests::a_regular_expression_renders_its_own_source
        PASS [   0.012s] (3810/4367) stylex_js coercions::tests::a_refused_separator_ends_the_join_before_the_next_element
        PASS [   0.010s] (3811/4367) stylex_js coercions::tests::a_sink_refusal_ends_the_join_where_it_happens
        PASS [   0.011s] (3812/4367) stylex_js coercions::tests::a_shorthand_or_assignment_property_names_a_method_the_same_way
        PASS [   0.010s] (3813/4367) stylex_js coercions::tests::a_string_of_decimal_digits_is_its_value
        PASS [   0.011s] (3814/4367) stylex_js coercions::tests::a_string_that_is_not_a_numeric_literal_is_not_a_number
        PASS [   0.010s] (3815/4367) stylex_js coercions::tests::a_streamed_join_writes_what_the_collected_one_answered
        PASS [   0.013s] (3816/4367) stylex_js coercions::tests::a_sink_that_takes_nothing_still_admits_an_empty_join
        PASS [   0.013s] (3817/4367) stylex_js coercions::tests::a_spread_element_has_no_join
        PASS [   0.010s] (3818/4367) stylex_js coercions::tests::a_value_of_no_readable_kind_has_no_boolean
        PASS [   0.012s] (3819/4367) stylex_js coercions::tests::a_string_with_no_utf8_form_has_no_string_form
        PASS [   0.011s] (3820/4367) stylex_js coercions::tests::a_value_of_no_readable_kind_has_no_object_coercion
        PASS [   0.010s] (3821/4367) stylex_js coercions::tests::a_value_with_its_own_number_writes_nothing
        PASS [   0.012s] (3822/4367) stylex_js coercions::tests::a_value_this_crate_cannot_read_is_not_nullish
        PASS [   0.009s] (3823/4367) stylex_js coercions::tests::an_empty_or_blank_string_is_zero
        PASS [   0.012s] (3824/4367) stylex_js coercions::tests::a_value_with_no_string_form_has_no_number_either
        PASS [   0.011s] (3825/4367) stylex_js coercions::tests::an_element_with_no_string_form_is_not_a_sink_refusal
        PASS [   0.012s] (3826/4367) stylex_js coercions::tests::a_value_without_one_reaches_its_number_through_the_sink
        PASS [   0.011s] (3827/4367) stylex_js coercions::tests::an_expression_that_is_not_a_value_has_no_coercion_at_all
        PASS [   0.010s] (3828/4367) stylex_js coercions::tests::an_identifier_that_is_not_a_global_value_has_no_coercion
        PASS [   0.010s] (3829/4367) stylex_js coercions::tests::an_object_carrying_the_override_deeper_still_coerces
        PASS [   0.011s] (3830/4367) stylex_js coercions::tests::an_object_default_text_can_be_refused_by_the_sink
        PASS [   0.010s] (3831/4367) stylex_js coercions::tests::an_object_whose_own_method_cannot_be_applied_has_no_number_either
        PASS [   0.013s] (3832/4367) stylex_js coercions::tests::an_object_whose_keys_cannot_be_named_has_no_coercion
        PASS [   0.010s] (3833/4367) stylex_js coercions::tests::an_overriding_object_inside_an_array_converts_through_its_own_method
        PASS [   0.011s] (3834/4367) stylex_js coercions::tests::an_object_with_no_string_form_still_has_a_boolean
        PASS [   0.011s] (3835/4367) stylex_js coercions::tests::an_own_to_string_answers_the_string_coercion
        PASS [   0.012s] (3836/4367) stylex_js coercions::tests::an_own_conversion_method_does_not_enter_into_the_boolean
        PASS [   0.012s] (3837/4367) stylex_js coercions::tests::an_unevaluated_spread_element_has_no_coercion
        PASS [   0.010s] (3838/4367) stylex_js coercions::tests::an_unspellable_number_still_holds_its_value
        PASS [   0.012s] (3839/4367) stylex_js coercions::tests::array_elements_with_no_value_join_as_nothing
        PASS [   0.011s] (3840/4367) stylex_js coercions::tests::arrays_and_objects_coerce_through_their_string_form
        PASS [   0.011s] (3841/4367) stylex_js coercions::tests::arrays_join_with_commas
        PASS [   0.010s] (3842/4367) stylex_js coercions::tests::booleans_null_and_undefined_use_their_javascript_spellings
        PASS [   0.011s] (3843/4367) stylex_js coercions::tests::booleans_null_and_undefined_coerce_to_their_javascript_numbers
        PASS [   0.012s] (3844/4367) stylex_js coercions::tests::every_character_a_numeric_literal_holds_is_admitted
        PASS [   0.012s] (3845/4367) stylex_js coercions::tests::every_value_but_a_function_coerces_to_a_plain_object
        PASS [   0.014s] (3846/4367) stylex_js coercions::tests::every_object_is_truthy_however_empty_it_is
        PASS [   0.013s] (3847/4367) stylex_js coercions::tests::global_identifier_to_value_answers_numbers_for_the_two_numeric_globals
        PASS [   0.011s] (3848/4367) stylex_js coercions::tests::global_identifier_to_value_answers_undefined_with_itself
        PASS [   0.010s] (3849/4367) stylex_js coercions::tests::negative_zero_survives_the_coercion
        PASS [   0.010s] (3850/4367) stylex_js coercions::tests::global_identifier_to_value_declines_every_other_name
        PASS [   0.011s] (3851/4367) stylex_js coercions::tests::infinity_is_spelled_the_way_javascript_spells_it
        PASS [   0.011s] (3852/4367) stylex_js coercions::tests::nesting_flattens_into_one_join
        PASS [   0.014s] (3853/4367) stylex_js coercions::tests::nested_arrays_flatten_through_the_join
        PASS [   0.012s] (3854/4367) stylex_js coercions::tests::no_other_name_is_a_global_spelled_as_an_identifier
        PASS [   0.014s] (3855/4367) stylex_js coercions::tests::numbers_are_their_own_coercion
        PASS [   0.013s] (3856/4367) stylex_js coercions::tests::objects_use_the_object_prototype_default
        PASS [   0.012s] (3857/4367) stylex_js coercions::tests::only_null_and_undefined_join_as_empty
        PASS [   0.014s] (3858/4367) stylex_js coercions::tests::numbers_use_the_javascript_spelling
        PASS [   0.012s] (3859/4367) stylex_js coercions::tests::only_the_unspellable_numbers_carry_their_text
        PASS [   0.011s] (3860/4367) stylex_js coercions::tests::strings_are_their_own_coercion
        PASS [   0.011s] (3861/4367) stylex_js coercions::tests::strings_coerce_through_the_numeric_literal_grammar
        PASS [   0.011s] (3862/4367) stylex_js coercions::tests::surrounding_whitespace_is_ignored
        PASS [   0.010s] (3863/4367) stylex_js coercions::tests::the_falsy_primitives_are_the_whole_of_the_falsy_list
        PASS [   0.013s] (3864/4367) stylex_js coercions::tests::the_nullish_values_are_null_undefined_and_void
        PASS [   0.010s] (3865/4367) stylex_js coercions::tests::the_number_form_reaches_every_ending_through_a_bounded_sink
        PASS [   0.009s] (3866/4367) stylex_js coercions::tests::the_numeric_globals_carry_the_text_they_were_authored_with
        PASS [   0.011s] (3867/4367) stylex_js coercions::tests::the_radix_prefixes_are_read_as_javascript_reads_them
        PASS [   0.010s] (3868/4367) stylex_js coercions::tests::the_separator_is_measured_with_the_elements
        PASS [   0.011s] (3869/4367) stylex_js coercions::tests::the_rust_float_spellings_are_not_numbers
        PASS [   0.012s] (3870/4367) stylex_js coercions::tests::the_streamed_number_agrees_with_the_collected_one
        PASS [   0.010s] (3871/4367) stylex_js coercions::tests::the_three_globals_are_spelled_as_identifiers
        PASS [   0.014s] (3872/4367) stylex_js coercions::tests::the_predicate_and_the_string_coercion_read_the_same_set
        PASS [   0.013s] (3873/4367) stylex_js coercions::tests::the_two_hints_ask_for_the_methods_in_opposite_orders
        PASS [   0.011s] (3874/4367) stylex_js coercions::tests::the_two_spellings_of_a_value_agree_on_its_boolean_and_its_nullishness
        PASS [   0.010s] (3875/4367) stylex_js coercions::tests::zero_is_the_only_falsy_big_integer
        PASS [   0.012s] (3876/4367) stylex_js coercions::tests::to_int32_wraps_into_the_signed_32_bit_range
        PASS [   0.010s] (3877/4367) stylex_js helpers::tests::get_callee_name_panics_for_non_identifier
        PASS [   0.011s] (3878/4367) stylex_js helpers::tests::get_callee_name_for_identifier
        PASS [   0.010s] (3879/4367) stylex_js helpers::tests::get_method_name_panics_for_non_identifier
        PASS [   0.012s] (3880/4367) stylex_js helpers::tests::computed_props_are_not_classified_as_identifier_methods
        PASS [   0.011s] (3881/4367) stylex_js helpers::tests::get_method_name_returns_identifier_name
        PASS [   0.013s] (3882/4367) stylex_js helpers::tests::id_prop_extraction_for_computed_string
        PASS [   0.012s] (3883/4367) stylex_js helpers::tests::id_prop_extraction_panics_for_invalid_utf8
        PASS [   0.011s] (3884/4367) stylex_js helpers::tests::mutation_expr_detection
        PASS [   0.012s] (3885/4367) stylex_js helpers::tests::method_sets_detect_expected_members
        PASS [   0.012s] (3886/4367) stylex_js helpers::tests::valid_callee_detection
        PASS [   0.011s] (3887/4367) stylex_macros panic_macros::tests::stylex_err_with_file_accepts_owned_strings
        PASS [   0.011s] (3888/4367) stylex_macros panic_macros::tests::stylex_err_creates_error_with_defaults
        PASS [   0.011s] (3889/4367) stylex_macros panic_macros::tests::stylex_err_with_file_sets_file_field
        PASS [   0.012s] (3890/4367) stylex_macros panic_macros::tests::stylex_err_accepts_string_owned
        PASS [   0.014s] (3891/4367) stylex_macros panic_macros::tests::unwrap_or_panic_without_context_panics
        PASS [   0.013s] (3892/4367) stylex_macros stylex_error::tests::disable_colour_output_renders_a_diagnostic_without_ansi_codes
        PASS [   0.011s] (3893/4367) stylex_macros stylex_error::tests::format_panic_message_from_str_payload
        PASS [   0.012s] (3894/4367) stylex_macros stylex_error::tests::format_panic_message_from_string_payload
        PASS [   0.010s] (3895/4367) stylex_macros stylex_error::tests::format_panic_message_strips_ansi_codes
        PASS [   0.011s] (3896/4367) stylex_macros stylex_error::tests::format_panic_message_unknown_type
        PASS [   0.011s] (3897/4367) stylex_macros stylex_error::tests::suppress_panic_stderr_guard_toggles_flag
        PASS [   0.011s] (3898/4367) stylex_macros stylex_error::tests::format_panic_message_with_existing_prefix
        PASS [   0.011s] (3899/4367) stylex_macros stylex_error::tests::suppress_panic_stderr_default_works
        PASS [   0.011s] (3900/4367) stylex_macros stylex_error::tests::stylex_error_builders_set_context_fields
        PASS [   0.015s] (3901/4367) stylex_path_resolver file_system::tests::find_closest_path_returns_nearest_match
        PASS [   0.012s] (3902/4367) stylex_path_resolver package_json::tests::recursive_find_node_modules_collects_known_git_tree
        PASS [   0.015s] (3903/4367) stylex_path_resolver file_system::tests::find_closest_path_returns_none_when_target_missing
        PASS [   0.012s] (3904/4367) stylex_path_resolver package_json::tests::recursive_find_node_modules_handles_filesystem_root
        PASS [   0.012s] (3905/4367) stylex_path_resolver resolvers::tests::resolve_file_path_aliases_tests::resolve_aliased_import_with_stylex_extension
        PASS [   0.011s] (3906/4367) stylex_path_resolver resolvers::tests::resolve_file_path_aliases_tests::resolve_aliased_import_without_extension
        PASS [   0.017s] (3907/4367) stylex_path_resolver package_json::tests::finds_closest_package_json_and_folder
        PASS [   0.015s] (3908/4367) stylex_path_resolver package_json::tests::recursive_find_node_modules_discovers_git_from_path
        PASS [   0.012s] (3909/4367) stylex_path_resolver resolvers::tests::resolve_file_path_aliases_tests::resolve_aliased_import_with_js_extension
        PASS [   0.016s] (3910/4367) stylex_path_resolver package_json::tests::recursive_find_node_modules_returns_empty_when_absent
        PASS [   0.012s] (3911/4367) stylex_path_resolver resolvers::tests::resolve_nested_external_imports_tests::resolve_commonjs_exports
        PASS [   0.012s] (3912/4367) stylex_path_resolver resolvers::tests::resolve_nested_external_imports_tests::resolve_nested_import_with_exports_and_nested_node_modules
        PASS [   0.013s] (3913/4367) stylex_path_resolver resolvers::tests::resolve_nested_external_imports_tests::resolve_esm_exports
        PASS [   0.013s] (3914/4367) stylex_path_resolver resolvers::tests::resolve_nested_external_imports_tests::resolve_regular_nested_import
        PASS [   0.012s] (3915/4367) stylex_path_resolver resolvers::tests::resolve_path_aliases_tests::get_import_path_when_no_aliases
        PASS [   0.012s] (3916/4367) stylex_path_resolver resolvers::tests::resolve_path_aliases_tests::get_import_path_when_right_aliase
        PASS [   0.012s] (3917/4367) stylex_path_resolver resolvers::tests::resolve_path_aliases_tests::get_import_path_with_aliases_with_stylex_ext
        PASS [   0.016s] (3918/4367) stylex_path_resolver resolvers::tests::resolve_path_aliases_tests::get_import_path_with_aliases_with_ext
        PASS [   0.016s] (3919/4367) stylex_path_resolver resolvers::tests::resolve_path_aliases_tests::get_import_path_with_aliases
        PASS [   0.013s] (3920/4367) stylex_path_resolver resolvers::tests::resolve_path_application_npm_tests::resolve_regular_external_import
        PASS [   0.014s] (3921/4367) stylex_path_resolver resolvers::tests::resolve_path_application_npm_tests::resolve_regular_external_import_with_exports_dist
        PASS [   0.014s] (3922/4367) stylex_path_resolver resolvers::tests::resolve_path_application_npm_tests::resolve_regular_local_import_from_alias
        PASS [   0.013s] (3923/4367) stylex_path_resolver resolvers::tests::resolve_path_application_npm_tests::resolve_regular_local_import_from_src
        PASS [   0.013s] (3924/4367) stylex_path_resolver resolvers::tests::resolve_path_application_npm_tests::resolve_regular_local_import_from_workspace_alias
        PASS [   0.014s] (3925/4367) stylex_path_resolver resolvers::tests::resolve_path_application_pnpm_tests::resolve_organisation_package_with_pnpm_path
        PASS [   0.010s] (3926/4367) stylex_path_resolver resolvers::tests::resolve_path_application_pnpm_tests::resolve_regular_external_import_with_exports_dist
        PASS [   0.012s] (3927/4367) stylex_path_resolver resolvers::tests::resolve_path_application_pnpm_tests::resolve_package_with_pnpm_path
        PASS [   0.019s] (3928/4367) stylex_path_resolver resolvers::tests::resolve_path_application_npm_tests::resolve_regular_local_import_from_same_level_directory
        PASS [   0.013s] (3929/4367) stylex_path_resolver resolvers::tests::resolve_path_application_pnpm_tests::resolve_regular_external_import
        PASS [   0.017s] (3930/4367) stylex_path_resolver resolvers::tests::resolve_path_application_pnpm_tests::resolve_organisation_package_with_pnpm_with_same_path
        PASS [   0.011s] (3931/4367) stylex_path_resolver resolvers::tests::resolve_path_application_pnpm_tests::resolve_regular_local_import_from_src
        PASS [   0.014s] (3932/4367) stylex_path_resolver resolvers::tests::resolve_path_application_pnpm_tests::resolve_regular_local_import_from_alias
        PASS [   0.013s] (3933/4367) stylex_path_resolver resolvers::tests::resolve_path_application_pnpm_tests::resolve_regular_local_import_from_root_with_alias
        PASS [   0.013s] (3934/4367) stylex_path_resolver resolvers::tests::resolve_path_application_pnpm_tests::resolve_regular_local_import_from_same_level_directory
        PASS [   0.015s] (3935/4367) stylex_path_resolver resolvers::tests::resolve_path_application_pnpm_tests::resolve_regular_local_import_from_root_no_alias
        PASS [   0.013s] (3936/4367) stylex_path_resolver resolvers::tests::resolve_path_exports_tests::external_package_commonjs_and_esm_exports
        PASS [   0.015s] (3937/4367) stylex_path_resolver resolvers::tests::resolve_path_application_pnpm_tests::resolve_regular_local_import_from_src_alias
        PASS [   0.014s] (3938/4367) stylex_path_resolver resolvers::tests::resolve_path_application_pnpm_tests::resolve_regular_local_import_from_workspace_alias
        PASS [   0.013s] (3939/4367) stylex_path_resolver resolvers::tests::resolve_path_exports_tests::external_package_exports_with_main
        PASS [   0.014s] (3940/4367) stylex_path_resolver resolvers::tests::resolve_path_exports_tests::external_package_exports
        PASS [   0.013s] (3941/4367) stylex_path_resolver resolvers::tests::resolve_path_exports_tests::external_package_main_exports
        PASS [   0.013s] (3942/4367) stylex_path_resolver resolvers::tests::resolve_path_exports_tests::external_package_module_exports
        PASS [   0.015s] (3943/4367) stylex_path_resolver resolvers::tests::resolve_path_exports_tests::external_package_exports_with_wildcard
        PASS [   0.014s] (3944/4367) stylex_path_resolver resolvers::tests::resolve_path_exports_tests::failed_resolve_local_package_root_dir_path
        PASS [   0.014s] (3945/4367) stylex_path_resolver resolvers::tests::resolve_path_exports_tests::failed_resolve_package_exports_dir_path
        PASS [   0.012s] (3946/4367) stylex_path_resolver resolvers::tests::resolve_path_exports_tests::failed_resolve_root_package_path
        PASS [   0.013s] (3947/4367) stylex_path_resolver resolvers::tests::resolve_path_exports_tests::failed_resolve_package_exports_dir_path_with_main
        PASS [   0.014s] (3948/4367) stylex_path_resolver resolvers::tests::resolve_path_exports_tests::failed_resolve_root_package_path_with_main
        PASS [   0.013s] (3949/4367) stylex_path_resolver resolvers::tests::resolve_path_exports_tests::resolve_path_not_a_file_workspace_package_module_exports
        PASS [   0.014s] (3950/4367) stylex_path_resolver resolvers::tests::resolve_path_exports_tests::resolve_file_path_with_wildcard_exports
        PASS [   0.014s] (3951/4367) stylex_path_resolver resolvers::tests::resolve_path_exports_tests::resolve_work_dir_existed_local_package_exports_path
        PASS [   0.014s] (3952/4367) stylex_path_resolver resolvers::tests::resolve_path_exports_tests::resolve_work_dir_not_existed_external_package_exports
        PASS [   0.012s] (3953/4367) stylex_path_resolver resolvers::tests::resolve_path_exports_tests::resolve_work_dir_not_existed_workspace_package_exports_with_main
        PASS [   0.014s] (3954/4367) stylex_path_resolver resolvers::tests::resolve_path_exports_tests::resolve_work_dir_not_existed_workspace_package_exports
        PASS [   0.013s] (3955/4367) stylex_path_resolver resolvers::tests::resolve_path_exports_tests::resolve_work_dir_not_existed_workspace_package_main_exports
        PASS [   0.015s] (3956/4367) stylex_path_resolver resolvers::tests::resolve_path_exports_tests::resolve_work_dir_not_existed_external_package_exports_with_main
        PASS [   0.014s] (3957/4367) stylex_path_resolver resolvers::tests::resolve_path_exports_tests::workspace_package_exports
        PASS [   0.013s] (3958/4367) stylex_path_resolver resolvers::tests::resolve_path_exports_tests::workspace_package_module_exports
        PASS [   0.017s] (3959/4367) stylex_path_resolver resolvers::tests::resolve_path_exports_tests::workspace_package_main_exports
        PASS [   0.017s] (3960/4367) stylex_path_resolver resolvers::tests::resolve_path_npm_tests::external_npm_package_file
        PASS [   0.011s] (3961/4367) stylex_path_resolver resolvers::tests::resolve_path_npm_tests::external_yarn_pnp_package_file
        PASS [   0.014s] (3962/4367) stylex_path_resolver resolvers::tests::resolve_path_npm_tests::external_package_with_namespace
        PASS [   0.012s] (3963/4367) stylex_path_resolver resolvers::tests::resolve_path_npm_tests::resolve_work_dir_not_existed_external_package_with_namespace
        PASS [   0.014s] (3964/4367) stylex_path_resolver resolvers::tests::resolve_path_npm_tests::external_pnpm_package_file
        PASS [   0.014s] (3965/4367) stylex_path_resolver resolvers::tests::resolve_path_npm_tests::external_package_without_namespace
        PASS [   0.014s] (3966/4367) stylex_path_resolver resolvers::tests::resolve_path_npm_tests::resolve_work_dir_not_existed_external_package_file_with_namespace
        PASS [   0.013s] (3967/4367) stylex_path_resolver resolvers::tests::resolve_path_npm_tests::resolve_work_dir_not_existed_packages
        PASS [   0.012s] (3968/4367) stylex_path_resolver resolvers::tests::resolve_path_npm_tests::resolve_work_dir_packages
        PASS [   0.015s] (3969/4367) stylex_path_resolver resolvers::tests::resolve_path_npm_tests::workspace_package_main_dist_with_namespace
        PASS [   0.016s] (3970/4367) stylex_path_resolver resolvers::tests::resolve_path_npm_tests::workspace_package_with_namespace
        PASS [   0.011s] (3971/4367) stylex_path_resolver resolvers::tests::resolve_path_pnpm_tests::external_npm_package_file
        PASS [   0.013s] (3972/4367) stylex_path_resolver resolvers::tests::resolve_path_npm_tests::workspace_package_without_namespace
        PASS [   0.012s] (3973/4367) stylex_path_resolver resolvers::tests::resolve_path_pnpm_tests::external_package_without_namespace
        PASS [   0.013s] (3974/4367) stylex_path_resolver resolvers::tests::resolve_path_pnpm_tests::external_pnpm_package_file
        PASS [   0.011s] (3975/4367) stylex_path_resolver resolvers::tests::resolve_path_pnpm_tests::resolve_work_dir_not_existed_external_package_file_with_namespace
        PASS [   0.015s] (3976/4367) stylex_path_resolver resolvers::tests::resolve_path_pnpm_tests::external_package_with_namespace
        PASS [   0.015s] (3977/4367) stylex_path_resolver resolvers::tests::resolve_path_pnpm_tests::external_yarn_pnp_package_file
        PASS [   0.014s] (3978/4367) stylex_path_resolver resolvers::tests::resolve_path_pnpm_tests::resolve_work_dir_not_existed_external_package_with_namespace
        PASS [   0.013s] (3979/4367) stylex_path_resolver resolvers::tests::resolve_path_pnpm_tests::resolve_work_dir_not_existed_packages
        PASS [   0.012s] (3980/4367) stylex_path_resolver resolvers::tests::resolve_path_pnpm_tests::workspace_package_main_dist_with_namespace
        PASS [   0.013s] (3981/4367) stylex_path_resolver resolvers::tests::resolve_path_pnpm_tests::resolve_work_dir_packages
        PASS [   0.010s] (3982/4367) stylex_path_resolver resolvers::unit_tests::possible_aliased_paths_exact_alias_no_match
        PASS [   0.012s] (3983/4367) stylex_path_resolver resolvers::unit_tests::file_not_found_error_creates_not_found
        PASS [   0.014s] (3984/4367) stylex_path_resolver resolvers::tests::resolve_path_pnpm_tests::workspace_package_with_namespace
        PASS [   0.016s] (3985/4367) stylex_path_resolver resolvers::tests::resolve_path_pnpm_tests::workspace_package_without_namespace
        PASS [   0.017s] (3986/4367) stylex_path_resolver resolvers::unit_tests::possible_aliased_paths_empty_aliases
        PASS [   0.014s] (3987/4367) stylex_path_resolver resolvers::unit_tests::possible_aliased_paths_no_match
        PASS [   0.016s] (3988/4367) stylex_path_resolver resolvers::unit_tests::possible_aliased_paths_exact_match
        PASS [   0.013s] (3989/4367) stylex_path_resolver resolvers::unit_tests::possible_aliased_paths_wildcard_match
        PASS [   0.013s] (3990/4367) stylex_path_resolver resolvers::unit_tests::resolve_file_path_falls_back_to_root_resolver
        PASS [   0.013s] (3991/4367) stylex_path_resolver resolvers::unit_tests::resolve_file_path_rejects_source_path_without_parent
        PASS [   0.014s] (3992/4367) stylex_path_resolver resolvers::unit_tests::resolve_file_path_resolves_backslash_root_placeholder_alias
        PASS [   0.014s] (3993/4367) stylex_path_resolver resolvers::unit_tests::resolve_file_path_resolves_relative_import_without_extension
        PASS [   0.015s] (3994/4367) stylex_path_resolver resolvers::unit_tests::resolve_file_path_resolves_relative_alias_via_module_resolver
        PASS [   0.015s] (3995/4367) stylex_path_resolver resolvers::unit_tests::resolve_file_path_resolves_root_placeholder_alias
        PASS [   0.012s] (3996/4367) stylex_path_resolver resolvers::unit_tests::resolve_file_path_returns_not_found_for_missing_relative_import
        PASS [   0.013s] (3997/4367) stylex_path_resolver resolvers::unit_tests::resolve_file_path_returns_not_found_for_unknown_package
        PASS [   0.015s] (3998/4367) stylex_path_resolver resolvers::unit_tests::resolve_file_path_root_placeholder_rewrite_logs_at_debug
        PASS [   0.018s] (3999/4367) stylex_path_resolver resolvers::unit_tests::resolve_file_path_root_placeholder_missing_target_is_not_found
        PASS [   0.014s] (4000/4367) stylex_path_resolver resolvers::unit_tests::resolve_file_path_root_placeholder_without_root_dir_is_not_found
        PASS [   0.015s] (4001/4367) stylex_path_resolver resolvers::unit_tests::resolve_path_panics_when_strip_prefix_fails
        PASS [   0.012s] (4002/4367) stylex_path_resolver resolvers::unit_tests::try_resolve_as_module_returns_none_for_non_utf8_path
        PASS [   0.012s] (4003/4367) stylex_path_resolver utils::tests::utils_test::contains_subpath_empty_subpath
        PASS [   0.012s] (4004/4367) stylex_path_resolver utils::tests::utils_test::contains_subpath_exact_match
        PASS [   0.010s] (4005/4367) stylex_path_resolver utils::tests::utils_test::contains_subpath_found
        PASS [   0.013s] (4006/4367) stylex_path_resolver utils::tests::utils_test::contains_subpath_first_segment
        PASS [   0.013s] (4007/4367) stylex_path_resolver utils::tests::utils_test::relative_path_basic
        PASS [   0.012s] (4008/4367) stylex_regex regex::regex_patterns_test::sanitize_class_name_regex_matches_invalid_characters
        PASS [   0.012s] (4009/4367) stylex_regex regex::regex_patterns_test::npm_name_regex_accepts_valid_scoped_names
        PASS [   0.018s] (4010/4367) stylex_path_resolver utils::tests::utils_test::contains_subpath_not_found
        PASS [   0.010s] (4011/4367) stylex_regex regex::regex_static_coverage_test::pseudo_import_and_var_patterns_match
        PASS [   0.012s] (4012/4367) stylex_regex regex::regex_static_coverage_test::core_cleanup_patterns_match
        PASS [   0.015s] (4013/4367) stylex_path_resolver utils::tests::utils_test::relative_path_with_parent
        PASS [   0.015s] (4014/4367) stylex_path_resolver::resolve_path_runtime_mode_test resolve_path_panics_for_non_file_input_in_runtime_mode
        PASS [   0.017s] (4015/4367) stylex_regex regex::regex_static_coverage_test::css_value_parsers_match_expected_tokens
        PASS [   0.015s] (4016/4367) stylex_regex regex::regex_static_coverage_test::relational_selector_patterns_match
        PASS [   0.011s] (4017/4367) stylex_regex regex::regex_static_coverage_test::url_and_json_patterns_match
        PASS [   0.011s] (4018/4367) stylex_structures base_css_type::tests::from_object_lit_panics_on_unknown_top_key
        PASS [   0.012s] (4019/4367) stylex_structures base_css_type::tests::from_object_lit_panics_on_empty_values_map
        PASS [   0.012s] (4020/4367) stylex_structures base_css_type::tests::from_object_lit_panics_on_non_lit_non_object_value
        PASS [   0.012s] (4021/4367) stylex_structures base_css_type::tests::from_object_lit_panics_when_deep_level_value_is_non_lit
        PASS [   0.012s] (4022/4367) stylex_structures base_css_type::tests::from_object_lit_panics_when_deeply_nested_value_is_non_lit_non_object
        PASS [   0.015s] (4023/4367) stylex_structures base_css_type::tests::from_object_lit_accepts_nested_value_map
        PASS [   0.016s] (4024/4367) stylex_structures base_css_type::tests::from_object_lit_panics_when_deeply_nested_value_is_null_lit
        PASS [   0.013s] (4025/4367) stylex_structures base_css_type::tests::from_object_lit_panics_when_mid_level_value_is_non_lit_non_object
        PASS [   0.015s] (4026/4367) stylex_structures base_css_type::tests::from_object_lit_panics_when_mid_level_value_is_null_lit
        PASS [   0.011s] (4027/4367) stylex_structures base_css_type::tests::from_object_lit_panics_when_promoted_lit_is_not_string
        PASS [   0.011s] (4028/4367) stylex_structures base_css_type::tests::from_object_lit_parses_syntax_and_default_value
        PASS [   0.011s] (4029/4367) stylex_structures base_css_type::tests::from_object_lit_panics_when_syntax_missing
        PASS [   0.012s] (4030/4367) stylex_structures base_css_type::tests::from_object_lit_panics_when_no_default_key
        PASS [   0.011s] (4031/4367) stylex_structures base_css_type::tests::from_object_lit_panics_when_value_is_neither_object_nor_literal
        PASS [   0.010s] (4032/4367) stylex_structures base_css_type::tests::value_to_props_map_uses_nested_keys
        PASS [   0.014s] (4033/4367) stylex_structures base_css_type::tests::into_expr_emits_syntax_and_value_props
        PASS [   0.016s] (4034/4367) stylex_structures base_css_type::tests::from_object_lit_promotes_string_value_to_default
        PASS [   0.013s] (4035/4367) stylex_structures base_css_type::tests::value_to_props_number_custom_key
        PASS [   0.010s] (4036/4367) stylex_structures base_css_type::tests::value_to_props_string_custom_key
        PASS [   0.010s] (4037/4367) stylex_structures base_css_type::tests::value_to_props_string_default_key
        PASS [   0.012s] (4038/4367) stylex_structures base_css_type::tests::value_to_props_number_default_key
        PASS [   0.011s] (4039/4367) stylex_structures ceiling::tests::a_ceiling_built_at_runtime_carries_what_it_was_declared_with
        PASS [   0.014s] (4040/4367) stylex_structures ceiling::tests::a_configured_value_is_used_as_given
        PASS [   0.011s] (4041/4367) stylex_structures ceiling::tests::a_leading_plus_is_still_a_number
        PASS [   0.017s] (4042/4367) stylex_structures ceiling::tests::a_configured_value_beats_the_environment
        PASS [   0.013s] (4043/4367) stylex_structures ceiling::tests::a_configured_zero_falls_back_rather_than_refusing_everything
        PASS [   0.011s] (4044/4367) stylex_structures ceiling::tests::a_value_below_the_limit_is_untouched_by_the_clamp
        PASS [   0.016s] (4045/4367) stylex_structures ceiling::tests::a_configured_zero_falls_through_to_the_environment
        PASS [   0.011s] (4046/4367) stylex_structures ceiling::tests::an_unusable_environment_value_is_ignored
        PASS [   0.012s] (4047/4367) stylex_structures ceiling::tests::a_value_past_the_limit_is_clamped_rather_than_honoured
        PASS [   0.011s] (4048/4367) stylex_structures ceiling::tests::nothing_configured_and_nothing_in_the_environment_is_the_default
        PASS [   0.013s] (4049/4367) stylex_structures ceiling::tests::every_declared_ceiling_names_one_setting_the_same_way_on_both_surfaces
        PASS [   0.011s] (4050/4367) stylex_structures ceiling::tests::the_environment_supplies_the_value_when_nothing_is_configured
        PASS [   0.013s] (4051/4367) stylex_structures ceiling::tests::parse_answers_for_itself
        PASS [   0.012s] (4052/4367) stylex_structures ceiling::tests::the_environment_value_is_trimmed_before_it_is_read
        PASS [   0.012s] (4053/4367) stylex_structures ceiling::tests::the_public_resolver_agrees_with_the_rule_it_wraps
        PASS [   0.011s] (4054/4367) stylex_structures core_stylex_options::tests::core_stylex_options_optional_setters_skip_none_values
        PASS [   0.012s] (4055/4367) stylex_structures core_stylex_options::tests::core_stylex_options_direct_setters_cover_all_fields
        PASS [   0.013s] (4056/4367) stylex_structures core_stylex_options::tests::core_stylex_options_optional_setters_apply_some_values
        PASS [   0.012s] (4057/4367) stylex_structures evaluation_depth::tests::the_declared_ceiling_is_the_documented_one
        PASS [   0.014s] (4058/4367) stylex_structures evaluation_depth::tests::it_resolves_through_the_shared_precedence
        PASS [   0.014s] (4059/4367) stylex_structures evaluation_depth::tests::the_cached_read_answers_through_the_same_rule
        PASS [   0.010s] (4060/4367) stylex_structures named_import_source::tests::import_sources_get_import_str_named
        PASS [   0.012s] (4061/4367) stylex_structures fold_ceilings::tests::the_cached_reads_answer_through_the_same_rule
        PASS [   0.012s] (4062/4367) stylex_structures fold_ceilings::tests::the_declared_ceilings_are_the_documented_ones
        PASS [   0.011s] (4063/4367) stylex_structures fold_ceilings::tests::they_resolve_through_the_shared_precedence
        PASS [   0.012s] (4064/4367) stylex_structures named_import_source::tests::import_sources_named_is_named
        PASS [   0.010s] (4065/4367) stylex_structures named_import_source::tests::import_sources_regular_is_not_named
        PASS [   0.013s] (4066/4367) stylex_structures named_import_source::tests::import_sources_get_import_str_regular
        PASS [   0.011s] (4067/4367) stylex_structures named_import_source::tests::runtime_injection_as_boolean
        PASS [   0.011s] (4068/4367) stylex_structures named_import_source::tests::runtime_injection_as_regular
        PASS [   0.012s] (4069/4367) stylex_structures named_import_source::tests::runtime_injection_as_named
        PASS [   0.010s] (4070/4367) stylex_structures named_import_source::tests::runtime_injection_is_regular_export
        PASS [   0.012s] (4071/4367) stylex_structures named_import_source::tests::runtime_injection_is_boolean_export
        PASS [   0.013s] (4072/4367) stylex_structures named_import_source::tests::runtime_injection_is_named_export
        PASS [   0.012s] (4073/4367) stylex_structures nested::tests::consts_namespace_returns_inner_map
        PASS [   0.011s] (4074/4367) stylex_structures nested::tests::consts_str_and_num_have_no_namespace
        PASS [   0.011s] (4075/4367) stylex_structures nested::tests::flatten_nested_string_config_handles_deep_nesting
        PASS [   0.010s] (4076/4367) stylex_structures nested::tests::flatten_nested_string_config_handles_empty_input
        PASS [   0.014s] (4077/4367) stylex_structures nested::tests::flatten_nested_string_config_flattens_single_level
        PASS [   0.014s] (4078/4367) stylex_structures nested::tests::flatten_panics_on_key_with_dot
        PASS [   0.013s] (4079/4367) stylex_structures nested::tests::is_consts_leaf_recognises_str_and_num
        PASS [   0.015s] (4080/4367) stylex_structures nested::tests::flatten_nested_string_config_joins_nested_keys_with_dot
        PASS [   0.012s] (4081/4367) stylex_structures nested::tests::is_string_leaf_returns_false_for_namespace
        PASS [   0.013s] (4082/4367) stylex_structures nested::tests::is_string_leaf_returns_true_for_str
        PASS [   0.014s] (4083/4367) stylex_structures nested::tests::is_consts_leaf_rejects_namespace
        PASS [   0.010s] (4084/4367) stylex_structures nested::tests::string_namespace_returns_inner_map
        PASS [   0.010s] (4085/4367) stylex_structures order_pair::tests::renders_an_absent_value_as_the_empty_string
        PASS [   0.013s] (4086/4367) stylex_structures nested::tests::separator_is_dot
        PASS [   0.011s] (4087/4367) stylex_structures nested::tests::string_str_has_no_namespace
        PASS [   0.011s] (4088/4367) stylex_structures pair::tests::pair_cow_borrows_and_converts_back_to_owned_pair
        PASS [   0.011s] (4089/4367) stylex_structures pair::tests::pair_declares_only_when_both_halves_spell_something
        PASS [   0.011s] (4090/4367) stylex_structures plugin_pass::tests::plugin_pass_builder_methods_override_fields
        PASS [   0.012s] (4091/4367) stylex_structures plugin_pass::tests::plugin_pass_default_values
        PASS [   0.011s] (4092/4367) stylex_structures plugin_pass::tests::plugin_pass_new_applies_fixture_fallbacks
        PASS [   0.015s] (4093/4367) stylex_structures order_pair::tests::renders_the_value_as_css_text
        PASS [   0.013s] (4094/4367) stylex_structures pair::tests::pair_new_converts_into_owned_strings
        PASS [   0.010s] (4095/4367) stylex_structures raw_value::tests::compares_against_keywords_as_css_text
        PASS [   0.011s] (4096/4367) stylex_structures plugin_pass::tests::plugin_pass_test_default_uses_fixture_values
        PASS [   0.013s] (4097/4367) stylex_structures raw_value::tests::converts_from_owned_and_borrowed_strings_and_numbers
        PASS [   0.011s] (4098/4367) stylex_structures raw_value::tests::keys_identity_by_type_as_well_as_text
        PASS [   0.011s] (4099/4367) stylex_structures raw_value::tests::only_a_number_reports_a_number
        PASS [   0.010s] (4100/4367) stylex_structures raw_value::tests::renders_a_string_verbatim
        PASS [   0.010s] (4101/4367) stylex_structures raw_value::tests::renders_a_number_as_js_string_number
        PASS [   0.014s] (4102/4367) stylex_structures raw_value::tests::defaults_to_an_empty_string
        PASS [   0.010s] (4103/4367) stylex_structures stylex_env::tests::env_entry_as_expr_returns_none_for_function
        PASS [   0.011s] (4104/4367) stylex_structures raw_value::tests::reports_js_falsiness
        PASS [   0.012s] (4105/4367) stylex_structures stylex_env::tests::env_entry_as_expr_returns_some_for_expr
        PASS [   0.013s] (4106/4367) stylex_structures stylex_env::tests::env_entry_as_function_returns_none_for_expr
        PASS [   0.010s] (4107/4367) stylex_structures stylex_env::tests::env_entry_as_function_returns_some_for_function
        PASS [   0.010s] (4108/4367) stylex_structures stylex_env::tests::env_entry_is_function_true
        PASS [   0.010s] (4109/4367) stylex_structures stylex_env::tests::js_function_call_works
        PASS [   0.010s] (4110/4367) stylex_structures stylex_env::tests::js_function_debug_format
        PASS [   0.012s] (4111/4367) stylex_structures stylex_env::tests::env_entry_is_function_false
        PASS [   0.010s] (4112/4367) stylex_structures stylex_options::stylex_options_builders_test::from_params_handles_regular_runtime_and_custom_sx_name
        PASS [   0.012s] (4113/4367) stylex_structures stylex_options::stylex_options_builders_test::from_params_handles_disabled_sx_prop_name
        PASS [   0.012s] (4114/4367) stylex_structures stylex_options::stylex_options_builders_test::from_params_keeps_named_runtime_injection
        PASS [   0.012s] (4115/4367) stylex_structures stylex_options::stylex_options_builders_test::module_resolution_helper_builders_have_expected_type
        PASS [   0.011s] (4116/4367) stylex_structures stylex_options::stylex_options_builders_test::stylex_options_deref_mut_exposes_core_fields
        PASS [   0.012s] (4117/4367) stylex_structures stylex_options::stylex_options_builders_test::stylex_options_builders_update_supported_fields
        PASS [   0.011s] (4118/4367) stylex_structures stylex_options::tests::check_module_resolution_accessors_return_variant_values
        PASS [   0.011s] (4119/4367) stylex_structures stylex_options::tests::from_stylex_options_params_runtime_injection_named
        PASS [   0.011s] (4120/4367) stylex_structures stylex_options::tests::from_stylex_options_params_haste_resolution
        PASS [   0.012s] (4121/4367) stylex_structures stylex_options::tests::from_stylex_options_params_cross_file_parsing_resolution
        PASS [   0.012s] (4122/4367) stylex_structures stylex_options::tests::from_stylex_options_params_defaults
        PASS [   0.011s] (4123/4367) stylex_structures stylex_options::tests::from_stylex_options_params_runtime_injection_true
        PASS [   0.013s] (4124/4367) stylex_structures stylex_options::tests::get_common_js_module_resolution
        PASS [   0.010s] (4125/4367) stylex_structures stylex_options::tests::stylex_options_default_key_fields
        PASS [   0.009s] (4126/4367) stylex_structures stylex_options::tests::stylex_options_deref_mut_updates_core
        PASS [   0.012s] (4127/4367) stylex_structures stylex_options::tests::get_haste_module_resolution
        PASS [   0.010s] (4128/4367) stylex_structures stylex_state_options::tests::check_module_resolution_default_is_commonjs
        PASS [   0.011s] (4129/4367) stylex_structures stylex_state_options::stylex_state_options_builders_test::stylex_state_options_builders_update_all_supported_fields
        PASS [   0.012s] (4130/4367) stylex_structures stylex_options::tests::stylex_options_params_default_key_fields
        PASS [   0.014s] (4131/4367) stylex_structures stylex_state_options::stylex_state_options_builders_test::stylex_state_options_deref_mut_exposes_core_fields
        PASS [   0.010s] (4132/4367) stylex_structures stylex_state_options::tests::from_stylex_options_preserves_fields
        PASS [   0.014s] (4133/4367) stylex_structures stylex_state_options::tests::from_stylex_options_boolean_true_injection
        PASS [   0.011s] (4134/4367) stylex_structures stylex_state_options::tests::stylex_state_options_default
        PASS [   0.015s] (4135/4367) stylex_structures stylex_state_options::tests::from_stylex_options_boolean_false_injection
        PASS [   0.012s] (4136/4367) stylex_structures stylex_state_options::tests::from_stylex_options_named_injection
        PASS [   0.012s] (4137/4367) stylex_structures stylex_state_options::tests::from_stylex_options_regular_injection
        PASS [   0.012s] (4138/4367) stylex_structures uid_generator::tests::test_clear_global
        PASS [   0.012s] (4139/4367) stylex_structures uid_generator::tests::test_clear_local
        PASS [   0.010s] (4140/4367) stylex_structures uid_generator::tests::test_clear_thread_unique
        PASS [   0.010s] (4141/4367) stylex_structures uid_generator::tests::test_get_global_counter_or_panic_panics_when_missing
        PASS [   0.011s] (4142/4367) stylex_structures uid_generator::tests::test_generate_ident_returns_valid_ident
        PASS [   0.012s] (4143/4367) stylex_structures uid_generator::tests::test_clear_thread_local
        PASS [   0.013s] (4144/4367) stylex_structures uid_generator::tests::test_global_counter_consistency
        PASS [   0.013s] (4145/4367) stylex_structures uid_generator::tests::test_local_counter_isolation
        PASS [   0.010s] (4146/4367) stylex_structures uid_generator::tests::test_get_global_counter_or_panic_returns_existing_counter
        PASS [   0.022s] (4147/4367) stylex_structures stylex_state_options::tests::stylex_state_options_deref_mut_updates_core
        PASS [   0.013s] (4148/4367) stylex_structures uid_generator::tests::test_thread_local_counter
        PASS [   0.014s] (4149/4367) stylex_structures uid_generator::tests::test_parallel_thread_local_isolation
        PASS [   0.011s] (4150/4367) stylex_styleq styleq::tests::cache_lock_recovers_from_poisoned_rwlock
        PASS [   0.012s] (4151/4367) stylex_structures uid_generator::tests::test_thread_unique_identifiers
        PASS [   0.011s] (4152/4367) stylex_structures::stylex_options_deref_mut_test stylex_options_supports_deref_mut_to_core
        PASS [   0.012s] (4153/4367) stylex_styleq styleq::tests::cache_types_are_send_and_sync
        PASS [   0.013s] (4154/4367) stylex_styleq styleq::tests::cache_write_recovers_from_poisoned_rwlock
        PASS [   0.012s] (4155/4367) stylex_styleq styleq::tests::poison_warning_latches_after_first_recovery
        PASS [   0.012s] (4156/4367) stylex_styleq::styleq_test combines_different_class_names
        PASS [   0.012s] (4157/4367) stylex_styleq::styleq_test combines_different_class_names_in_order
        PASS [   0.012s] (4158/4367) stylex_styleq::styleq_test dedupes_class_names_and_inline_styles
        PASS [   0.011s] (4159/4367) stylex_styleq::styleq_test dedupes_class_names_in_complex_merges
        PASS [   0.012s] (4160/4367) stylex_styleq::styleq_test custom_argument_covers_skip_nested_inline_and_disable_mix_paths
        PASS [   0.011s] (4161/4367) stylex_styleq::styleq_test dedupes_class_names_with_null_value
        PASS [   0.013s] (4162/4367) stylex_styleq::styleq_test dedupes_class_names_for_same_key
        PASS [   0.014s] (4163/4367) stylex_styleq::styleq_test dedupes_inline_styles
        PASS [   0.013s] (4164/4367) stylex_styleq::styleq_test dedupes_repeated_class_name_chunks_when_option_is_enabled
        PASS [   0.014s] (4165/4367) stylex_styleq::styleq_test disable_mix_dedupes_inline_styles
        PASS [   0.013s] (4166/4367) stylex_styleq::styleq_test disable_mix_preserves_order_of_stringified_inline_style
        PASS [   0.014s] (4167/4367) stylex_styleq::styleq_test disable_mix_does_not_dedupe_class_names_and_inline_styles
        PASS [   0.012s] (4168/4367) stylex_styleq::styleq_test keeps_distinct_class_name_chunks_when_chunk_deduping_is_enabled
        PASS [   0.013s] (4169/4367) stylex_styleq::styleq_test ignores_identity_cache_key_when_transform_is_configured
        PASS [   0.017s] (4170/4367) stylex_styleq::styleq_test memoizes_transform_results
        PASS [   0.015s] (4171/4367) stylex_styleq::styleq_test preserves_order_of_stringified_inline_style
        PASS [   0.011s] (4172/4367) stylex_styleq::styleq_test styleq_argument_default_methods_are_noops
        PASS [   0.012s] (4173/4367) stylex_styleq::styleq_test styleq_default_public_types_are_send_and_sync
        PASS [   0.015s] (4174/4367) stylex_styleq::styleq_test style_value_trait_methods_cover_all_value_kinds
        PASS [   0.011s] (4175/4367) stylex_styleq::styleq_test styleq_options_default_matches_runtime_defaults
        PASS [   0.012s] (4176/4367) stylex_styleq::styleq_test styleq_input_trait_methods_cover_all_variants
        PASS [   0.024s] (4177/4367) stylex_styleq::styleq_test ignores_custom_argument_that_is_neither_style_nested_nor_skip
        PASS [   0.015s] (4178/4367) stylex_styleq::styleq_test supports_generating_debug_strings
        PASS [   0.015s] (4179/4367) stylex_styleq::styleq_test supports_style_transforms
        PASS [   0.018s] (4180/4367) stylex_styleq::styleq_test uses_identity_cache_key_when_argument_provides_stable_identity
        PASS [   0.016s] (4181/4367) stylex_styleq::styleq_test warns_if_compiled_marker_is_not_true_or_debug_string
        PASS [   0.015s] (4182/4367) stylex_types enums::data_structures::tests::injectable_style_test::test_from_regular_kind
        PASS [   0.017s] (4183/4367) stylex_styleq::styleq_test warns_if_extracted_property_values_are_not_strings_or_null
        PASS [   0.016s] (4184/4367) stylex_types enums::data_structures::tests::injectable_style_test::rule_text_does_not_depend_on_the_kind
        PASS [   0.017s] (4185/4367) stylex_types enums::data_structures::tests::injectable_style_test::rule_text_prefers_ltr_and_falls_back_to_rtl
        PASS [   0.016s] (4186/4367) stylex_types enums::data_structures::tests::injectable_style_test::test_from_const_kind
        PASS [   0.014s] (4187/4367) stylex_types structures::tests::injectable_style_test::test_default_injectable_const_style
        PASS [   0.013s] (4188/4367) stylex_types structures::tests::injectable_style_test::test_default_injectable_style
        PASS [   0.016s] (4189/4367) stylex_types structures::tests::injectable_style_test::test_from_injectable_const_style_to_base
        PASS [   0.012s] (4190/4367) stylex_types structures::tests::injectable_style_test::test_regular_factory
        PASS [   0.012s] (4191/4367) stylex_types structures::tests::injectable_style_test::test_with_rtl_factory
        PASS [   0.013s] (4192/4367) stylex_types structures::tests::injectable_style_test::test_from_injectable_style_to_base
        PASS [   0.012s] (4193/4367) stylex_types structures::tests::meta_data_serialization_test::serialize_priority_as_float_when_fractional
        PASS [   0.014s] (4194/4367) stylex_types structures::tests::meta_data_serialization_test::serialize_priority_as_integer_when_whole_number
        PASS [   0.010s] (4195/4367) stylex_types structures::tests::meta_data_test::test_new_with_regular_style
        PASS [   0.013s] (4196/4367) stylex_types structures::tests::meta_data_test::test_new_with_const_style
        PASS [   0.018s] (4197/4367) stylex_types structures::tests::meta_data_test::test_get_style_returns_ref
        PASS [   0.018s] (4198/4367) stylex_types structures::tests::meta_data_test::test_convert_from_injected_styles_map
        PASS [   0.011s] (4199/4367) stylex_types structures::tests::meta_data_test::test_new_with_regular_style_without_priority_defaults_to_zero
        PASS [   0.011s] (4200/4367) stylex_types structures::tests::style_key_test::class_name_round_trips_through_json
        PASS [   0.011s] (4201/4367) stylex_types structures::tests::style_key_test::class_name_string_accessors_return_inner_value
        PASS [   0.012s] (4202/4367) stylex_types structures::tests::style_key_test::rule_key_string_accessors_return_inner_value
        PASS [   0.013s] (4203/4367) stylex_types structures::tests::style_key_test::rule_key_supports_str_lookup_without_temporary_key
        PASS [   0.011s] (4204/4367) stylex_types tests::traits_test::an_empty_prefix_is_reported_as_present
        PASS [   0.011s] (4205/4367) stylex_types tests::traits_test::options_are_not_a_marker_and_expose_only_their_prefix
        PASS [   0.012s] (4206/4367) stylex_types tests::traits_test::is_proxy_agrees_with_as_proxy_string
        PASS [   0.012s] (4207/4367) stylex_utils collection::tests::find_and_swap_remove_tests::handles_single_element
        PASS [   0.013s] (4208/4367) stylex_utils collection::tests::find_and_swap_remove_tests::handles_empty_vec
        PASS [   0.012s] (4209/4367) stylex_utils collection::tests::find_and_swap_remove_tests::removes_matching_element
        PASS [   0.015s] (4210/4367) stylex_utils collection::tests::find_and_swap_remove_tests::removes_first_match_only
        PASS [   0.010s] (4211/4367) stylex_utils collection::tests::get_hash_map_difference_tests::returns_empty_for_identical_maps
        PASS [   0.012s] (4212/4367) stylex_utils collection::tests::find_and_swap_remove_tests::returns_none_when_not_found
        PASS [   0.012s] (4213/4367) stylex_utils collection::tests::get_hash_map_difference_tests::handles_empty_maps
        PASS [   0.012s] (4214/4367) stylex_utils collection::tests::get_hash_map_difference_tests::returns_entries_only_in_second
        PASS [   0.013s] (4215/4367) stylex_utils collection::tests::get_hash_map_difference_tests::returns_entries_with_different_values
        PASS [   0.015s] (4216/4367) stylex_utils collection::tests::get_hash_map_difference_tests::returns_entries_only_in_first
        PASS [   0.012s] (4217/4367) stylex_utils collection::tests::get_hash_map_value_difference_tests::keeps_entries_only_in_first
        PASS [   0.013s] (4218/4367) stylex_utils collection::tests::get_hash_map_value_difference_tests::ignores_entries_only_in_second
        PASS [   0.009s] (4219/4367) stylex_utils collection::tests::sum_hash_map_values_tests::keeps_non_overlapping_keys
        PASS [   0.010s] (4220/4367) stylex_utils collection::tests::sum_hash_map_values_tests::handles_empty_maps
        PASS [   0.012s] (4221/4367) stylex_utils collection::tests::get_hash_map_value_difference_tests::skips_equal_values
        PASS [   0.013s] (4222/4367) stylex_utils collection::tests::sum_hash_map_values_tests::sums_overlapping_keys
        PASS [   0.011s] (4223/4367) stylex_utils hash::tests::create_hash_tests::ascii_fast_path_agrees_with_the_utf16_path
        PASS [   0.011s] (4224/4367) stylex_utils hash::tests::create_hash_tests::create_key_hash_matches_joined_key_hash
        PASS [   0.017s] (4225/4367) stylex_utils collection::tests::get_hash_map_value_difference_tests::returns_difference_for_changed_values
        PASS [   0.014s] (4226/4367) stylex_utils hash::tests::create_hash_tests::handles_empty_string
        PASS [   0.017s] (4227/4367) stylex_utils hash::tests::create_hash_tests::different_inputs_produce_different_hashes
        PASS [   0.014s] (4228/4367) stylex_utils hash::tests::create_hash_tests::handles_long_input
        PASS [   0.014s] (4229/4367) stylex_utils hash::tests::create_hash_tests::matches_upstream_hash_for_ascii
        PASS [   0.011s] (4230/4367) stylex_utils hash::tests::create_hash_tests::matches_upstream_hash_for_non_ascii
        PASS [   0.015s] (4231/4367) stylex_utils hash::tests::create_hash_tests::matches_radix_fmt_base36_output
        PASS [   0.011s] (4232/4367) stylex_utils hash::tests::create_hash_tests::returns_consistent_hash
        PASS [   0.020s] (4233/4367) stylex_utils hash::tests::create_hash_tests::handles_unicode_input
        PASS [   0.014s] (4234/4367) stylex_utils hash::tests::create_hash_tests::returns_non_empty_string
        PASS [   0.011s] (4235/4367) stylex_utils hash::tests::create_short_hash_tests::different_inputs_produce_different_hashes
        PASS [   0.011s] (4236/4367) stylex_utils hash::tests::create_short_hash_tests::matches_upstream_empty_short_hash_when_value_is_a_multiple_of_62_pow_5
        PASS [   0.021s] (4237/4367) stylex_utils hash::tests::create_hash_tests::matches_upstream_hash_when_value_is_zero
        PASS [   0.009s] (4238/4367) stylex_utils hash::tests::hash_f64_tests::different_values_produce_different_hashes
        PASS [   0.014s] (4239/4367) stylex_utils hash::tests::create_short_hash_tests::matches_upstream_short_hash
        PASS [   0.011s] (4240/4367) stylex_utils hash::tests::create_short_hash_tests::returns_non_empty_string
        PASS [   0.012s] (4241/4367) stylex_utils hash::tests::create_short_hash_tests::produces_short_output
        PASS [   0.012s] (4242/4367) stylex_utils hash::tests::create_short_hash_tests::returns_consistent_hash
        PASS [   0.013s] (4243/4367) stylex_utils hash::tests::hash_f64_tests::handles_special_values
        PASS [   0.013s] (4244/4367) stylex_utils hash::tests::hash_f64_tests::returns_consistent_hash_for_same_value
        PASS [   0.010s] (4245/4367) stylex_utils hash::tests::hash_f64_tests::zero_and_neg_zero_differ
        PASS [   0.015s] (4246/4367) stylex_utils hash::tests::key_cost_scaling_tests::one_key_costs_the_whole_remaining_subtree
        PASS [   0.012s] (4247/4367) stylex_utils hash::tests::key_edge_case_tests::a_literal_the_parser_wrote_and_one_the_compiler_built_are_different_keys
        PASS [   0.014s] (4248/4367) stylex_utils hash::tests::key_edge_case_tests::a_deep_expression_hashes_the_whole_depth_without_running_out_of_stack
        PASS [   0.014s] (4249/4367) stylex_utils hash::tests::key_cost_scaling_tests::two_copies_of_one_subtree_cost_twice
        PASS [   0.014s] (4250/4367) stylex_utils hash::tests::key_edge_case_tests::a_precomposed_and_a_decomposed_spelling_are_different_keys
        PASS [   0.011s] (4251/4367) stylex_utils hash::tests::key_edge_case_tests::a_span_is_never_part_of_the_key
        PASS [   0.018s] (4252/4367) stylex_utils hash::tests::key_edge_case_tests::a_non_ascii_source_hashes_the_same_wherever_it_is_written
        PASS [   0.019s] (4253/4367) stylex_utils hash::tests::key_cost_scaling_tests::the_fold_pays_for_that_key_once_per_level
        PASS [   0.013s] (4254/4367) stylex_utils hash::tests::key_edge_case_tests::a_shape_with_no_in_place_hashing_still_answers
        PASS [   0.012s] (4255/4367) stylex_utils hash::tests::key_edge_case_tests::a_syntax_context_is_part_of_the_key
        PASS [   0.012s] (4256/4367) stylex_utils hash::tests::key_edge_case_tests::the_collection_boundary_selects_the_arm_and_nothing_else
        PASS [   0.014s] (4257/4367) stylex_utils hash::tests::key_edge_case_tests::an_over_limit_collection_nested_pays_the_fallback_at_every_level
        PASS [   0.013s] (4258/4367) stylex_utils hash::tests::stable_hash_tests::different_values_produce_different_hashes
        PASS [   0.010s] (4259/4367) stylex_utils hash::tests::stable_hash_tests::unspanned_expr_hash_ignores_nested_spans
        PASS [   0.013s] (4260/4367) stylex_utils hash::tests::stable_hash_tests::returns_consistent_hash_for_same_value
        PASS [   0.010s] (4261/4367) stylex_utils hash::tests::stable_hash_tests::works_with_strings
        PASS [   0.011s] (4262/4367) stylex_utils hash::tests::stable_hash_tests::works_with_tuples
        PASS [   0.010s] (4263/4367) stylex_utils hash::tests::unspanned_fast_path_tests::base36_handles_zero_directly
        PASS [   0.012s] (4264/4367) stylex_utils hash::tests::stable_hash_tests::unspanned_expr_hash_preserves_structure
        PASS [   0.014s] (4265/4367) stylex_utils hash::tests::unspanned_fast_path_tests::unspanned_call_hash_matches_whole_expr_and_ignores_spans
        PASS [   0.016s] (4266/4367) stylex_utils hash::tests::unspanned_fast_path_tests::unspanned_call_hash_fallback_matches_whole_expr
        PASS [   0.011s] (4267/4367) stylex_utils hash::tests::unspanned_fast_path_tests::unspanned_member_hash_fallback_matches_whole_expr
        PASS [   0.014s] (4268/4367) stylex_utils hash::tests::unspanned_fast_path_tests::unspanned_hash_falls_back_for_unsupported_shapes_without_changing_result
        PASS [   0.012s] (4269/4367) stylex_utils hash::tests::unspanned_fast_path_tests::unspanned_member_hash_matches_whole_expr
        PASS [   0.014s] (4270/4367) stylex_utils hash::tests::unspanned_fast_path_tests::unspanned_hash_fast_path_covers_supported_expression_shapes
        PASS [   0.012s] (4271/4367) stylex_utils hash::tests::wide_hasher_tests::the_wide_hash_is_deterministic_across_hashers
        PASS [   0.017s] (4272/4367) stylex_utils hash::tests::wide_hasher_tests::a_wide_hash_uses_the_whole_width
        PASS [   0.017s] (4273/4367) stylex_utils hash::tests::wide_hasher_tests::finish_is_a_different_number_from_either_half_of_the_wide_one
        PASS [   0.011s] (4274/4367) stylex_utils math::tests::round_f64_tests::preserves_exact_values_four_decimals
        PASS [   0.014s] (4275/4367) stylex_utils math::tests::js_math_round_tests::negative_half_step_matches_js_at_four_decimal_places
        PASS [   0.014s] (4276/4367) stylex_utils math::tests::js_math_round_tests::breaks_ties_towards_positive_infinity
        PASS [   0.012s] (4277/4367) stylex_utils math::tests::round_f64_tests::rounds_negative
        PASS [   0.013s] (4278/4367) stylex_utils math::tests::js_math_round_tests::rounds_nearest_when_not_a_tie
        PASS [   0.010s] (4279/4367) stylex_utils math::tests::round_f64_tests::rounds_negative_values
        PASS [   0.043s] (4280/4367) stylex_utils hash::tests::key_edge_case_tests::width_costs_linearly_and_takes_the_arm_once
        PASS [   0.010s] (4281/4367) stylex_utils math::tests::round_f64_tests::rounds_small_fractions
        PASS [   0.015s] (4282/4367) stylex_utils math::tests::round_f64_tests::rounds_large_values
        PASS [   0.018s] (4283/4367) stylex_utils math::tests::js_math_round_tests::rounds_down_just_below_a_tie
        PASS [   0.010s] (4284/4367) stylex_utils math::tests::round_f64_tests::rounds_to_one_decimal
        PASS [   0.012s] (4285/4367) stylex_utils math::tests::round_f64_tests::rounds_to_four_decimals
        PASS [   0.011s] (4286/4367) stylex_utils math::tests::round_f64_tests::rounds_to_zero_decimals
        PASS [   0.012s] (4287/4367) stylex_utils math::tests::round_f64_tests::rounds_very_small_values
        PASS [   0.010s] (4288/4367) stylex_utils number::tests::should_ignore_any_suffix_that_cannot_continue_the_number
        PASS [   0.011s] (4289/4367) stylex_utils number::tests::renders_non_finite_values
        PASS [   0.014s] (4290/4367) stylex_utils math::tests::round_f64_tests::rounds_to_two_decimals
        PASS [   0.012s] (4291/4367) stylex_utils math::tests::round_f64_tests::rounds_zero
        PASS [   0.013s] (4292/4367) stylex_utils number::tests::matches_js_string_number
        PASS [   0.014s] (4293/4367) stylex_utils number::tests::should_lose_the_sign_of_negative_zero_exactly_as_js_does
        PASS [   0.010s] (4294/4367) stylex_utils number::tests::should_match_js_parse_float_on_every_generated_case
        PASS [   0.011s] (4295/4367) stylex_utils number::tests::should_reject_input_that_spells_no_number
        PASS [   0.013s] (4296/4367) stylex_utils number::tests::should_never_panic_on_any_slice_of_adversarial_input
        PASS [   0.011s] (4297/4367) stylex_utils number::tests::should_report_failure_rather_than_a_sentinel_value
        PASS [   0.011s] (4298/4367) stylex_utils number::tests::should_round_trip_every_value_to_js_string_can_spell
        PASS [   0.012s] (4299/4367) stylex_utils number::tests::should_saturate_rather_than_fail_at_the_magnitude_limits
        PASS [   0.012s] (4300/4367) stylex_utils number::tests::write_js_number_list_joins_with_a_comma_and_a_space
        PASS [   0.011s] (4301/4367) stylex_utils number::tests::write_js_number_list_of_nothing_writes_nothing
        PASS [   0.010s] (4302/4367) stylex_utils number::tests::write_js_number_list_writes_no_separator_before_the_first_member
        PASS [   0.013s] (4303/4367) stylex_utils number::tests::write_js_number_list_propagates_a_writer_failure
        PASS [   0.011s] (4304/4367) stylex_utils number::tests::write_js_number_propagates_a_writer_failure_at_every_position
        PASS [   0.011s] (4305/4367) stylex_utils string::tests::dashify_tests::converts_multiple_uppercase_letters
        PASS [   0.011s] (4306/4367) stylex_utils string::tests::dashify_tests::converts_simple_camel_case
        PASS [   0.013s] (4307/4367) stylex_utils string::tests::dashify_tests::a_digit_before_an_uppercase_letter_takes_no_hyphen
        PASS [   0.011s] (4308/4367) stylex_utils string::tests::dashify_tests::handles_already_lowercase
        PASS [   0.010s] (4309/4367) stylex_utils string::tests::dashify_tests::handles_single_char
        PASS [   0.012s] (4310/4367) stylex_utils string::tests::dashify_tests::handles_consecutive_uppercase
        PASS [   0.011s] (4311/4367) stylex_utils string::tests::dashify_tests::handles_empty_string
        PASS [   0.013s] (4312/4367) stylex_utils string::tests::dashify_tests::handles_single_uppercase
        PASS [   0.011s] (4313/4367) stylex_utils string::tests::dashify_tests::handles_vendor_prefix_moz
        PASS [   0.011s] (4314/4367) stylex_utils string::tests::dashify_tests::handles_vendor_prefix_ms
        PASS [   0.011s] (4315/4367) stylex_utils string::tests::dashify_tests::handles_vendor_prefix_webkit
        PASS [   0.011s] (4316/4367) stylex_utils string::tests::dashify_tests::lowercases_a_trailing_sigma_to_its_final_form
        PASS [   0.010s] (4317/4367) stylex_utils string::tests::dashify_tests::preserves_all_lowercase
        PASS [   0.012s] (4318/4367) stylex_utils string::tests::dashify_tests::lowercases_non_ascii_without_hyphenating
        PASS [   0.012s] (4319/4367) stylex_utils string::tests::dashify_tests::only_the_first_of_a_run_of_uppercase_takes_a_hyphen
        PASS [   0.011s] (4320/4367) stylex_utils string::tests::is_blank_css_text_tests::c0_controls_that_are_not_unicode_whitespace_are_blank
        PASS [   0.012s] (4321/4367) stylex_utils string::tests::is_blank_css_text_tests::keeps_text_that_spells_a_value
        PASS [   0.012s] (4322/4367) stylex_utils string::tests::is_blank_css_text_tests::recognises_text_that_spells_nothing
        PASS [   0.012s] (4323/4367) stylex_utils string::tests::is_blank_css_text_tests::unicode_whitespace_is_a_value
        PASS [   0.011s] (4324/4367) stylex_utils string::tests::json_stringify_tests::escapes_a_backslash
        PASS [   0.012s] (4325/4367) stylex_utils string::tests::json_stringify_tests::escapes_a_backslash_followed_by_a_quote_separately
        PASS [   0.012s] (4326/4367) stylex_utils string::tests::json_stringify_tests::escapes_an_embedded_double_quote
        PASS [   0.012s] (4327/4367) stylex_utils string::tests::json_stringify_tests::escapes_remaining_c0_controls_as_lowercase_four_digit_hex
        PASS [   0.010s] (4328/4367) stylex_utils string::tests::json_stringify_tests::quotes_the_empty_string
        PASS [   0.011s] (4329/4367) stylex_utils string::tests::json_stringify_tests::uses_the_single_letter_escapes
        PASS [   0.011s] (4330/4367) stylex_utils string::tests::json_stringify_tests::wraps_a_plain_string_in_double_quotes
        PASS [   0.013s] (4331/4367) stylex_utils string::tests::json_stringify_tests::handles_a_long_value_of_only_escapes
        PASS [   0.010s] (4332/4367) stylex_utils string::tests::json_stringify_tests::writes_del_and_the_line_separators_through_raw
        PASS [   0.010s] (4333/4367) stylex_utils string::tests::json_stringify_tests::writes_non_ascii_through_unescaped
        PASS [   0.014s] (4334/4367) stylex_utils string::tests::json_stringify_tests::writes_the_space_through_unescaped
        PASS [   0.011s] (4335/4367) stylex_utils string::tests::remove_quotes_tests::handles_only_quotes
        PASS [   0.010s] (4336/4367) stylex_utils string::tests::remove_quotes_tests::removes_only_surrounding_quotes
        PASS [   0.011s] (4337/4367) stylex_utils string::tests::remove_quotes_tests::no_quotes_returns_as_is
        PASS [   0.011s] (4338/4367) stylex_utils string::tests::remove_quotes_tests::removes_surrounding_double_quotes
        PASS [   0.012s] (4339/4367) stylex_utils string::tests::remove_quotes_tests::handles_empty_string
        PASS [   0.011s] (4340/4367) stylex_utils string::tests::utf16_length_tests::counts_ascii_characters
        PASS [   0.011s] (4341/4367) stylex_utils string::tests::utf16_length_tests::counts_an_astral_scalar_as_two_code_units
        PASS [   0.011s] (4342/4367) stylex_utils string::tests::utf16_length_tests::counts_control_characters
        PASS [   0.013s] (4343/4367) stylex_utils string::tests::utf16_length_tests::counts_code_units_rather_than_bytes_or_scalars
        PASS [   0.011s] (4344/4367) stylex_utils string::tests::utf16_length_tests::counts_one_past_the_last_readable_index
        PASS [   0.011s] (4345/4367) stylex_utils string::tests::wrap_key_in_quotes_tests::no_wrap_when_flag_is_false
        PASS [   0.010s] (4346/4367) stylex_utils string::tests::wrap_key_in_quotes_tests::wraps_when_flag_is_true
        PASS [   0.012s] (4347/4367) stylex_utils string::tests::utf16_length_tests::does_not_normalize_a_combining_sequence
        PASS [   0.012s] (4348/4367) stylex_utils string::tests::utf16_length_tests::the_ascii_shortcut_answers_what_the_encoder_answers
        PASS [   0.011s] (4349/4367) stylex_utils string::tests::wrap_key_in_quotes_tests::wraps_empty_string
        PASS [   0.011s] (4350/4367) stylex_utils swc::tests::node_kind::describes_the_node_and_not_its_value
        PASS [   0.011s] (4351/4367) stylex_utils swc::tests::node_kind::is_a_static_label
        PASS [   0.010s] (4352/4367) stylex_utils swc::tests::node_kind::names_an_optional_chain_by_its_base
        PASS [   0.013s] (4353/4367) stylex_utils swc::tests::node_kind::names_a_node_that_failed_to_parse
        PASS [   0.010s] (4354/4367) stylex_utils swc::tests::node_kind::names_both_const_assertion_spellings_after_the_as_form
        PASS [   0.011s] (4355/4367) stylex_utils swc::tests::node_kind::names_every_typescript_kind
        PASS [   0.011s] (4356/4367) stylex_utils swc::tests::node_kind::names_every_kind_reachable_from_source
        PASS [   0.011s] (4357/4367) stylex_utils swc::tests::node_kind::names_only_the_outermost_node_of_deep_syntax
        PASS [   0.010s] (4358/4367) stylex_utils swc::tests::node_kind::names_the_kinds_that_only_appear_nested
        PASS [   0.012s] (4359/4367) stylex_utils swc::tests::node_kind::names_unicode_and_escaped_syntax
        PASS [   0.011s] (4360/4367) stylex_utils swc::tests::node_kind::separates_a_logical_operator_from_an_arithmetic_one
        PASS [   0.010s] (4361/4367) stylex_utils swc::tests::stmt_kind::every_name_is_an_estree_kind
        PASS [   0.010s] (4362/4367) stylex_utils swc::tests::stmt_kind::names_a_using_declaration_after_the_variable_form
        PASS [   0.011s] (4363/4367) stylex_utils swc::tests::stmt_kind::is_a_static_label
        PASS [   0.010s] (4364/4367) stylex_utils swc::tests::stmt_kind::names_every_kind_reachable_from_source
        PASS [   0.009s] (4365/4367) stylex_utils swc::tests::stmt_kind::names_every_typescript_declaration
        PASS [   0.009s] (4366/4367) stylex_utils swc::tests::stmt_kind::names_the_kinds_only_a_loop_or_a_function_body_can_hold
        PASS [   0.010s] (4367/4367) stylex_utils swc::tests::stmt_kind::names_only_the_outermost_statement_of_deep_syntax
────────────
     Summary [   5.956s] 4367 tests run: 4367 passed, 0 skipped

    Finished report saved to /var/folders/s8/hjz3p6rd3nq_8v1vscq3_mn40000gq/T//coverage-missing.z9yJN7

File                                                                      Regions  Functions      Lines
-------------------------------------------------------------------------------------------------------
crates/postcss-value-parser/src/lib.rs                                    100.00%    100.00%    100.00%
crates/postcss-value-parser/src/parse.rs                                  100.00%    100.00%    100.00%
crates/postcss-value-parser/src/stringify.rs                              100.00%    100.00%    100.00%
crates/postcss-value-parser/src/unit.rs                                   100.00%    100.00%    100.00%
crates/postcss-value-parser/src/walk.rs                                   100.00%    100.00%    100.00%
crates/stylex-ast/src/ast/convertors.rs                                   100.00%    100.00%    100.00%
crates/stylex-ast/src/ast/factories.rs                                    100.00%    100.00%    100.00%
crates/stylex-ast/src/ast/imports.rs                                        0.00%      0.00%      0.00%
crates/stylex-ast/src/ast/source_file.rs                                   80.49%    100.00%     82.76%
crates/stylex-atoms/src/transform.rs                                      100.00%    100.00%    100.00%
crates/stylex-constants/src/constants/common.rs                           100.00%    100.00%    100.00%
crates/stylex-constants/src/constants/evaluation_errors.rs                100.00%    100.00%    100.00%
crates/stylex-constants/src/constants/messages.rs                         100.00%    100.00%    100.00%
crates/stylex-constants/src/constants/time_units.rs                       100.00%    100.00%    100.00%
crates/stylex-css-parser/src/at_queries/media_query.rs                    100.00%    100.00%    100.00%
crates/stylex-css-parser/src/at_queries/media_query_transform.rs          100.00%    100.00%    100.00%
crates/stylex-css-parser/src/base_types.rs                                100.00%    100.00%    100.00%
crates/stylex-css-parser/src/css_types/alpha_value.rs                     100.00%    100.00%    100.00%
crates/stylex-css-parser/src/css_types/angle.rs                           100.00%    100.00%    100.00%
crates/stylex-css-parser/src/css_types/angle_percentage.rs                100.00%    100.00%    100.00%
crates/stylex-css-parser/src/css_types/basic_shape.rs                     100.00%    100.00%    100.00%
crates/stylex-css-parser/src/css_types/blend_mode.rs                      100.00%    100.00%    100.00%
crates/stylex-css-parser/src/css_types/calc.rs                            100.00%    100.00%    100.00%
crates/stylex-css-parser/src/css_types/calc_constant.rs                   100.00%    100.00%    100.00%
crates/stylex-css-parser/src/css_types/color.rs                           100.00%    100.00%    100.00%
crates/stylex-css-parser/src/css_types/common_types.rs                    100.00%    100.00%    100.00%
crates/stylex-css-parser/src/css_types/custom_ident.rs                    100.00%    100.00%    100.00%
crates/stylex-css-parser/src/css_types/dashed_ident.rs                    100.00%    100.00%    100.00%
crates/stylex-css-parser/src/css_types/dimension.rs                       100.00%    100.00%    100.00%
crates/stylex-css-parser/src/css_types/easing_function.rs                 100.00%    100.00%    100.00%
crates/stylex-css-parser/src/css_types/filter_function.rs                 100.00%    100.00%    100.00%
crates/stylex-css-parser/src/css_types/flex.rs                            100.00%    100.00%    100.00%
crates/stylex-css-parser/src/css_types/frequency.rs                       100.00%    100.00%    100.00%
crates/stylex-css-parser/src/css_types/length.rs                          100.00%    100.00%    100.00%
crates/stylex-css-parser/src/css_types/length_percentage.rs               100.00%    100.00%    100.00%
crates/stylex-css-parser/src/css_types/position.rs                        100.00%    100.00%    100.00%
crates/stylex-css-parser/src/css_types/resolution.rs                      100.00%    100.00%    100.00%
crates/stylex-css-parser/src/css_types/time.rs                            100.00%    100.00%    100.00%
crates/stylex-css-parser/src/css_types/transform_function.rs              100.00%    100.00%    100.00%
crates/stylex-css-parser/src/css_value.rs                                 100.00%    100.00%    100.00%
crates/stylex-css-parser/src/lib.rs                                       100.00%    100.00%    100.00%
crates/stylex-css-parser/src/properties/border_radius.rs                  100.00%    100.00%    100.00%
crates/stylex-css-parser/src/properties/box_shadow.rs                     100.00%    100.00%    100.00%
crates/stylex-css-parser/src/properties/transform.rs                      100.00%    100.00%    100.00%
crates/stylex-css-parser/src/token_parser.rs                              100.00%    100.00%    100.00%
crates/stylex-css-parser/src/token_types.rs                               100.00%    100.00%    100.00%
crates/stylex-css/src/css/common.rs                                       100.00%    100.00%    100.00%
crates/stylex-css/src/css/generate_ltr.rs                                 100.00%    100.00%    100.00%
crates/stylex-css/src/css/generate_rtl.rs                                 100.00%    100.00%    100.00%
crates/stylex-css/src/css/normalize_value.rs                              100.00%    100.00%    100.00%
crates/stylex-css/src/css/normalizers/convert_camel_case_values.rs        100.00%    100.00%    100.00%
crates/stylex-css/src/css/normalizers/detect_unclosed_fns.rs              100.00%    100.00%    100.00%
crates/stylex-css/src/css/normalizers/detect_unclosed_strings.rs          100.00%    100.00%    100.00%
crates/stylex-css/src/css/normalizers/dimensions.rs                       100.00%    100.00%    100.00%
crates/stylex-css/src/css/normalizers/font_size_px_to_rem.rs              100.00%    100.00%    100.00%
crates/stylex-css/src/css/normalizers/leading_zero.rs                     100.00%    100.00%    100.00%
crates/stylex-css/src/css/normalizers/mod.rs                              100.00%    100.00%    100.00%
crates/stylex-css/src/css/normalizers/quotes.rs                           100.00%    100.00%    100.00%
crates/stylex-css/src/css/normalizers/timings.rs                          100.00%    100.00%    100.00%
crates/stylex-css/src/css/normalizers/unprefixed_custom_properties.rs     100.00%    100.00%    100.00%
crates/stylex-css/src/css/normalizers/whitespace.rs                       100.00%    100.00%    100.00%
crates/stylex-css/src/css/normalizers/zero_dimensions.rs                  100.00%    100.00%    100.00%
crates/stylex-css/src/order/constants/application_order.rs                100.00%    100.00%    100.00%
crates/stylex-css/src/order/constants/legacy_expand_shorthands_order.rs    100.00%    100.00%    100.00%
crates/stylex-css/src/order/constants/property_specificity_order.rs       100.00%    100.00%    100.00%
crates/stylex-css/src/order/structures/application_order.rs               100.00%    100.00%    100.00%
crates/stylex-css/src/order/structures/legacy_expand_shorthands_order.rs    100.00%    100.00%    100.00%
crates/stylex-css/src/order/structures/property_specificity_order.rs      100.00%    100.00%    100.00%
crates/stylex-css/src/utils/condition.rs                                  100.00%    100.00%    100.00%
crates/stylex-css/src/utils/pre_rule.rs                                   100.00%    100.00%    100.00%
crates/stylex-css/src/utils/pseudo.rs                                     100.00%    100.00%    100.00%
crates/stylex-css/src/utils/vector.rs                                     100.00%    100.00%    100.00%
crates/stylex-css/src/utils/when.rs                                       100.00%    100.00%    100.00%
crates/stylex-css/src/values/common.rs                                    100.00%    100.00%    100.00%
crates/stylex-css/src/values/parser.rs                                    100.00%    100.00%    100.00%
crates/stylex-enums/src/css_syntax.rs                                     100.00%    100.00%    100.00%
crates/stylex-enums/src/theme_ref.rs                                      100.00%    100.00%    100.00%
crates/stylex-enums/src/value_with_default.rs                             100.00%    100.00%    100.00%
crates/stylex-evaluator/src/common.rs                                     100.00%    100.00%    100.00%
crates/stylex-evaluator/src/nested.rs                                     100.00%    100.00%    100.00%
crates/stylex-js/src/coercions.rs                                         100.00%    100.00%    100.00%
crates/stylex-js/src/helpers.rs                                           100.00%    100.00%    100.00%
crates/stylex-macros/src/panic_macros.rs                                  100.00%    100.00%    100.00%
crates/stylex-macros/src/stylex_error.rs                                  100.00%    100.00%    100.00%
crates/stylex-path-resolver/src/file_system/mod.rs                        100.00%    100.00%    100.00%
crates/stylex-path-resolver/src/package_json/mod.rs                       100.00%    100.00%    100.00%
crates/stylex-path-resolver/src/resolvers/mod.rs                          100.00%    100.00%    100.00%
crates/stylex-path-resolver/src/utils/mod.rs                              100.00%    100.00%    100.00%
crates/stylex-regex/src/regex.rs                                          100.00%    100.00%    100.00%
crates/stylex-structures/src/base_css_type.rs                             100.00%    100.00%    100.00%
crates/stylex-structures/src/ceiling.rs                                   100.00%    100.00%    100.00%
crates/stylex-structures/src/core_stylex_options.rs                       100.00%    100.00%    100.00%
crates/stylex-structures/src/evaluation_depth.rs                          100.00%    100.00%    100.00%
crates/stylex-structures/src/fold_ceilings.rs                             100.00%    100.00%    100.00%
crates/stylex-structures/src/named_import_source.rs                       100.00%    100.00%    100.00%
crates/stylex-structures/src/nested.rs                                    100.00%    100.00%    100.00%
crates/stylex-structures/src/order_pair.rs                                100.00%    100.00%    100.00%
crates/stylex-structures/src/pair.rs                                      100.00%    100.00%    100.00%
crates/stylex-structures/src/plugin_pass.rs                               100.00%    100.00%    100.00%
crates/stylex-structures/src/pre_rule_value.rs                              0.00%      0.00%      0.00%
crates/stylex-structures/src/raw_value.rs                                 100.00%    100.00%    100.00%
crates/stylex-structures/src/stylex_env.rs                                100.00%    100.00%    100.00%
crates/stylex-structures/src/stylex_options.rs                            100.00%    100.00%    100.00%
crates/stylex-structures/src/stylex_state_options.rs                      100.00%    100.00%    100.00%
crates/stylex-structures/src/uid_generator.rs                             100.00%    100.00%    100.00%
crates/stylex-styleq/src/styleq.rs                                        100.00%    100.00%    100.00%
crates/stylex-styleq/src/types.rs                                         100.00%    100.00%    100.00%
crates/stylex-types/src/enums/data_structures/injectable_style.rs         100.00%    100.00%    100.00%
crates/stylex-types/src/structures/injectable_style.rs                    100.00%    100.00%    100.00%
crates/stylex-types/src/structures/meta_data.rs                           100.00%    100.00%    100.00%
crates/stylex-types/src/structures/style_key.rs                           100.00%    100.00%    100.00%
crates/stylex-types/src/traits.rs                                         100.00%    100.00%    100.00%
crates/stylex-utils/src/collection.rs                                     100.00%    100.00%    100.00%
crates/stylex-utils/src/hash.rs                                           100.00%    100.00%    100.00%
crates/stylex-utils/src/math.rs                                           100.00%    100.00%    100.00%
crates/stylex-utils/src/number.rs                                         100.00%    100.00%    100.00%
crates/stylex-utils/src/string.rs                                         100.00%    100.00%    100.00%
crates/stylex-utils/src/swc.rs                                            100.00%    100.00%    100.00%
-------------------------------------------------------------------------------------------------------
TOTAL                                                                      99.89%     99.85%     99.89%

Uncovered regions (not executed by any test):

  crates/stylex-ast/src/ast/imports.rs
    line 9      cols 1-63
    line 10     cols 9-18
    line 11     cols 28-33
    line 11     cols 38-50
    line 12     cols 30-37
    line 12     cols 42-56
    line 13     cols 32-41
    line 13     cols 46-62
    line 15     cols 1-2

  crates/stylex-ast/src/ast/source_file.rs
    line 16     cols 17-30
    line 20     cols 17-30
    line 20     cols 37-49
    line 32     cols 15-28
    line 32     cols 35-47
    line 44     cols 17-30
    line 48     cols 17-30
    line 48     cols 37-49

  crates/stylex-structures/src/pre_rule_value.rs
    line 19     cols 3-50
    line 20     cols 5-55
    line 21     cols 3-4
    line 23     cols 3-36
    line 24     cols 5-48
    line 25     cols 3-4

Uncovered lines (compact):
  crates/stylex-ast/src/ast/imports.rs: 9, 10, 11, 12, 13, 15
  crates/stylex-ast/src/ast/source_file.rs: 16, 20, 32, 44, 48
  crates/stylex-structures/src/pre_rule_value.rs: 19, 20, 21, 23, 24, 25

23 uncovered region(s) across 3 file(s).
coverage exit=1
